,sentiment,content
0,1,howie d awww glad know little sweet leigh good thanks update howie
1,0,chelseapiersnyc tiny cc seem load thinking going batting cage apparently gotta book adv
2,0,listening to sweet talk cute aim considering taking gameboy color again miss chiptune
3,1,xlesseyx good cup cake
4,1,iamiadam he away longer me im away hour
5,1,happy mother day u milfs there
6,1,wearing exactly clothes used wear canada beanie or touque all ahh brings back memory miss snow
7,1,davechapman new baby exciting congrats advance
8,0,went cd store search cd
9,1,mileycyrus cool aww
10,1,typezero hehe until come back fb friend get twitter respite huh jk
11,1,rx nice submit failblog org
12,1,rainbowsuicide show show me
13,1,sanazypoo omg hahaha thought joking twittering that hahaha awesome good time
14,1,girlygirl well done happy ya
15,1,sun shining driving lesson
16,1,kiitzyy think hahah geez lady hour ago go bed lack sleep bad skin
17,0,ccnkaddict know fall right pm time like right middle day
18,1,reemski might get around it sure make flat html wordpress fun fun fun
19,1,play first game apple apple wish luck
20,1,feeling higher mt everest
21,1,lea ada franco working again woo hoo ala unable obtain elita daughter
22,0,cant sleeeeep amp miss long hairrr
23,1,welcome doeko really glad know here product rox man
24,1,yaayy cannot wait today girl gotta get dressed early going early
25,0,madly love row wishing money
26,0,plier blow face today mistake killed wrong breaker wire connected plier boom big chunk gone
27,0,underdog gonna say probably kill ya serve sentence living insurance cash now insured right lol
28,0,adriandanganan clay aiken get autograph
29,1,gfalcone haha cry xx
30,0,headache killing yet need cover boring police event
31,0,jmorgan getting another one there s alfie
32,0,xjakexchaosx playing st pete sold month im trying go orlando one live st pete lol
33,0,ankita gaba take shadez away day shadez twpp
34,1,queenkak oh thank thank you hoping video online
35,0,good mood mama s away si can t talk either boy can t see weekend planned
36,0,upset friday night cry
37,0,im tired responsabilities wish kid seems everyone around money anymore
38,1,yes today star war day may th you
39,0,working freakin computer trying save stuff harddrive seems failed miserably
40,0,suncito hi there got comp early last nite saw u feeling well hope u r better
41,0,can t fix it guess write get bored watch tv man lame
42,1,viviann s minee yummm
43,0,much day off foot place day
44,0,fieldnotes ordered th still arrived week still book
45,1,want info ecomonday check http tinyurl com cpve amp follow ecomonday like followfriday green amp monday
46,0,jus skinned knee wat hurt lyke hell tho always tha little one hurt tha most
47,1,birthday girl house tweet tweet suckas
48,1,jt nigerianboi thanks jt also enjoyed will r u following me ill follow u back
49,0,sigh last day work sadifying heartparts
50,1,two week extension contract ready done
51,0,miguellf want ot protect moleskineï¿½ notebook worldwide all
52,1,finally gone beach yeaaaah
53,1,going watch two david yey
54,0,mourning miss homesssssskooooler fair today
55,0,friday treating well far
56,0,ugh beat stupid song get next rude
57,1,raining
58,1,nlouisem thanks
59,1,guten morgen good morning
60,0,pristina hide berry like slave regularly today caught massa amp im def light enough juice pouring slave
61,1,fifth runner keg kirsten devonshire hannah darian fiona amp phillipa
62,1,davidarchie hey david wondering received letter song it malaysia please reply nice day
63,1,katiesol re entered brain orbit thanks watching ryan reynolds mugging away quot just friend quot recently
64,1,kyleandjackieo body tom novy voodoo child rogue trader good memory song
65,0,sandy b shes bad sort lot pain
66,1,oh man great nap still alittle tired pizza dinner
67,1,migrating sybase ase sparc sun solaris based solaris x based fun
68,1,omg supernatural good news week
69,1,followed great super mazembe one favorite around http blip fm jkbp
70,0,niqa miss too mojokins go there long enough comment weekend
71,1,listening mcr watching dvd s chocolate hehe awesome
72,0,dougiemcfly great show doug fun im sorry wont watch
73,1,enjoy laker game guy since work
74,0,realised able talk crazy cat sunday sad now
75,1,beer pong am jess
76,0,kaliie sorry lol about waitt think mum would still let bday stuff weekend
77,0,thenewbradie tv working wanna watch vhits
78,0,im contacting paw philippine find quot tiger quot new owner im sad love dog soo much
79,0,neeshababyyy guy retarded
80,0,stood curler burnt burnt hand picked up
81,1,watching video facebook make feel like biggest creep guess am also tweet woohoo
82,0,bigcitysomeone wish could go see ya warped sure tho
83,0,karleemay kelly horror movie obsessed esp campy s film troma wish work tomorrow
84,0,wow serious hard time sleeping decongestant keeping wide awake wanna sleep
85,1,always thinking look good place appericiate everyone support every site joined
86,0,realaudreykitch seriously kill bath now shower cubicle miss bubble bath
87,0,fml ughhhhhhhhh im going anwhere today sit bedroom share mother cry
88,1,good morning driving work
89,1,googledocs folder instead label like gmail kind like label
90,0,nursebettie meanest lil boy ever lil girl everyone loved
91,0,buzzup would want clone unboxed new quot imac last night beautiful bad mine
92,0,hello aint tweetin day cuz switch thing da new place exhausted sick
93,1,watching st potter film kid eating sweet grotty bank hol weather hoylake typical
94,1,howie d really happy u n leigh thnx sharing happiness u mean world u all love ya marta
95,1,wish would call hc
96,1,donnyeffrien good know pln s earthday happen neck wood
97,0,ugh delivery postponed shes baby til work
98,1,dtatusko thx do always make chatty night
99,0,cayogial wanted come bz summer sure anymore teacher s life summer suck
100,1,chilled day party tomorrow
101,0,family come probably weekend
102,1,sarahjpin good work i ve managed turn studio on envy productivity
103,0,knee surgery back home week
104,1,hey chelsee amiera lt ufc gt
105,0,sooooooooo funny move computer computer render draw come on revit autocad never bad
106,0,rainy day philly look like gonna movie night
107,1,diamond compï¿½tition yaayy tomorow diamond dance best still montrï¿½al
108,0,finsh work eleven even allowd cauz really dont want to lol
109,1,maxcarver hey im fan new zealand loving show even tho soooo behind episode haha keep good work
110,0,yelyahwilliams alright really wish guy could ve done show tennessee now can t go one show
111,0,sweet pea darn think journey like really
112,0,so woke time work boo
113,1,clyp thanks definitely will next season rainy come two month s time
114,0,mi corazonsito tiene frio weather suck
115,1,up coffee hand laminate floor lay footy watch play living dream
116,1,zsafwan much welcome
117,1,sipping oj sun san pedro la soberana again sunny smiley nita garlic tomato paste delicious yummy
118,0,really tired need morning bed good night all
119,0,sad http bit ly bjth love kelly lt
120,1,katoi awww happy birthday
121,1,macpowell awake happy
122,0,rosie day today goal leav house b mom get hmmm maybe rosie day rescheduled for wed
123,0,always feel last
124,0,can t sleep darn frustrating
125,0,saying goodbye papa
126,0,sosimplyme sitting girl urk nerve damm yo
127,1,congratulation manny quot pacman quot pacquiao made every filipino proud filipino
128,0,kateesslemont tried failed
129,1,sun shining brightly day begun what s store wandering around le calanques maybe vin definitely
130,1,jimmymarsh awesome job last night
131,0,home chocolate peanut butter stupid kid bus ruined yearbook
132,0,girl friend also dropped
133,1,roar fear me well thank much spending lot time behind pc focus determination
134,1,spring show super fun
135,1,boardopboy picture never happened
136,1,watching new season eleven dvd
137,1,jerwjr thank you working ddlovato s
138,0,practicing smile today it s gunna big
139,0,good start day left money home hot day looking free carparks
140,0,embossers expensive get one cheap trying save papersource order go tonight sry bank account
141,1,moneymakn thats actually fun would think hurting week similar experience
142,0,work very soon way soon
143,1,westendactress haha miine
144,0,denial moving van parked block away
145,0,denvy oh whoop bad
146,0,xkirstyxo basket case mine miss it going listen shit load
147,0,bird flew window parent house snapped poor neck gotta bury
148,0,ugh report monday
149,1,princess dj xmas week early hehe least last min shopping
150,1,vacant stained http twitpic com jhe love it awesome
151,1,dear journal sex earl tonight amazing thirty second life
152,1,johncmayer lol totally made laugh made day
153,1,http tinyurl com czgn wow wow hope get sort gut near future
154,0,loving weather weekend shame back work tomorrow
155,0,go uploading photo email would ten tenenen tenen done
156,1,firework kboom concert second best ever seen preceded last year s show lt sigh gt
157,0,rest peace adam amp glenn epps gone never forgotten week loud da air ya
158,0,bloomsday sorry hear that optimist thing get better u
159,1,ninjafanpire anytime can t match stamen nice warm comfy bed calling screaming name lol night ninja
160,0,sunny bored sad call text
161,1,lunaliu positive thinker sure keeping around
162,1,already back shopping nice monday roast
163,0,tellie jean think it get state probably still touring dammit
164,0,awake can t get back sleep
165,1,lizzs lockeroom maybe start really like team living year city cup awesome
166,1,omg folding laundry matched sock perfect pair good laundry folding day
167,1,watching groove movie mikecase hubby
168,0,risk sounding like whiny child gotta say i wanna go hoooooooooooomeeeee ugh
169,1,chatted old schoolmate awww miss highschool
170,1,clighty invite house instead
171,0,spare time seems twill spent homework weekend
172,1,lauradawg lol okay song catchy get stuck head
173,0,morning woken neighbour s kid screaming garden am benevolent mood warned
174,1,thaboyophicial good eatin hey follow son pzy
175,1,julieabel weirton julie way north tippy top lol think southern wv folk like u much
176,1,tarraxo sure btw yay wicked ticket that s awesome going
177,1,took math test today day test teacher say bring calculator luke confident teacher decided calcs
178,0,tymrichardson movie tym sad cry non stop
179,0,vagabonddandy bad
180,0,upset see carys donna go today miss hugely already yes ok like hour haaa waaaah
181,0,goodbye hurt
182,0,bronchitis prescription fun all miss two day row work
183,0,hot day making tired
184,0,stormyamorette one day loneliness creep slap face
185,1,jon amp kate kid attracted huge tv audience tabloid headline and now state labor investigation http tinyurl com lzt
186,1,myapplestuff oh cute uniteddogs com poppy
187,1,phone keep beeping me thanks alan speeeeeen
188,0,stomach hurt
189,1,finally going home long night ready crash awesome dream
190,1,roel thank good sir surprisingly good afternoon productive
191,1,mizzlianne that s sweet
192,0,veryyy upset cant go hacienda tonight stupid nugget game
193,0,flu swinish one flu
194,0,chrisdjmoyles justice left dj talent voted n
195,1,going tonight finally wanty lie park but cinema bound look
196,0,hot shower make everything better need sumbody tuck in ugh miss gramma
197,1,much fun tonight soo excited get home go sleep
198,0,getting ready leave girl scout metting don t feel like
199,1,still can t believe matt mccoy interview got view twitter truly is awesome
200,1,davidarchie shoping till drop david haha enjoy day
201,0,im joining twitter lol
202,1,chrissinicole guess thats lol
203,1,emjaystar haha thanks yep definately dream come true excited camera shaking taking photo
204,1,good morning people good old germany soooo cold
205,1,goofygeorge totally welcome come hang wiki it it
206,1,chynadollxo na friend why ask great physique lol
207,1,almost done first day spa i missed place headed fort collins close casa de kent
208,0,mongab want too ya l shoulve gone rm
209,1,audreythebaby gandang mac un ah sure market ma mahal pa sya sa macbook pro ang cool ng concept
210,0,changed hairstyle but good supposed be n think wealthed much money hate hairdresser
211,0,mtmodular pixy number give energy rush playing festival close june work go
212,1,benandskin ah gdit ranger game afternoon
213,1,amandalaur would awesome think hate expensive phone
214,0,apstylebook know need thing life constant
215,0,nataliejanette im jealous im going blogher
216,1,hey elliotcole thank much followfriday failed miserably get list together week
217,1,amber benson loved it continue delight u amber great job backing video adambusch kudos
218,0,making good time fucking chicago traffic photo http bkite com xoh
219,0,fuck ahaha hate life sometimes reply bad thing even bad kidding whatever fml
220,0,adamtheeditor heard disappointing disappointed even seen it waste c bale
221,1,geerlingguy http tinyurl com dlqop good one nice
222,1,joining twitter added random person
223,1,netmogul actually play keyboard pohaku lol played st bday earlier spinning shack
224,0,disappointed cadbury chocolate block got smaller
225,1,happy mother day beautiful mom s day cherish best woman life
226,1,nkangel sweet thanks
227,0,glennbeck husband loosing goverment job due downsizing he looking new job can t find one small town
228,1,heat here
229,1,princejamir thanks follow bro
230,0,computer work hate me call tech support again
231,1,happy star war day everyone
232,1,last full week school
233,1,warmnfuzzy re direct energy creating men s jewelry frequent walk too
234,0,scouserach today rach
235,1,vernaewilliams lancedrummonds two hilaaaaarious love it vernae
236,0,far sick sing got post nasal drip sore throat sent sorry email
237,1,world im chillin bout go get money economy money easy money anymore
238,0,liesboystell one love they really several woman
239,1,watchin tv happy mom day
240,0,world of max sadly no david tennant left particularly want job anyway
241,0,chapter probably monday still need comment
242,1,yay jumeau bag giveaway instantshift bag pretty maybe belt see
243,1,cydonian why enjoy fancy meal smtimes thr s joy solitude u really enjoy food amp lk date world
244,1,mitchelmusso heyyyyy u english fan want signing
245,0,overslept extra sleep nice play havoc day to do list
246,0,friday love party sitter
247,1,algibbs thanks that learned something new today enjoy
248,1,got done turning pre final project computer animation class final due tues class week
249,1,ckanal funny say am filling speak cheer
250,1,peterjrday thanks feel happy make ur day great one enjoy fullest n fun always
251,1,saw star trek amazing seriously good entire cast excellent spock kirk especially want see again
252,1,xo nessa hiyaaa hannah asked wanted come girl aloud wil see skank money somwhere ï¿½ need
253,0,school want read eclipse and some page read
254,1,appledoe mmmm honey mustard chicken w rice amp veges
255,0,dead past day the flu suck
256,1,limeice happy help
257,0,lifeasiceyit yessum see year go maybe head back oct rate go down wanted go bday
258,1,oh sunny
259,1,clockworkmelt lol feel like drunk right now
260,0,annnnnnddd another one bite dust
261,0,zachflauaus note self never ever leave macbook pro stupid icurve fell off
262,1,writing report card soooo tired amazing day check fb soon
263,0,somuchmo aww miss u already def sum wknd lol
264,0,listening new demo song going fantastic done
265,0,teseract got paid hour could retire xbox live thinking rock band
266,1,abbeyemm haha like him go
267,1,raczilla nice beta easports still news online madden
268,0,ugh back killing me
269,0,justkaty guess missed beer good time
270,0,kattekrab tango icon revision
271,1,always sucker sound acoustic guitar
272,0,feel well feel like could throw up throat hurt really bad sad day
273,1,wow party new life awesome girlfriend create ton drama babe party way go w
274,0,finally home exhausted work week over still expect less hour sleep tonight happy mother s day luv mom
275,0,illy s note book quot from one geek another keep good work quot sigh missed great espresso
276,0,ohcherub yeah know mwan
277,1,java concurrency practice probably best java book ever bought there s recipe interrupting blocking io ops
278,0,missed tapulous giving away ttc code
279,0,isaacmascote sorry people rude you isaac get manner know better lewd
280,0,co worker s last day going miss
281,1,yaaaaaaay bday
282,1,zapatos trashcan nacho epic night
283,0,good remembering twitter thing sorry everybody leave tibet today with head cold
284,0,johnpopham morning john yes do however diary clash sadly can t attend
285,1,chemicalbullets thats sweet
286,0,mrkris really dang missed sigh
287,1,morganmartinez dream hanging friend good woke there
288,0,back killing me stupid softball
289,0,awe going meijer walmart walmarts better
290,0,dwsrosec many there got deleted sent day ago cried rr
291,1,sadly awake wondering contact info fun folk hung shop yay b miss guy
292,1,beccamorte oooh neat yes sf good food again jealous sf people
293,1,http bit ly nyhmz dionusia made
294,1,chillen csla waiting start watchin pacquiao rerun
295,1,tiyephoenix dj gig bk hh fest please keep posted live date
296,0,tommcfly hate feeling like
297,0,course rain five minute finish watering flower took half hour water too
298,0,like sick guidance counsellor supposed take kid school bowling amp pizza
299,1,watching water boy grub carnisada yum yum
300,1,silverarcheress ah ok thank youuuuuu
301,0,teeeeeeeeeeeeeth hurt lot mall funnn today made dolla better nothing right hehe
302,1,sun shinning im out
303,0,say miss cousin badly http plurk com p xbha
304,0,dave mueller yes love little bit complicated want bb doesnt work
305,0,weekend bought lost odyssey yay however rrod ed second time
306,0,gonna able talk
307,1,fun chel s nicole cried watching benjamin button exciting night must say
308,0,samgrierson awwww ah well least sober week possibly get gym u gonna make music live xx
309,0,good morning scary world
310,0,justcause summer hour say day end pm doesn t mean really get leave
311,0,bike trail miss j two front teeth hopefully vacation suck
312,0,billbathgate im doofus could happen wahhh im break
313,0,deniserd yo wake as go work go get paper u aint sick dont lie
314,1,time great yakuza horror theatre wish luck
315,1,way home then sleep seeing amber pacific tomorow besties
316,1,excited see girl today takinakab boring work without
317,0,bad day close relative died wont going florida
318,0,sassij gonna chop tiny bit one two
319,0,lulurocks messed up hope day get better
320,1,xodedexo omg get coupon time you obsessed catalog come mail
321,0,kirsty l got excited thought exhibit sydney
322,0,wish chicago
323,0,busy already
324,0,waubonsie lost out soo pissed
325,0,missed iron chef
326,1,going gym early trying get back shape again husb got gift cert swim w dolphin bd need muscle
327,1,mrstravisbennet cool im glad everyone nice date night maybe one day ill get one too
328,0,feeling frustrated i can t get thing work
329,1,caltort tried teriyaki cookie tho got non winning pop tart it great
330,1,jtsui wish could sat thats super busy day sunday perhaps playing football dolores park too youre welcome come hang
331,1,got nasty argument someone normally like much forgive well either
332,1,listening music
333,0,vegasrex wish time back airport already
334,1,chilling listning seal
335,1,thefifthsister happy came said hi twas nice meet indeed thanks much coming talking
336,1,sadknob right happy win packet salt n vinegar crisp new exhaust mine fell a
337,1,leaving florida want live forever texan girl
338,0,mind sunshine walk you summer
339,1,listening house music what else got gig san francisco next friday detail www myspace com djspy
340,1,wow someone s proud me
341,0,miss oklahomaaaaa listening citizen cope til pas out
342,0,im sooo sore back hurt leg weak im dehydrated go set mom furniture gay
343,0,wiccawise idiot ok mostly skint hell could ve done something
344,0,way sleepy awake
345,1,home work hour sleep putting mile new bike
346,1,tabithalynnne lmao yep
347,0,going lumberjack party
348,1,miss concert tuesday already really like time machine go see again fun
349,0,poojashetye break via second phone call
350,0,sims work old macbook hope get sims tomorrow
351,0,one call awww wish could talking minute
352,0,kimgoss saying past week miss playing spade drinkin chillin good old day let know baby
353,0,amandadiva laundry last two day
354,0,also anyone else hayfevery today awake min sufferin already
355,1,yes
356,0,hear tonight last jleno show
357,1,gotta go twitterer stupid sister want go facebook oging montreal morrow wont while bye xoxox lt
358,0,azamann hah eeee although understandable need new picture thing sweaty
359,1,dad s posting got postponed one hour meant leave either going afganistan nowhere sorta happy gutted
360,1,lived band s first performance pretty damn fun
361,1,patriciap thanks follow
362,0,naontiotami no missed
363,1,happy mother day mom
364,1,happy mother s day mama today
365,1,perfect sunday morning sun shining feel good time perfect breakfast
366,1,everbrandy nice capture
367,0,donttreeriddle oh no melted ice cream want
368,0,quot my problem miss you cause don t quot
369,0,get instant sad face see little kid lose balloon
370,0,sweaty tired lap run gonna sun run next year matter what
371,1,legmin http twitpic com jaz cool luv
372,1,emmielovegood nope way home now
373,0,rebeccao bad but get bad news afternoon got stopped police brake light ï¿½ fine
374,0,getting swing thing miss someone
375,1,blooddrunk sick totally getting gh bad guy get play boston
376,0,little sister told double chin aww
377,1,finally plugged listen flashpoint http www kpfa org shoutout norabf missed segment chevron
378,1,johna hi uploaded completely new chinese lesson www youtube com chineselearn please feel free watch enjoy
379,0,home marble fall back reality
380,1,chloe yes youtube may th made feel x better halarious
381,0,still tired due late night work b early moro work bad time
382,0,maximillian oh dear that s just disturbing coffee connoisseur died little
383,0,finished exam almost moved hall leaving london tomorrow
384,1,mateoonline sure u did can t w morrow shw happy mommy day me
385,0,aw lose guy ten day lt
386,1,ahhh finally went yogurtland saved spoon hahaha
387,1,aquapunk mintyfresh thanks much
388,1,ton fun w muffin today
389,1,hey star sending florida sunshine way supertramp ï¿½ raining ï¿½ djdolcevita m http blip fm jucn
390,0,getting hair done missing
391,1,humm adore mark hoppusday so going throw hoppusday nice hoppusday people
392,1,happy star war day may th via nige goth
393,0,tbh credit phone sux cant even text people see what s happening like totally grrrsville
394,1,going work amazing charity event big brother big sister mind working good cause
395,0,bigheadasian ahhh can t one will la vega weekend noctweetup
396,0,gonna miss gurl shes honeymoon
397,1,xsub ruby skye last night well superb set steve last hour loaded thrillseekers material old new
398,0,fjgkfld sdh hometown day friend
399,1,finally upgraded spotify premium exceeded threshold awesomeness time ago where s iphone app amp remote spotify
400,1,aight pau au au heading blaisdell arena lady s concert cheehee awwrrite
401,1,twitter useful reminds people forgot ask given day also excellent inspiration
402,1,aaauuuggghhh n out check mcdonald s check haha next hot cheetos
403,0,ozzblair hug bad day having
404,0,spyed princess anne today listented friend cooking perfect evening working suck ob
405,0,lost friend didnt anything
406,1,happy mother s day
407,1,mile run meter swim thing looking better better laying bike today
408,0,front tv wats score inning
409,0,suprisingly okay possibly still drunk goodbye suck though
410,0,internet big fail today twitter usual semi flaky self facebook vrbo com boo
411,0,sick suck im me ohbabayy
412,1,jonasbrothers please nick say happy birthday me birthday yesterday
413,0,stii no make realise doomed humanity usa
414,0,ended face face bear driving home evening sadly took wood hauled cameraphone
415,0,omg parent today fighting mine
416,0,p bgt fab sad thought greg awesome sad gone child always win situation sadly
417,0,tonight last night jay leno gonna cry like baby
418,1,finished watching last star war
419,0,lancearmstrong chance seeing race germany unfortunately hardly tv amp news coverage cycling anymore
420,0,jessicaveronica guy gonna tour short stack again missed last tour friend went said mad
421,1,shanedawson haha yay love mr shane dawson
422,1,digital geisha savasavasava real lovely around someone refreshingly analog interest
423,0,sickkkk and need now
424,0,got exam centre n said can t let u becuz sleeveless top u cud believe that go home
425,0,brittanytastic aww that s horrible xd
426,0,one want sit lunch guess bury head laptop continue anti social
427,1,sulumits retsambew thinking billion here billion there pretty soon add real money
428,1,came back seeing boat rocked amazingly cool movie definitely getting dvd
429,1,boarding us enterprise warp speed ahead fb
430,0,argue byron said im fat
431,0,drat land boot died once think boot like parsley one going seed first season now
432,0,onlyme girl yes cant see wont gross enough
433,0,nursedoublek someone help makeup you gots go looking fine another shot
434,1,gotta church ten camera meeting finally d lol
435,1,coffee gym studio story of my life these day grateful
436,1,marimcfly morning happy juddday
437,1,baked cake amp watching movie
438,0,can t go movie today
439,1,square will thanks
440,0,daddy left go back home texas c hopefully n next two month
441,0,bloodyironist suck woot misha
442,0,amerz love it wish half could even name web design lady
443,0,sorry gpgmail
444,0,kellyolexa monday start friday least work day week long day
445,1,sassij that s good hear morning
446,0,demi super girl like french fan
447,1,faeriegal yep finished chocked full spelling grammatical error cleaning tomorrow popping hehe
448,1,good night im sleeep good mornining xd
449,1,think people would buy slap chop commercial like this http bit ly vqiuf
450,1,know funny thing everyone packing e packing go mexico e
451,1,goodmorning yall woke early
452,1,going beautiful day
453,0,d version sold regular version is
454,1,cssglobe hahah lab hr lab ba seems think similar way
455,1,sambennington welcome twitter really cool here greeting vienna austria
456,0,plan evening dinner shopping dress shirt watching up going bed plan saturday funeral friend
457,0,katiefreeze miss you lonely empty without you http yfrog com ozxoj
458,0,suziebee yes dear opff bblr
459,0,pickleshy tongue cheek mentality there another one take piss arab long
460,1,stephanewws thanks finding me wonderful evening
461,0,flu pas unto andy went shopping got fresh chicken chicken soup but d amp d sat is sad panda
462,1,natdaworks hope show going well wanted u know im home now muah
463,0,traceyhewins tired may go bed trouble miss american evening friend x
464,1,omg hollyoaks well dramatic
465,0,mean people suck
466,0,stick stone may break bone but word hurt forever
467,1,great date last night tried find cdcaves daniel hilariously fun
468,0,angelofmusic can t toy story come june
469,1,mcmedia husband golfing amp toddler shall frolic consummate mama im happy day
470,0,myke yooo myyyyye bust sick tooo shoot me long night tonight
471,0,weekend went way fast way work david archuleta tow
472,0,himoverthere awww poor leg sends virtual hug x
473,0,beautiful night im stuck inside feelin ill instead crazzzzzzzy as party
474,1,made tonight watching little kid swim watch movie haha love babysitting haha
475,0,oh god my favorite havaianas broke three year service missed molded perfectly foot
476,1,sadie marie better hudgens omg song came shuffle would city high
477,0,angiemartinez too florida last weekend rain came back home ri rain terrible
478,1,mercedez ta much happy b day g son
479,1,red win great end great day
480,1,paulharriott hahaha tv really thing anyway i music girl
481,0,sad beautiful marisa dress leaving today tear
482,1,law order yeah stay home sat nite
483,0,shotdown haha stay nearly hour coach get here may convenient hour tv
484,1,heading kitsilano bbq weather b e a utiful x
485,0,sick fighting look like burlesque
486,0,johnhensel hate u wait one week see cuz puerto rico still coming soon
487,1,playing question chris
488,1,usher guy made mother s day really awesome today thanks coming early prep surprise gift mom
489,1,caffeinefueled welcome back
490,1,rose romance released thursday gonna get bps
491,1,happy nurse week first one rn s
492,0,getting used getting cold asthma paying it
493,0,wanted greg pritchard go silly sobby hopelessly dull little girl hollie steel is
494,1,ikonora great night
495,1,excellent suzaku back together woop last episode hope happy one sucker really lol shh
496,1,echoinghim pleasure playing guitar you fun
497,0,discovering kindred spirit line there
498,0,sink hospital toilet low crotch grey suit spattered water time physio
499,1,cousin leon born today
500,0,breagrant thought one best hero pitty killing good character use thing lol
501,1,choosing britney dance showcase yesss cant wait day
502,0,rpulse clicked check picture angelina went spam site ordering check go figure
503,0,figure quoted wildly optimistic stuff science fiction bit disapointed ciber sabip
504,1,prayin dad wellington fl http loopt u f jqg t via furman live welly may pray f http bit ly lbsn
505,0,think getting cold
506,0,icecream truck never come house
507,1,marge inovera hi jakki thanks hug right back ya
508,1,rachel pengov extremely so incredible mood
509,1,stapler haiku whar night woo hoo yeah beautiful night party oops stapler
510,1,omg back know week brother took laptop mexico online
511,0,evonmichelle mum s lol got anything yet sad sad haha
512,1,drinking yay
513,0,greg pritchard robbed place final bgt cry baby bitch face got instead
514,1,cocosbutter already good i got meet you
515,0,great first impression little netbook downside access hatch upgrade ram
516,1,nextread agree keep star trek make commercially viable c mon
517,1,passed driver test drive oh wait turn till october
518,1,whiteangle held out japanese people making origami animal darcy great time amazing place
519,1,baldy za thanks man can t wait
520,1,wethetravis hope happens tomorrow ill providing dad get better take
521,1,beccyr program show twitter facebook status update one alright yeah probably use often
522,0,msalonen can t get load wanted everyone see quot bette davis eye quot remix video today boooooo
523,1,paula mcfly haha yeah heard leicester home self movie candy pizza amazing evening
524,0,today sore surgery day glad took extra sick day full recovery expected week calling lawn service firm today
525,1,m delamerced judge answer fid duty tort lawyer u r good this it like oj trial done
526,0,friend went new york without got picture smith http twitpic com l
527,0,missed play
528,1,want go catch happy hour sonic get strawberry lemonade slush ameshaye put them but dont car super
529,0,miss friend
530,1,land pillow blanket mm fan high mention blanket favorite time ever
531,0,wanna go beach but study
532,0,lonejohnny awwww waiting then hope rain
533,1,got back greenlake nice day today
534,0,feel like death evil headache need pack drive parent bum
535,1,steph atticus thank
536,1,yuniphan yay congratulation oh newly minted graduate let buy lunch iced chocolate plural celebrate
537,0,doc said bone look quot fine enough quot also see rhumatologist old lady
538,1,lt new picture pretty reflecting sunlight leaf
539,0,wish jonathon ross audience right
540,1,good morning world hope everyone ok
541,0,skype call billie webcam dont work
542,0,supposed great weather today amp moro luck im stuck work day
543,0,tired really exciting saturday oh well hope better tomorrow
544,0,wish people stubborn sometimes
545,0,feel like last night dream well guess say nightmare
546,1,read pretty awesome web comic today there s nothing really good woot today http myloc me gf
547,1,jerrytrainor never miss icarly son huge crush miranda
548,0,sucking abbreviation today sorry sentence look like eight year old typing them lol
549,0,raining
550,0,seandblogonaut daddy wanted buy shoe prettie esspensive nao haff go bearfoot
551,0,mitchelmusso sad got money phone ahh well lly mitchel xx
552,1,hair look completely retarded success
553,0,hard start week long fun sunny weekend tennis free food drink nice people day go next round
554,1,desert paradise hi dale welcome man hope ur weekend going well think would enjoy desert paradise fun fun fun
555,1,bamablockhead no good price considering going see right
556,1,bb yes said hour
557,1,ok got nail done day sweet
558,1,looked cute too
559,0,want face somatic drawing david lanham want leopard theme somatic theme im sad im big fan
560,1,coraline scary yesterday puke luckily ahaa week amp day till baby
561,1,phreshlyphaded oh wow thanks info
562,0,going excursion week twitting
563,0,ill bored bank holiday nothing open bad time film
564,0,miss smile
565,1,amyyyxoxo ahh gtg pls help number come back later see u said haha plz thank u
566,0,can t believe leaving place tomorrow
567,0,seattlewillow well work leah might something embry
568,0,poor greg stupid uk always sympathy vote xo
569,0,displayspook damn missed
570,1,watching movie rocking baby kitty asleep sling hanging neck cute
571,0,mrinklin started saving tumblr draft happened week sad
572,0,cynthiay dr hook awesome
573,0,really cant take this
574,1,baby god sad really oh well life partaaay xxxxxxxxxx
575,1,feel like bright new t shirt wish one
576,0,good place grab quick healthy lunch downtown golden look like may safeway
577,0,sickk tomorrow disaster get better
578,0,playing zeke leaving today
579,0,xxxmaggie oh suck sorry
580,0,arikhanson shoot voted somehow looked boo hiss forgive great weekend arik
581,1,yay only sunday maid came house clean again
582,0,love summer oddly want school year end
583,1,fun summer
584,0,another week start
585,1,mistressmia heard title author before must look enjoy
586,1,knack iphone got melted chocolate speaker can t hear ring
587,0,hootsuite darnit see happens avoid teh interwebs work
588,0,dangit got kiss album wrong color
589,1,hunabku swine flu victim unite http oinkflu info
590,1,review done new sentence iknow done wow role
591,1,proud nau graduate friend getting ready celebrate tonight international ordeal
592,1,getting excited thorpe park tomorrow
593,1,jimhunt smile one avatar permanent condition
594,1,ultraviolet thing know star trek joke tina fey s twitter quot may th you quot
595,1,going camping coupla hour gotta pack everything
596,1,getting ready summy yummy cocoa crispies
597,1,sirlp may th may force etc got know star war really appreciate
598,0,chrisbrownweb according bow wow his best friend chris twitter want hater probably
599,0,lilyroseallen yes there many cool thing american cannot watch
600,1,last week school final yesss
601,1,paul scanlon sharing god s word morning sounding bit hoarse perhaps touch cold hold pastor back
602,1,pulled breakfast sausage mother day hopefully baby sleep
603,1,willye going sleep kidding p
604,1,ahhrjay useless tweet lol jk yay coming tmr long u gnna phils
605,0,cable signal messed up missing ghostwhisperer news hurt toe cold like hot weather
606,0,one go see tiesto
607,1,talking best mate boyfriend msn
608,0,torn get extended warranty iphone mine run out jailbreak already got problem battery amp earpiece
609,1,present project
610,1,lunch watching hole bbc
611,0,sassyback right karla best movie made
612,0,favorite curling iron broke
613,1,septemberblues thanks hun great
614,0,emo zaboo ok hurt abit thought good job rude people could understand x
615,0,davidaldrich wx look like ohio tornado hit
616,0,im slowly losing follower one one
617,0,um think text msg quot subject line quot fail
618,0,cry hard
619,1,poor baby s got first booboo caused lol http twitpic com vt
620,0,bored work
621,0,listening music feeling kind
622,0,bummed out i even one testimonial flickr
623,1,think well time weekend
624,1,oceancity thank you blast
625,1,d group saturday s little bit football hour nap hour soccer basketball tsu yogurtland life s good
626,0,andreshenriquez thanks ff shoutout you stuck extra e username tho link work
627,1,kelseyrose wish going too still coming nicoles preprom nicolesx can t wait preprom
628,0,cleaned four bathroom afternoon yes go ahead feel sorry me lol mine still waiting attention
629,1,flattycharn know imux referring me who ah but miss
630,1,darrylep busy yes but always am hope great time traveling go welcome back
631,1,woke up annnnd realised missed un uber sunny day score
632,0,boy girl lie awww santa real either
633,0,apple fail set new british mac dashboard weather widget london canada uk one hard tell too
634,1,iamchrisc haha cute p thanks reply made day haha
635,0,jennytalia shut face mean me pedro supposed mean one
636,1,michaelni ooh love sweet potato fry definitely go
637,0,screwed sat u
638,0,kimmycakezz yes ma am u pretty smile also eat chipotle me
639,0,shanesakata hi shane link seem work
640,0,looking forward driving storm
641,0,strange day forget
642,0,omg sore shoulder
643,0,paulshadwell thanks trying done good can t fathom take apple store sigh
644,0,liddesigns oh no sorry hear abt firefox crashing you
645,0,hate young
646,0,fell sidewalk harvard square stupid cobblestone hand hurt
647,0,happy grey s day everyone oh miss grey s
648,1,ncarcadio congrats new mac book air
649,1,ivoryvalentine seen quot the fifth element quot make quot super green quot lot funnier
650,0,mitchelmusso im sad cant go make sad
651,0,officially booked seattle cfine ebotkin going best birthday weekend ever bradlawrence you made sad
652,0,orw nooooooo want go back newcastle
653,1,lol thx whit
654,1,got back grandparent suprise th anniversary party it sooooo much fun
655,1,apparently starwarsday
656,0,writing boring part paper hmm sun shining feel like working this however
657,1,rowansong fantastic
658,1,selling artwork risk game boy startrek needed good day
659,0,keithjoforever angry keith whats up
660,1,ouutside city talkin trey trey misssed
661,0,charviray charlene love miss
662,1,nina s high hanging ninah taylor day theyre awesome getting go home tomorrow see mom nina s low nada
663,1,walkaboutgroup fun guy day behind
664,1,talkdonboy lol well qlad u enjoyed yur ramen noodle fried chicken im tired
665,1,outz wif big big big happy family mommy s day meal happy mommy day mommy there
666,1,hottvampchick excellent never know lmao
667,0,cassieebee aint ur ff list im hurt
668,0,freesat s coverage sky dish really really bad moment block place really annoying
669,1,time school y all happy starwars day
670,1,exhausted tee knocking out nighty night tweety bird
671,0,candymaize ok i kinda feeling ignored anyway sunday arvo pm going lunch amp wine
672,0,jpadamson wait red could age know mean though really looking new job
673,0,tired
674,1,solkana want see quot too fast transport second quot
675,0,frustrated copying gig across usb stupid old server
676,0,fridayyyyy working
677,1,manbag awww love charlies enjoying lucky food lol
678,1,fun nite i pleasantly surprised
679,1,charliecurve wait cool sliding door that s oxymoron
680,1,may th today round weekend one session happy th y all fintster
681,0,fucking hate goodbye
682,0,havin stupid stomach pain amp again today outing sph frenz amp stomach nvr fails dissappoint me haiz
683,0,rained ever day miami since here
684,0,stomach effing hurt sadly there ll gym class afternoon
685,0,miss baby
686,1,missshannababy yay u get see ddub men always keep happy amp motivated
687,1,live long prosper
688,1,th street amazing weekend wedding fantastic im really really tired work long eventful weekend
689,0,knew listening miley cyrus morning bad idea
690,1,whohoo erin got accepted ottawa u nursing school algonquin pembroke campus may get girl back
691,0,amychiu fuck blink weezer one totally forgot
692,0,mlpband heart broke little little mean lot
693,1,hitechhall love site hoot really enjoy hair cut thailand always try time ir right thanks tip
694,1,nick ebru thank link very cool see monday
695,0,outside jo tak nic
696,0,also toy story teaser carmike said would toy story movie theater fail
697,1,enigma omg daon t tell watched twilight enuff know
698,1,sneadles great picture ton money day
699,0,randiellen nofair bk uhura nero left
700,1,farm enjoying cary ann loving company
701,0,aww thats wikid need book myne sooon miss lovely im ned brekkie speak soon dudde xxx
702,1,prolly going jamba juice thirty minute shop awhile hit airport see daddddd
703,0,excitement new follower overnight sadness ad bot
704,0,aaaaaw want live usa
705,0,oops forgot barbecue work today need pack lunch
706,0,alyssa milano hey thought tweet say hi i much write there space little box hehe damn
707,0,room empty
708,0,pntbtrkisses agree dog crazy worth block amp let twitter police know harrassment
709,0,freecitysoul film come camera broken lamesauce
710,1,leoncen it hehehehe u want torrent
711,0,going fold laundry hit sack boring saturday evening
712,1,johncmayer haha humor make happy
713,1,crisis averted phew different note ameec zelenski you guy making proud tear wish could joined
714,0,mana everything ever made since
715,1,exhausted sore sunburnt really happy
716,0,cohenster know awful never fear got load fund drunken catch post exam ja
717,0,killer headache want food here
718,0,tiwurayie geez one time row patience good thing come patience lol wish could sleepover
719,0,spgridview looking prettier pretty sure code ugly
720,1,ready day full presence expecting best
721,1,like old day drinkin old spot
722,1,love charge
723,0,another two hour work ugh go slow im sore
724,0,hulu desktop look nice region
725,0,saying goodbye good trusted friend today goodbye free sky tv best friend anyone could had
726,0,miserably hot a c house broken
727,1,david n wilson c mon like superpower explanation better lol
728,1,walk cornish countryside great british bank hol http bit ly ailun http yfrog com rwwtj
729,1,living life
730,0,joeburkel look like dialed lot payed attention small important detail gameplay still blood tho
731,1,bigeyedfishie amazing best time hope good weekend too
732,1,time low mean fucking much me hope get see june would awesome gaskarth amazing
733,0,friday night fav night week go stupid dog training class
734,0,vzzzbx glad sad me my iphone badoptus
735,1,devyra lol always make happy promise won t lol silly late friend
736,1,albz oh man wanna bay asap thank great day
737,1,ishaka thanks
738,1,margarita momo missed her
739,1,smoking maryjane favorite thing speaking ima name daughter maryjane lakoda lakoda mrijuana latin lt
740,1,whoaaitskristi omg soo excited waiting ever since saw th one midnight night before
741,0,happy mother day u mother happy mother day mother miss mom
742,1,sure let mom know fabulous think are almost mother s day
743,0,csuryan surprised fired stuckeycsu announcing whole world body found quot selfish quot
744,1,marismith took endorsed spot twindexx com thanks endorsement danholmesimind
745,0,sad greg pritchard didnt make final britain got talent coz soooo deserved
746,1,ryan stile still funniest man ever got great news great news tonight happy could burst
747,0,think break heart a emo sound meh
748,1,anncurry photo lovely knew talented photographer journalist
749,0,petronella really want shish kebab going settle toast
750,1,infovestment lol true keeping eye arent tech savvy alright thus far
751,1,mandybooklover here nice quiet sunday
752,0,bragging kitten cuteness cat never came home wanna throw
753,0,start getting ready work took lexi park earlier wish could lay around day
754,0,mistermagnus friend us logic must admit like it but mac
755,1,ton update including pic rob yesterday check www robsessedpattinson com
756,0,think gonna try go vegetarian again and soda majorly cutback beer too many carbs but yummyyy
757,0,hurt me bring joy see cry know love anything yet u break heart everyday
758,0,noufah aaaah swear took mistake somehow attached charger apparently needed break u huh
759,1,went church jessattack t wa different lol
760,0,ok twitter doesnt like must really dumb how send msg
761,0,lunch break s over going back work
762,0,well only one week left holiday sad sad
763,1,getting ready lay pool
764,0,love florida miss american friend
765,0,girl across hall say cat got landlord showing apt heartbreaking
766,1,ok guy turn laptop pack tweet u guy road bbl
767,0,pengen nonton friens mine comeback show di prost beer house kemang besok tapi ga bisaaaaaaaaaa
768,0,worst week thing really happen three
769,0,see tinyï¿½s thinking thought smile caught radio big daft grin face
770,1,watching snl awhh chris pine cutieee
771,1,donatoclassic
772,1,limheeian iphone awesome man time join apple cult
773,0,money phone
774,1,feel like warm thing
775,0,no keyboard cat is ha dead year play off keyboard cat
776,1,chriskalydo happy star war day
777,0,think ever played fun suck marketing promotion
778,0,omg tink cuming bckkk
779,1,youngandfoodish thank saw comment chew aerobics really tickled
780,0,trying sleep watching cnn thinking today meeting work best buy life oh well whatever pay alcohol
781,0,library friggin bored
782,0,aonir trying convince janeylicious wait bit see up well want see
783,1,wicked dvb s tuner card arrived although sure able get set ready fa cup final tomorrow
784,1,another hd lecturer gob smacked good presentation
785,0,feel like shit
786,1,bank get thing rolling hooray day off
787,0,blackberry s got fatty battery guess kinda boat huh laurensanchez
788,0,mileycyrus sorryyy milerz can t vote would love vote work sad frustraded
789,0,kpatthethird fml dad didnt leave moneyz wait till get home call finish work
790,1,yay sherbert chocolate nutritious
791,1,xojennypennyxo like you
792,0,daniellefecci quot you guy could fun cardboard box quot miss already bro
793,1,antony hahahahahahahahahah tickled much
794,0,little slow try one ben amp jerry s mission marzipan bit letdown
795,1,redonculous video tape hahaha
796,0,stuck long as traffic motorway i m gonna get home pm tired
797,1,beer pong dubstep good nite
798,1,heading xtra vision get part season csi miami baby
799,1,sirlance hope ur havin fun da club
800,1,ahh saved mowing lawn rain plenty time go kayaking blessed rain god
801,1,jason mraz looking electric guitar yay
802,1,bored cold tired lethargic feeling man great holiday monday
803,0,missing justbrad birthday
804,0,cold take boat tonight might go anyway danvan operation either bummer
805,0,terrencej yooo rainin dumb hard out
806,1,need yummy breakfast shift
807,0,nightrpstar think so hired someone that
808,1,grentone specific question let know always good writing stuff well fun
809,0,hanaabanana know yopu got round watching it cried
810,0,dorkus well gonna fit big long advertisement
811,0,lt rupert grint amp boy ive accepted tht fancy im certain doesnt feel worth telling
812,0,going work than ill home im going look camera since must lost house everyone wonderful day
813,1,back athens
814,0,rain must come quot after quot flat iron hair rockin curl week today decide come out nice
815,0,home whitney s sleep church bit dangggg i m tired worth
816,0,im going bed dnt feel well always
817,0,man two clock hr till work
818,0,hurt sister much potential isnt using waste god given talent
819,1,happy star war day everyone excuse drinkies eh
820,1,seriously increasingly good night stoked life happier goodnight
821,1,neildavidson happened three week ago why serial card fraudster loose
822,1,lmpotter welcome
823,0,paulmwatson gonna ask boom boom is morning
824,1,u who s heart break little time year know loved next week new week
825,1,orchidflower yes all oh gone bed minor soap marathon photo editing night me ohhh inn lake nice food
826,1,o wish birthday massacre would come australia think said thinking tho http tinyurl com plfch
827,0,got people let skip sci pratical becos skola impt cannot waste parent money nt fair
828,1,buggysrose haha i may that yo
829,1,sarahismail cool
830,1,youulovemee good gor juz yea kno asked yesterday tha hospital talked u said
831,1,good morning hope u great day
832,0,hardrockchick super caught cold plane far forward line like extra sleep dearly needed
833,1,headed beach puppy maverick hug much aloha
834,1,back first k running race still alive
835,0,get hair cut morning looking forward spending weekend alone
836,0,carothenyx aww im sorry im home hope ok love ya wifey lt xx
837,0,skykemea gone going home make sad leave mall
838,1,dynamomagician dude awesome
839,0,getting back swing still sore surgery tired coffee time
840,1,fun bacontaco night
841,1,working as completely happy
842,1,allo twitterville everyone morning hope everyone great weekend mine pretty good monday blah
843,1,zokathepuppy heyyy todayy
844,0,lovely day sky clear bird singing stuck office window hour
845,1,flickr pic chester zoo danwtmoon posted photo quot welcome quot chester zoo jockey http tinyurl com cqqw
846,0,marissa heyy finally got one oh good luck final today
847,0,ebonyeeee didnt get text
848,1,lancegross http twitpic com vd good looking cpl can t wait see kind kid y all have
849,0,glamvoy yes think unless changed sent u happy mother day text u never responded back
850,1,mrsvaught happy birthday amber hope great one and far away thirty shhh you re making u er feel sad
851,0,wish grandmother taken u
852,0,emmielovegood ive tried tried past learn cockney sadly near impossible find book thing here
853,1,lol my neighbor must think im nut for canuck
854,0,going group therapy session can t wait spill gut ha ha ha
855,0,autismvox
856,1,jaackyx ha fine positive amp aha know huh wht long conversation remeber allyson even lnger one x
857,0,xxsteebiexx lol know wld like get reply seann william scott dont reply he one favourite actor
858,1,apizzle thanks made morning
859,0,can t believe weekend already time go nice day fam today mum good day too
860,0,gym myself fun
861,0,misscokasplash yay missed naptime
862,1,kennyj good mean haha
863,0,abbyluvsaj nice wish twitter would tile mine
864,0,computer work working booo need new one tgif
865,1,meghanx happy birthday hour minuet haha
866,1,hey everybody hah day cool got back walk dog klaudialorincz omgosh send link please
867,0,lewace suck man
868,0,two dozen rose sent overnight delivered morning found recipient town sad
869,1,whole food barton spring yogurt spot amp oasis perfect day austin
870,0,shake sadly robot song library
871,1,saw new star trek movie good zachary quinto amazingggg
872,1,philosophy final today thank sportygirlie day now
873,0,feel sorry male singer never gonna great zac hanson pooorr fella
874,1,got new silverstein cd aha amazing highly recomend it
875,1,soo wanna eat mcdonalds fry
876,1,time mimi s
877,0,bank holiday uk raining typical uk bank holiday weather dry later get chainsaw tree
878,1,sitting audi joburg fashion week casting many lanky people one place almost lol good luck everyone xx
879,0,katschio completely enraptured fascinating update testing now oh wait yeah work course
880,1,sethu j ever man aswell love now want gossip girl too decided summer spending lot
881,1,erik rubadeau last weekend pretty solid brunch bar wellington hard screw steak egg though
882,0,pilarlovesyou love you leave me
883,0,theclairemarie can t studying fail come over make u tortellini chicken chicken salad
884,1,got subponea
885,1,today peek a bo going two year best two year ever
886,0,mcfly anit age z
887,1,sanctuarysunday awesome news leo award sanctuary look like got nomintated for bad
888,0,katcal relying mobile lack reception trying help looking silly
889,0,amesox heyy dude yuup thats really hows monday x
890,1,annadifilippo fun without pasty lt
891,1,cooky milk make feel better thanks babe still recuperating last night http yfrog com izrj
892,0,
893,1,christian lol twitter addict
894,1,gozinepetter love song liked movie
895,0,iamhenrymorgan screen covered blur how s ya day kiddo
896,1,good morning think time breakfast
897,1,today going good day way work spending time jesus
898,1,signed twitter yay
899,1,dutchreaganite need plenty quiz get work day
900,1,back hospital doc say live
901,1,angelakeen next wk c drs maybe then would love it go mac grill john there thought u
902,1,nothing like home made paranthas breakfast
903,0,tmg tried help
904,1,living empire hotel free bottle service rock connection
905,0,got finished watching marley me cried like fucking baby i m missing beast like crazy
906,0,back garden time foot hurt
907,0,wanna go back work sleepy time
908,0,okay gots go first time since started miss block party retrorewind
909,0,jazzy miss neice can t wait see bad n grown as lol
910,0,field day sad ribbon me
911,0,lyricals care struggle
912,0,mcfonalds roulette lose forgot mygrilled snack wrap
913,1,ashleytisdale http twitpic com aho hahaha ily ashley u r like best world
914,0,take away
915,1,goodmorning
916,0,stupid tooooth hurt
917,0,jodywhitesides sorry missed it
918,1,alone home nice nice
919,1,lathams indeed glad hear everything good you great life good
920,1,mallorca want play guitar come home going buy mcfly dvd first
921,1,got paycheck april bonus b deposited day rest gotta wait til mon
922,0,back miami miss south beach
923,1,want get super pretty want cig
924,0,brandenhaydon yes really do
925,0,wanna go work
926,1,amazing night girl
927,1,codingvictim nice back
928,1,iseric ill buy one
929,0,javierchua well right side thirty
930,1,happy superwomans day
931,0,good morning http blip fm jnl
932,1,iloveicetea haha it good luck babe amp upload photo ya
933,0,buffalolass sorry want call aim couple hour need vent
934,0,kanoaofgomega love go kanoa sorry loss dear
935,1,living autism bright side twitter morning
936,0,hilarykennedy would share mine hair
937,0,thursdayband can t even call belgium suck
938,0,exprincess http twitpic com sniff feel left out grin
939,0,gutted invited bbq tomorrow night gonna miss bgt final wonder wheel tv outside
940,1,ok best snl episode seen hot minute justin wonderful ciara muscle the end g nitey tweet tweet
941,1,tashababyyy getting weekend aw really want to
942,1,head feel sooooooooooo much better
943,0,wish could go love music hate racism gig weekend right part world even
944,1,spandexx hahahaha wtf dianne twitter lol i guess depends person is
945,0,exhausted hour work week
946,1,e o lol tiz good song
947,0,feeling sick oh well reckon people bus cursed me anyways nighty night all
948,0,penguin j heehee love you tired
949,1,garden making picture weed sweep weather nice see lter people
950,1,jameshancox lol maybe tooth fairy take em keep kiddy teeth safe
951,1,jesssev dawg thanks much
952,0,drinking really nice coffee got go dentist am morning
953,0,starry surrounded them official niece nephew yet
954,0,dakshinamurti yet sorry
955,0,spanish crap
956,0,im work super bored
957,1,yay almost home go walking today
958,0,early ish night tonight overtime work tomorrow boo working saturday
959,0,lexielovesgreys well sadly live boring city usa nothing here
960,1,happy morning everyone
961,0,renagades great day rain keep may go swimming instead dining
962,0,weekend getting close bad stuck north hopefully able get next weekend real life fun
963,1,day till county raly tak took
964,1,surprising momma bear
965,0,finally feel like nice summer day feeling sick
966,1,elle woo hoo made one favorite see monday s rock
967,1,morning twitties heading college back doc god hungry streching ear today mm payday love you
968,1,work last day get walk around out process happy one step closer really want do
969,0,freeagentapp free trial ran today cannot subscribe abby accidentally canceled card still waiting new one
970,1,done positive affirmation back japanese yay bank holiday monday
971,0,michelleweber never good time recourse small claim get atty involved
972,0,cassiefasho wish still loved
973,1,woo made this follow
974,0,petetaylor miss too
975,0,bank
976,1,tfollowers thanks folow
977,0,want hang play can t fiddle faddle workload
978,0,morning all water heating s packed up can t bath really want bath
979,0,wishing michou show right now god life isnt fair
980,0,tessonfire feel almost empty inside today good feeling
981,0,subray put right scrambled egg breakfast fartingloud
982,1,monday morning lot go out waiting mate add style table im set
983,1,itshazel wow five year congrats
984,0,itï¿½s raining hate rain going shop drink coffee day
985,0,bad grade
986,1,happy theblackqueen even make laundry wonderful
987,1,sister s partyyyy
988,0,scomizzle ur moving leeds wut u there work ur jetsetter i wanna move england
989,1,ginjam adventure say least nicer part norf london stick south today
990,0,pm friday night going bed pathetic
991,1,happy mother s day mom every mom everywhere stroll beach later hopefully
992,1,no really do long exposure tripod looking viewfinder unfocusing great
993,0,seanlights nooooo dont dare lol im gonna cry lt hair
994,1,baybeehdoll u miss lol
995,0,ahhh engulfed shooooes told buy maany damn shoe
996,0,danger sky got singing falling love now only changing week day saturday quite fit
997,1,veeriwhoa oh silence verona wanting go jaja enjoyyitverymuch bring phothos danny dougie
998,1,quot suprised quot mom cake present mother s day dad bought flower gt
999,0,minute boarding hour home window seat
1000,0,hate sick miss cynthiasheree lucyowns larilync
1001,0,nancyleegrahn grade can t daughter grade math soo sad
1002,1,happy finally may indy horror yet still remain held captive indy s spirit
1003,0,way sleep next day way wake up returned amp missed much
1004,0,failed inspection know pas wo oven wo anti tip bracket sold w oven worse tax
1005,1,omarabid hehehe really know that well use blog twitter suggest interesting topic ppl engage
1006,0,ughhhhhhhh feel good
1007,1,markfriend asked mum bout going tommorow laughed face lmao
1008,1,cuppa chilling lovebank holiday monday
1009,1,gnat make queef
1010,0,know neck jacked forced pay parking bc can t turn head parallel park free space
1011,0,imfunsizee jarita going home two hot guy drool
1012,1,got home long day asda joy
1013,0,actually hot today the sun got hat every one got tan except
1014,1,nice hair nowhere go
1015,1,bobbinrob sparkly peen win solves life s problem
1016,1,rocked home maccas signing petition big bang tour au lol
1017,0,tooth bloody killing sure wait next week get fixed
1018,1,sun back again could kind weather last january february like jacket
1019,0,head bruised really bad
1020,0,well movie night spoilt fracked disk happiness gone time sleep
1021,1,saraxmazing ah nfg super amazing jordan pretty legit can t stay longer meet everyone cuz hv hour drive home
1022,0,truck full silver bar imploded itself delayed u hour even get bar trouble photo
1023,1,scenexxqueen haha welcome world fail together
1024,1,good morning twiggas twitch http bbltwt com sciif getcha motivation
1025,1,twlux e thanks following me nice meet
1026,0,gonna miss thick blood next friday
1027,0,wow tomorrow over never see people again kind sad
1028,1,bumblebeex awesome maybe someday find book bestseller list lol
1029,1,kayemeff almost birthday
1030,1,played mythic brawl order get good screenshot instead got perfection
1031,0,feel like going toss cooky
1032,0,shanedawson sadly live scotland though shane lt
1033,0,already c office people melt fighting air con fan help can t find budget
1034,1,omg finished history childrens book need make pretty print im done whoo
1035,1,moco love lamp sydney australia
1036,0,coecobroker still recall helpful way back struggled ar contest question
1037,1,school everyone first class day day
1038,1,hopefully going back work tomorrow tired flu beside love working child fun play with
1039,0,anyone ever heavy feeling sadness heart thats case rite now
1040,1,jkarney amtarot thank much
1041,1,mr trick good next month going awesome
1042,1,yaaaawwwwnnnn thx bank holiday let s see today prepared u
1043,1,dougpreston well gonna mission find music
1044,1,two new favorite prayer quot help me help me help me quot quot thank you thank you thank you quot
1045,1,shout sanjeev thank first follower twitter
1046,0,wanted go basshunter concert tonight wanted to
1047,1,bella im going inlaws tonight hopefully new niece there need kid inlaws me
1048,1,tomorrow warm day reason like sun much xd go swim d that s better xd
1049,1,enjoying quot gear war quot pc game really gooooood
1050,1,need pack cali cali cannot waittt thinking glass wine order celebrate weekend vaca still work morrow tho
1051,0,tired tired tired sleep well last night thought much slept much glad almost weekend
1052,1,oh mint lounge awesome night
1053,0,birdsall sorry that got behind follower still catching up follow folk including
1054,1,andyclemmensen seen game website awesomness go msn
1055,0,thrilled marathon sunday assigned street less
1056,0,getting bored sitting hotel room entire day
1057,0,devon caught ate fly dont know swallowed fly guess die
1058,0,omnomnom came online unread email well backlog yesterday http tinyurl com lxjdjc
1059,1,samanthuh miss too yes usually free pag dinner rarely day basta text text
1060,1,retweet others good tweet least day get involved thing twitter
1061,0,fuckin tired get home till work bjs
1062,1,partying study room
1063,1,geehall lol peek http geehall blogspot com coming along nicely totally understand leaving set quiet too
1064,0,annejsimmons mother bad day
1065,1,dinner family watching wild child car
1066,1,thank proving point
1067,1,dang it seems every time blip song unavailable
1068,0,damn stephane even feel sorry me work
1069,0,booo best friend leavin weekend ever without her
1070,1,harleyplays dezzy baitersss hope tonight fun
1071,1,officialtila yes wanna come hang h town gurl u know whats up haha mrdeniro bangin gotta hang chick
1072,0,im sad im giving first i didnt nothing
1073,1,mundah really glad able watch game
1074,1,really enjoying weekend soooo much hope u
1075,0,eric john sound like terrific service sorry hear mom
1076,1,imjustcreative f kin great day graham
1077,0,finally school day ended friday friday friday wt raining outside
1078,1,jasonbradbury addicted sociable
1079,0,give birth screamer hate screaming child guess hate screaming child besides own now
1080,1,littlelaughalot nice day like today wish garden
1081,0,kat kittykat im bored untill go
1082,0,donald jackson already there s none left back cabbage soup
1083,0,bookfoolery used book expo canada toronto cancelled year beatwittyparty beatwittyparty
1084,0,blockbuster week new zealand quot wolverine quot tomorrow followed quot star trek quot thursday
1085,1,hmm osaka last show today very sad decode ur msg haha cant wait till u get sydney d missed ticket tho o xx
1086,1,coleryanxxx yes lol that s good one remeber bottom always top
1087,1,dyed hair back super black again
1088,0,say still dreaming nikon d errr ate kuya please lang huhuh http plurk com p wxrx
1089,0,forgive good lord time knew wat doing except mighty oracle amp ing care fully support unixodbc
1090,1,watching miss cytheria
1091,0,what s worse fever sore throat cancelling trip see little bro fever sore throat
1092,0,feeling lonely
1093,1,darrynstorm hey hey i m finishing th june
1094,0,memphianmallory traumatic even discus none yall here everyone left weekend
1095,1,llittizzio good mood see smiling
1096,1,zaragreen problem keep comin
1097,1,saturday night live amazing amp make laff lalala always love show timberlake s sketch always funny lt
1098,0,poor phone nekkid without cover
1099,1,cc chapman whuffaoke night acdc gillette stadium
1100,0,craving something salty mouth tired pretzel tho
1101,1,still mother day lunch uncle house nice time
1102,0,much disappointed angel demon movie shame great book
1103,0,gutted vodafone wont repair faulty samsung omnia due non existent water damage grrrrr
1104,1,done haha house md marathon ulet
1105,1,natsnapper thanks little girl love animal oohs aahs cute
1106,1,aruky yes nba song great got old funny nba cheerleader remix song ohrwurm day quot colorblind quot
1107,0,dougiemcfly too hehe hate cold totaly annoying
1108,0,darn it again keep forgetting darn quot d quot dm s
1109,1,clarrisani thank approving application twa forum honey keep good work
1110,0,eat sandwhich since guy meeting sushi brag about
1111,1,love laughter creativity
1112,1,fonejacker haha know work blip apart obvious thanks reblipping song nice day xxx
1113,1,meeshthebeast dee mack talking baby almost grown up
1114,1,way wimbledon sweezle watch star trek imax baby
1115,0,sidrajalil even asking others enjoying sadness missing like me
1116,0,deadlyknitshade ooh soon get meet dung mouse
1117,1,although pickupshanan volterra killing right la
1118,1,one all time favorite episode quote officeus http bit ly armj
1119,0,he
1120,0,assistant watch notebook miss deborah
1121,1,ninaaacooperrr come love you last week need see me hot
1122,1,bumblebeex yeah freedom awesome great little independent
1123,1,myboybarians laughing quot ah ha quot moment get coffee
1124,0,getting ready school reading what s going set montepulciano practically cry cause
1125,0,havnt gotten month ex seems dating spark anymore still love loser left
1126,0,drs
1127,1,kerrianson day good spent day catching sleep relaxing kind lazy day hehe oooo shopping resist
1128,0,photography class summer cancelled going somewhere dont want missing spring game email eric swist
1129,1,happy christmas wait happy m easel day seriously happy mother day lmao
1130,1,choir banquet could ve ever dreamed happy party lauren s
1131,1,bbrownnewcolleg congratulation
1132,1,idea gallore rock opera ftw yes tweet kayleigh writing rock opera info email u coatandkay hotmail com
1133,1,year old barbie doll still rock it that girl h o t ken ain t bad either memory
1134,1,leeyecandy hahaha think pretty far me maybe next time though
1135,1,welcome new follower also
1136,0,alexandergwhite daaammmnnnnn wish there
1137,1,ginchan aww thank honey didja get mommy daddy
1138,0,wish parent put chinese school younger then much easier get job
1139,1,angryfaggot whered end going stayed amp watched snl one funnier show theyve done season
1140,0,wolfchild heheheheh lol always figured send way got dupe felt bad sending stuff
1141,0,sisser moving tomorrow make sad actually guess technically couple hour since already friday
1142,0,im really sleepy want go bed but upstairs mess know im gonna clean nooooo
1143,1,last year right around time black parade dead came out awesome time man
1144,1,miss om quot if paint fingernail green oh happens paint green quot marvelous
1145,0,porn store forgot put dave ipod fail
1146,1,tkpleslie friend call quot mother earth quot ever seems me nurturing second nature some me god baby
1147,0,har vondt ryggen back hurt
1148,0,it s romantic novel cried end i m going bed i m tired
1149,0,got back home shit meeting tmrw staying sea view even dont fresh undergarment tiring hr working day
1150,1,gemma rigby well neck hurt moving massage me massage u lol
1151,0,jjooss think wish could give tear blood make feel better
1152,1,camilleprats happy mother s day
1153,0,ste feel pain hayfever forgot take mine yesterday again
1154,0,tahitianmom truely sad news hear created equal sad know neighbor prejudice people
1155,0,fab broke
1156,0,norasake sadly no come one
1157,1,happy mother s day mother
1158,0,miss tugger misto last night amazing lt close
1159,1,great night tomorrow mother day
1160,1,dannywood ran mile went gym amp woke ur great kid dependable danny hope great already
1161,1,purdyboy thank you playing moment ago actually different even chill version spooky haha
1162,1,finally learned think speaks work wonder
1163,0,binncheol afraid so tour people refusing believe anything else irish way
1164,0,sigh ubank usb died afternoon r i p missed even chance parade around yet
1165,1,photo thelovelybones spy jonas brother demi lovato omg d ahhh yea d movie premire http tumblr com xbbqyxe
1166,0,wossy smashing show tonight love killer wish there gutted shame got cut mid song end
1167,0,velcrshoes great check get work block sims work
1168,1,lovely one waking
1169,0,can t believe peeling one half day sunshine
1170,0,head starting ache again reinstall operating system computer
1171,1,great day mom si really make ya appreciate day
1172,0,turn get go see decemberists
1173,0,irkengir no result salary decrease
1174,0,thirty minute turned three hour oops
1175,1,watching ace cake lost edition omfgggg
1176,0,bwhips good know alone confusion
1177,0,unclecreepy cont bastardized version french fun believe me
1178,1,seantherobot good evening
1179,1,new view window http twitpic com jbx
1180,1,strange reason paranoid sound like u love too aaaaall good
1181,0,chick fil dinner hopefully feel better head eye killing
1182,0,sleepy earlier didnt get see matt
1183,1,missing mother t day happy mother s day
1184,0,therealgiftednj yeah
1185,0,gutted bathroom still free early work going happen need loo
1186,0,writeinink sure talk the fabulous sex part though sorry dear
1187,1,desizntech thanks glad like
1188,0,now conjunctivitis left eye sign something wrong deserve this lol dying people
1189,0,citycynic lol target employee forbid place usually go buy like everything along commenting
1190,1,alright need get sleep actually awake mother day nighty nightzzz good morning twitter friend
1191,1,finally hit friend thanks
1192,0,neil picked show tailights cause heartless hit run
1193,1,tgif gorgeous day reno today stuck inside
1194,0,sitting watching britain s got f talent watched small girl cry sad
1195,1,storm acting excited discussion session regarding social medium scott lake ceo thinksm attending
1196,0,trying fix sister s ipod phoenix tomorrow morning am hopefully actually get play tournament stupid fence
1197,0,jordanknight good day u cheer tweet even tink do lol
1198,1,every mom mommy mother happy mother s day hope something special fun today
1199,1,oh yes happy star war day may fourth you
1200,0,meiko time morning go way across town take pic so sad
1201,1,sevenspiral worry good news good spread
1202,1,laughing reason maybe tired haha maybe go bed night
1203,0,greco trying think that
1204,1,gonna head shower now going friend s birthday party
1205,0,mfarrugia never good platform game
1206,1,ninjen really enjoying drown tear
1207,0,long day office again tiring week
1208,0,well school s finally idk sad miss teacher goodbye mr r mr collister
1209,1,played friendly gm today bulgaria def pt offensively still working timing israel sun gotta cut player
1210,0,wish sun would come out i guess matter since work can t enjoy anyways
1211,1,thanks mom love too
1212,1,going get as gear brekkie make start kitchen woo bbq later good time
1213,1,lopps ohh cute fishing peaceful daughter look focus
1214,0,home alone one left gummy bear
1215,0,hmmm lovely wish now tired can t sleep
1216,0,headache
1217,0,thespencersmith hush stop teasing
1218,1,fredamooncotch turn closed caption read watch animal planet tiime
1219,1,awarded first ever credit card
1220,0,finally friday still grounded till next thursday stereo life lt
1221,0,libbyoliver caught tweet got home time last min itv show bgt tonight miss
1222,0,shit lost star trek ring starfleet academy class ring w golden gate bridge it got high school graduation present
1223,0,scopezum feel way hour sleep still exhausted ahh
1224,0,computer killed combo mirror edge really poor win thermal management c gpu one sad game
1225,0,wow really missin fam ily today baddd
1226,0,shanisfearless gaah rain tomorrow
1227,0,sad really really sad
1228,0,tinytim can t go weekend hour exam next week prevent got uni summerball next sat though good
1229,1,euginis fun last night see you
1230,0,swine flu temperature screening feel like criminal cold
1231,1,ready celebrate weekend oh wait minute
1232,1,petty happy birthday cheer pao
1233,1,happy mother s day everyone
1234,1,there say give excuse sleep bed lol different size would switched her
1235,0,selling drumset sad day
1236,1,scodal yeah saw look like hard work would know whats upp handsome
1237,1,home fam see como tomorrow
1238,1,davidarchie see may
1239,1,monday yayy need get demi lovato ticket sell out
1240,1,can t arsed get bed hello sunshine
1241,1,gps post prom
1242,1,zhayrar lol well thank
1243,0,rec game trying cry the pain much i need him can t lose lt my heart breakingg
1244,1,fever awesome tonsil swollen can t even eat solid food still location picture rule though
1245,0,nice action shot http bit ly mzfx miss working pole
1246,0,way early today work later
1247,1,ilanrubin freaking awesome job tonight seem really lot fun picture wanna send you
1248,0,um k close eye song always make cry bc mom gone lt anyway
1249,0,wish yesterday friday
1250,0,eprussakov ohï¿½ unfortunately
1251,1,dongeronimo dear michael sorce crack up sincerely
1252,0,layin n bed headache ughhhh waitin call
1253,0,working tonight http plurk com p xkbv
1254,1,halfwelshdragon cake sure look good took one ok ummm good tks
1255,1,linehara youuuu re aaass aaass loooool
1256,1,vicki xx o really well u want go gether next yr
1257,1,hellolizzi oh hahah thats ok
1258,1,wearing quot purple passion quot opi absolutely love it
1259,1,massive headache going see terminator tonight
1260,1,drink marc izzy sleepin woot woot
1261,0,can t believe metal gear solid song stolen disappointed http bit ly ykksu
1262,0,really despair whole copyright situation http bit ly ylyi visually impaired mean deserve read sccr
1263,1,merlehenge lost cost total plus nutella like peanut butter mixed chocolatey goodness yumm
1264,1,good morning world another wonderfull day starting breakfst champion kid ofcourse
1265,1,k griffith good atmos decided stay til closing funny
1266,1,jamie good morning one m ore day yay twittertakeover
1267,1,aoibhe well get real clear shot got best could silly people walking admitting er
1268,0,headache nobody keep company want to be a kidd again lt
1269,0,basil highlight day old man lecture greatness telegraph idiot
1270,0,back park sunburnt cant wait totallywiredm night and gonna get smashed bein sober jst wnt b fun
1271,1,photo great night http tumblr com xmopgymj
1272,1,custardcuppcake aussie im hopin sydney less week got visa thursday whoot whoot
1273,1,chrisbrownweb hope ye got dem ur site amazing got everyday tryed own amp failed lol
1274,0,lookin ward work mz n gna b like day weatherwise itl b even worse xo
1275,0,melroze kno im sad evry leavin horrible im supposed b happy summer cant ima miss evry
1276,0,love baby hurt me hurt me more want watch night ruxbury right now
1277,1,finally beautiful sunny day atlanta bad stuck inside working
1278,1,astaldoia definitely something egg yummy
1279,1,great night justine boy westconn people met tonight haha
1280,1,getting ready dayyyyyyyyyyyy hope work go good
1281,0,brento she maybe first mistake everyone cool sqlfool brown nose moment
1282,0,thingsmummysaid result broken condom
1283,0,blkademic sorry hear that sometimes family suck
1284,1,least get watch time let s go pen
1285,0,at amp t cheated system green day ticket damn at amp t
1286,1,kelseyj xo hey chick u alryt u dad tmoro sud sumin aen like last week neva dun oot week lol missed ha bye hun xxx
1287,0,jennjolie yep b automatic u fall someone person or smthng like that way suck
1288,0,syzygy thank
1289,1,bellabkny thanks support kept updating help
1290,1,good time flap a taco daveyboyonline ladylaurali cesyeuxbleus
1291,1,watching pianist dad great movie
1292,0,madison that s get abandoning u miss you
1293,1,joannarobbins spot on i tweet without it thanks share tonight
1294,1,best weekend
1295,0,side seat loner please starbucks there
1296,0,can t chat mitchelmusso since go school http tinyurl com mfdz
1297,0,rest peace marshall
1298,0,woke came realization put much want need drop friend dammit
1299,1,love bank holiday
1300,1,sturday night live
1301,0,cecamy nto good
1302,1,u tweeps forget call mom today
1303,0,lappy charger completely dead conserving what s left battery afford buy new one
1304,1,forsakendaemon hooray
1305,0,keep receiving beautiful pic beach charleymagne office working getting bitter
1306,1,dotmanish dude pestered army personnel mumbai airport let hold much request leave
1307,1,mikeprasad noticed yesterday too i m actually really happy startrek
1308,1,omj qot home party oo a m man tired goodniqht happy mother s day all take care amp god bless
1309,0,sufigirl well that s way start day
1310,0,lonely
1311,0,make want cry grown men discus character child
1312,1,got new frens frm germany mexico n france havin dinner gather nite
1313,1,hope re run nerdprom later sound like lot fun thanks play by play
1314,1,happy mother s day
1315,0,still havent left house yet rediculous really s d p amp t k k
1316,0,schatje ty long tiring day filled expensive plumber work needed calgon hope amp madberry awesome weekend
1317,0,green day performing snl next week sorry made happy still ditzy justin timberlake skit
1318,1,soulsistanindy someone do good morning
1319,1,watching star trek tonight heading lovely dinner fun board game night chrisweis
1320,1,leowolfe haha night man no im sure meet lifetime fact will no doubt it
1321,0,thank u guy much helping follower thing im probably gonna win cause dont follower yet
1322,0,benjamin cook make sad like canada never watch thing move know anyone need roommate
1323,1,jeffsgrippen yeah great always something interesting going
1324,0,sunglass broke
1325,0,joenkobema what s wrong come u pain
1326,0,got bad headache
1327,0,mattyp damp weather
1328,0,work
1329,0,nkeathley tried join chat site would let sign
1330,1,lol kalahari net marketing quot may th you quot
1331,0,fooie yea fun dive a bit scary sometimes fun u like diving
1332,0,fuuuuuuuudgeee burned finger oil hurt
1333,0,little thing always cherish you
1334,0,hate song http blip fm jgf
1335,0,hav follower
1336,1,watching superbad brit
1337,0,graandma s houseee havee leave now lt
1338,0,plan today cleaning washing clothes amp cooking pork dinner weather bit dull hoorah bank hols though
1339,0,moving nothing accessible camera broken kitchen stuff box internet make hard cook blog get brooklyn
1340,1,oh forgot happy star war day may fourth you
1341,0,school today gd dont get see mate n millsy x
1342,0,rolling bed past hour still unable sleep
1343,0,anhhoang sorry posted vid again load me
1344,0,listening hey zulu red n meth sux work right
1345,1,missxmarisa scone afternoon great gonna make cupcake week wednesday
1346,1,demiswissfan yer hope competition doesnt end post video lol really good singer entered
1347,1,happy mother s daaay
1348,1,morning everybody
1349,0,can t wait come home miss bubba bad parent taking canada
1350,0,sick chilling tonight watching desperate housewife
1351,0,inlovewitharmy timeeee mom say something daw tomorrow eh never compelte
1352,1,archiedineros yup stayed end exciting
1353,1,work britad yay
1354,1,laurenmontonen didddd met
1355,0,velmadaria still thinking fkc meal missed yesterday
1356,1,http twitpic com jfa new baby cousin olivia pound inch perfectly adorable
1357,1,millionsbyname jared s wearing green shirt sparkly eye yee hear asylm highly disorganized hang there
1358,1,hey robluketic wow cheer insight ppl look fun oh im stunned it s aweomse robluketic live gt http ustre am wv
1359,0,watched d movie beautiful sad time
1360,0,one random phone call ever god kill now
1361,1,hulantheholy morning
1362,1,birthday awesome on video my daughter opening last gift screaming joy quot my birthday wish came true quot couldn t better
1363,1,greeting happy mother s day
1364,1,sun waking up beautiful day
1365,0,got stuck traffic jam today one sunburned arm
1366,0,lovin clean shaven mr flower look young reminds getting old
1367,1,ok samcarterrules saw u joey thought u looked interesting like thing sanctuarysunday
1368,0,supported thing like n intrested in mom always refused it
1369,1,aaronstewart try drawer horizontal cabinet full non digital fun sec amp finra make job joyful can t hire temp either
1370,0,lovekelsey coming detroit grand rapid october
1371,0,jessicaca yeah know dealin yr
1372,0,allergy suck duck nut lt gt
1373,1,aaah good bye mikee smoked crab
1374,0,busyellebee ur anti understood message sorry left ur vote bnp msg end due space
1375,1,ehh need break gonna pg essay m work going bed now gym morning nightttt
1376,1,realbillbailey cool show last night fit
1377,0,lil kimmeh too miss it i however humpthestump rest life
1378,0,wrote lyric new song exciting i slept full stomach worst feeling waking still feeling full euggh
1379,1,cocotian course do adorable face
1380,1,snl justin timberlake
1381,0,pleeaaasee come sun
1382,0,sick home bored want get better already enjoy college grad
1383,0,bout watch notorious cause that s feelin now wish could eat something can t surgery tomorrow food til saturday
1384,0,abbey marie stick kidd you ll alright there s whole sketchy world waiting taken advantage
1385,0,dannywood btw still can t believe awesome newjabbakidz performance wa u mask i screamed pc
1386,0,can t give blood within year getting tattoo can t give im gutted
1387,1,okneil welcome home wherever may
1388,0,cried eye watching girl last period hahah
1389,1,shashitharoor hope moment inspire political journey back home best
1390,0,sad day office glad friday like get away while poor co worker lost son
1391,1,itsjakey love call chica
1392,1,good morning everyone nice see today hope wonderful funny day
1393,1,http twitpic com jerc view atlas mountain morocco across strait gibraltar took day europa point gib
1394,1,one go jimmy fallon justin timberlake doin gibb bros show snl http blip fm zvd
1395,1,went shopping lil deserve it night town big city norfolk
1396,0,wendica checked win
1397,0,sorry unsociable loading stock shop mum making
1398,0,eoghancasey oh no wish could lay sun garden lol
1399,1,ernalicious raerosero thanks homskis like christmas
1400,0,good day im skint
1401,0,judyrey link work
1402,0,happy mother day going zoo wake oh god noo
1403,1,got school goin cinncinatti wednesday
1404,1,today fun lt meeting boardies acoustic set soo phenomenal
1405,0,iamsuperbianca oh went friend myoh last night ran tarsier pin sad really cute
1406,0,chickwoman im riding high low mood now chore blow
1407,0,teelajbrown know list miss b c conflicting plan go
1408,0,time pack work much time twitter thank follow friday back later
1409,1,stevebrown noo good guy better x
1410,0,finally accepting fact cute guy taken
1411,0,look like another night office lol
1412,0,wrong button music biz building is
1413,0,burnt arm just thought know
1414,1,got rad new t shirt aunt made cool shiny shiny pink material
1415,0,roshnimo yup sad eh betty man betty
1416,1,hello everyone im sitting rocking sam air best classic rock station twitter
1417,0,phew melting stupid fan picked good day stop working
1418,0,novemberlight sometimes fail
1419,0,today last day high school ended going home sick stupid dead rat
1420,1,pink can t wait see december switzerland third rendez vous great show amazing enjoy oz
1421,0,oh god feel like shit
1422,0,nesitajai ur leaving week know dont see u everyday like fact ur city
1423,0,jennafletch freddies cotch ladyhawke here missing bajan beauty
1424,0,well
1425,0,watching killer jr awesome late though cut programme mid song twas favourite too
1426,1,mbrevoort thanks work treat need post xml really though thinking emulate rail activeresource
1427,1,carljohnston
1428,1,snowded nice one
1429,0,need retail therapy bad ahhh gimme money geebus
1430,0,wish still cornwall miss auntie s dog
1431,1,utterhip well catching little piece sharing
1432,0,halestormrocks wish y all unfortunately able make it gotta work nd gig today
1433,1,y weekend karen swansea today
1434,1,um happy star war day btw cheer scruffy looking nerfherders hot ami s there
1435,1,fun night bekah talkin stuff wuv
1436,1,rey mysterio awesome
1437,1,kidcatastrophe cool hear guy can t believe cherry hill week ago missed come back
1438,1,kyspeaks yah footlong sausage mah halal place piggy sausage bigger
1439,0,zeenabobeena im sorry fail
1440,0,thing better left unsaid better know
1441,0,kaliyahpjones lmao thats sad kinda discourages rom goin shit s wack
1442,1,right adrianmw
1443,1,watching quot it take two quot classic lol
1444,1,cheekykerri defo can t wait nice afternoon music
1445,0,selenagomez miss you sad get meet
1446,0,went see dentist can t eat im starving really suck ist s painful
1447,0,heritagesoftail hahaha miss bradddd guy keith
1448,1,sadknob ok happy hear feeling fine
1449,0,watched terminator cried one movie make cry reason arnie dy im lame
1450,1,myucan wahahahaha wanna naaaaa well hapit na guess hahahaha yes know hahahaha lol narn haha joke
1451,0,saniyyah quot my house quot i like club wnt whn la u know going that s tuesday i can t
1452,0,tonyarae rachierach getting dizzy going lower original raise please think less me
1453,1,victory bulldog celebrated white chocolate cheesecake nom nom nom whatta fattyyy
1454,1,early morning am what s up am played w baby outside wow wa s felt great got lonely miss sissy jess
1455,0,another long walk heat hate this
1456,1,xkookie whyyyy hellloooo thx checkin r thing http myloc me gp
1457,0,sad coz hyd theka s dont beer
1458,0,infobunny ouch realising sheltered upbringing wa
1459,0,missed westcott micro apollo
1460,1,alitaluna hey workaholic p lol jus wanted say hiiii i always tell ash invite u say ur always working lol
1461,0,saw dooope bmw series parked top back to bad raining
1462,1,whatswithinu much tune word today thanks
1463,1,spiderdj thank you yes yes hooray
1464,0,ghostexecutive bummer going try make it commitment afraid got way next time hopefully
1465,0,loved johnny carson going hate seeing jay leno go
1466,0,wish london personally witness nun run great idea opening sister act s new broadway show
1467,1,jumping im shower long day work shall feel ahmazing math
1468,0,dangerjoe hey mr danger
1469,1,back school daily show amazing gonna watch later think xd
1470,1,novahalle love everrything breadtalk would eat whole place could
1471,1,curious case benjamin button excited fucking movie
1472,1,prom awesome
1473,0,omg keep losing follower sad want one day thats goal d
1474,1,aphrodaisy thanks making homemade lasagna mum today
1475,0,omfg favourite jerk chicken place closed
1476,0,stupid weather
1477,1,whin park swing victory mine right
1478,1,today another good day less extreme experience anyone fan watching season
1479,0,scottharrison thanks dm atl twestival committee amp really hope public speaking event soon enjoy atl
1480,1,raining gng rain dance
1481,1,waynedastar oh wow thanks wayne
1482,0,macmuso hobart sorry
1483,1,suzyqbee that d awesome think ever blogged about
1484,0,saynerd ericajo grr stupid meebo disconnecting every second
1485,1,vampirefreak haha thanks
1486,0,sitting computer eating grape hailing outside o miss summer
1487,1,good time must sleep lol gym amp dance rehearsal like hour
1488,0,im depressed pretty day everyone either something can t bleh
1489,1,done photo album im good person make quite private now pity ben haha
1490,0,angelicaaa workies dad aw suck working saturday morning study exam
1491,1,laingrithdz thanks lot kind got back nice drive fun car drive nice day
1492,1,woo nacho ice cream haha
1493,1,eating cooky sitting around week now thanks andrea dear
1494,1,happy star war day may th you
1495,1,oliviamunn san diego move here although whether right pretty cold im waiting suck go surf love
1496,1,jordansgirl drag but part come handy hee hee
1497,1,ohmoss curing le hangover epic night bruised n battered hectic go karting session pretty satisfied thank much
1498,0,parent withdrew permission last moment going along tomorrow s sac trip idp camp pakistan idprelief
1499,1,watching f live near montmelï¿½ excited race
1500,1,mooorning friday that s terrific smile up d
1501,1,hilsatlvsonline thanks tip unfortunately major crash http site extplorer
1502,0,two month ago became irrelevant
1503,1,jaybzs hi get try new restos so yea fuunn let s dinner get back
1504,1,mandydean thanks mandy good sister are krikkert may true unfortunately road tire can t say same
1505,0,hick mean
1506,0,accounting class detention
1507,0,oops spent much already lol quid gone
1508,0,best day ever missed him tomorrow
1509,1,rush start true franchise online mode dynasty huge madden online league much
1510,1,got done working nate today got another yippee going vacation next week brave calc own
1511,1,hanging around house thank god friday nina amp missmarissxox later working global project
1512,0,revfry fam would disown u there u really wanted come bbq got weekend mixed
1513,0,computer dy soon much virus virus scanner cant find s
1514,1,good morning want breakfast
1515,1,easytouch let go home
1516,1,beat aye music hall babyy im like cinnamon beat apple apple jack
1517,1,rizzotees lol point laugh
1518,1,heffabella dont know u heeeeeeey name shannn extends hand put er there u from
1519,0,ohhhh sad i didnï¿½t get it
1520,0,still trying get figured out
1521,0,jboo there today sadness
1522,1,im really excited cant wait
1523,1,hoptonhousebnb sorry meaning complain feeling rough heat getting tonight would love visiting india though
1524,1,shot new rifle auto reset plinker target built shop class work great
1525,1,jonasbrothers can t wait definately going amazing lt michelle
1526,1,happy mother s day gonna awesome blessed day getting ready bed beautiful sunny sunday
1527,0,livetosingxo first fight
1528,0,amp malware work pc miss dept
1529,0,depressed watching think dance
1530,1,mollieandme hello sooo awesome dont ever stop haha make fall chair laughing x
1531,1,dougiemcfly haha dude b date p wish u ur b day oth november also turn u reply please
1532,1,atomicfern made day http tinyurl com cumqmv
1533,0,mmm home made pizza that helped make home made cheesecake to eat soon amp family nice day mother amp nanna
1534,0,okay whats twitter laptop completely broke computer acting dont reckon
1535,1,http twitpic com wehl graduation pic
1536,0,need cheering
1537,1,goin bed goodnight everyone
1538,0,theguigirl awwww thanks unfortunately everything close pm sweden friday presentation am monday
1539,0,way shreveport forget bad thing brought life
1540,0,miss baby day
1541,1,lolbethie sound great right now ridiculously hot house
1542,1,jonathanrknight hey babe happy hear twitter today show amazing
1543,0,alwaysmuah hey ruthie girl u send lovely twitts never respond hurt how s mikey dion
1544,1,figured twitter phone
1545,0,jcubed dang course jealous cuz think first
1546,0,sun breaking cloud and covered again
1547,0,seriously heartbroken
1548,1,new t mobile advert trafalger square look like lot fun except load pigeon too
1549,1,looking forward finale race next week missing castle girl though race fan welcome watch chez moi
1550,1,incredibly happy person energy love dance amp laugh the thing know i m one earth ppl
1551,0,last day school sad
1552,1,rudedoodle thankyou
1553,1,can t wait till move home life next year wacky adventure every day
1554,0,figure start raining freed work
1555,1,ckjchambers agree g b reef got vote queensland
1556,1,atbandre nice wedding ring shiny
1557,1,obsessing chris pine heehee
1558,1,abstractg grendel tigertigercb woohoo got sunbeam cafï¿½ series grinder eu food epic win
1559,0,glad got cleared up lah you idk linda hate though
1560,0,today say goodbye second good friend week dmp least sun shinning definately working pm
1561,0,hairstylist left salon without telling going damn
1562,0,onlyjesus hospital week half pretty much virge dying
1563,0,narain dun wanna travel way lunch now yeah there nice place missing shan e punjab though
1564,1,barroca serio barroca parabens may th you
1565,1,subway im going get subway love it ate often new zealand
1566,0,going without brandinmusic skype haha
1567,1,cadwaladr omg yes get ready work early tonight payroll distribution duty
1568,0,matt vega matt vega sikeeee i m sick cough
1569,1,scalzi happy frickin birthday try bitter sharing day lovely wife mother there
1570,1,week one day go
1571,0,glennbeck missed show tonight go lake erie enjoy quiet
1572,1,f lou hahah hopefully enjoy day
1573,1,krisbellmusic yeaaa
1574,0,hate continually getting sick whenever exam
1575,0,school w linda nothing i miss
1576,0,jinxcat failing cooking lately makin sad duno cook less army need practice flour tortilla
1577,0,gedhead stephenfry fiftythousand follower hugh laurie s needle haystack now
1578,1,happy morning sunshine may driving window singing smiling wearing shoe kirsten
1579,1,emmieman ur moomie liked pandora buy one next lol
1580,1,rain rain rain go away come back next week gone via gigglingmarlin raining lie crazy key
1581,1,best job world amp yes australia http tinyurl com clxll
1582,0,obviouslb bow try sometimes hard
1583,0,want hear voice
1584,1,today week yiha
1585,1,best weekend ever xxxxxxxxxxxxxxxxxxxxxx
1586,0,zouljiin best sticker ever also dig hair gotten long since seen last
1587,0,rehearsal gonna miss game please keep updated go nugget
1588,0,follower random spammer
1589,0,simon idol might say life sentence good enough chester stile one rape year old child f why
1590,0,joelmadden applaud accepting gay marriage rels born hate it
1591,0,learn today never post anything sold ebay using royal mail lose it refund compo s nowhere near bad
1592,0,mdfogarty im sad work today cant win ticket
1593,0,rosaliejhale fine trying figure meaning behind song cant think anything urlm in cnmt
1594,0,regrettin decision made
1595,0,brookeleeadams gutted live office girl anymore
1596,0,tracy berwick break achy breaky heart split way hallway
1597,1,time tscc
1598,0,going thursday terrible idea knew reason done quarter pop advil
1599,1,laermer yep three thing good haircut ability listen value taking seriously
1600,0,mileycyrus ahhhh voting closed category would voted though tried
1601,0,twpp one told me
1602,0,beautiful day outside today shame stuck office blind shut stop glare
1603,0,awww kanye west shame doesnt get joke
1604,0,lizridley no better people know autumnrose going chiodos tonight right kill something me
1605,0,want go see street dream playing anywhere near
1606,0,headache headache go away
1607,0,oww can t even describe much back hurt going go stupid doctor
1608,1,cohoons world lol poor cubby brewer roll ranger lost leaf won
1609,1,looosie agfest pretty awesome load people lol
1610,1,tor awesome book can t wait film enjoy scared x
1611,1,happy star war day may th
1612,1,artistiquemeg wooohooo fourth row back
1613,0,mareyachristina nope bored hungry
1614,0,wishing going tonight wait tomorrow
1615,1,solidmetalsnake movie awesome
1616,1,cynthia jenny spamming twitter haha
1617,0,iunfold that s true never believe staff call sick monday friday lol
1618,0,iamdiddy sad roommate fry chicken every night finished tonight s batch
1619,0,miss alot im gonna talk him hope
1620,1,hilaryjp sun
1621,1,framianne aww heee nicely done weekend guest approves lot
1622,0,sad beloved boy online wait everyday
1623,0,jvfriedman can t need work overtime project lunchtime sorry
1624,1,coach say come along way faster alot people oh yeah who man ohh sore
1625,0,best brother in law world sent twilight blue ray gift set blue ray player
1626,0,oh well go hope seamless transfer blog however track running sometime eve
1627,1,sheridanpaige loool sheridan ive got swine flu im still coming skl tomorrow way hehe
1628,0,twitter second day running study leave me car one piece
1629,0,jlskowro jennsquared wait recipe simply recipe sorries
1630,1,webanime tbaggins thanks following me
1631,0,waiting aaron get town leave work booo
1632,1,say good evening http plurk com p rqhl
1633,1,watched wolverine yesterday spur moment kinda thing awesome proud south african director
1634,1,happy juddday
1635,0,nicholasxjonas disappointed
1636,1,courvidloveeva fc back dear
1637,1,sooo happy demi s back twitter
1638,1,dannywood glad u could check u today keep touch
1639,1,second last biology first time ever time haha
1640,0,unmarketing fun idea but saw clothing would really look slouchy would buy think not people r buying dream
1641,1,anncurry photo amazing great subject amp way get people educated darfur hug u inspiring woman
1642,1,mwahihi yes nag twitter haha thanks lm
1643,0,tgif bad weather suck
1644,1,furlongthedog welcome twitter hoped long saw light joined u
1645,0,s retro prom wishing dance with gonna miss great dancing nite still blast amp drink
1646,1,watched happens vega really good
1647,0,gross hot there s cotton everywhere hello allergy
1648,1,last week hit guinea pig picture webshots even promote them way go
1649,1,rebekah mcfly cool nice bless her ya upto love l xoxox
1650,1,goodlaura wave make ok again
1651,0,unfortunately people work let bad morning official revenge dish best served cold
1652,1,waking vega goooooooooooooooooooooooood
1653,1,yfeandipoo sooooo excited see also love let craziness begin daysssssss yahoooo
1654,0,lolzyluvsjb neither could i looked ebay like euro two doubt parent would fork amount
1655,0,got brainbone daily question wrong http bit ly ddt
1656,0,think june gloom arrived
1657,1,justin timberlake totally rocked snl tonight ooh happy mother s day another hallmark mkting tool
1658,0,want see next gossip girl episode
1659,0,gone miss kay way already
1660,0,staronmainest idk lol head hurt rly bad amp stomach hmm personally think s ive deal wit
1661,1,playing elgg cool new website hopefully ready soon
1662,0,eating funnel cake mag fest
1663,1,caught email research project yay label search gmail much easier
1664,1,put tv canuck game score yaay come vancity baby i know can t believe watching hockey either
1665,1,hey guy going create iphone app that s twitter client called tweetilicious please reply thought
1666,1,hollie steel bless her go dreambears lt hahahahaha
1667,1,burnt agenn nice day tho xxx
1668,0,underpaid really need well
1669,0,german think able go germany free whenever want plz
1670,1,playing pacman box a achvs taking g exactly nice
1671,0,naataalieee yeah point gt lt please dont make feel worse
1672,1,sierrasnowboard week delivery oz awesome product awesome price parcel today made day
1673,0,nova caine saw it made sad
1674,0,adambien good luck waiting online can t javaone year
1675,1,celestialq good let s go get done www hennesseyblack com
1676,0,argh noo missed killer wossy suck missed brandon total failure anyone know repeated must investigate
1677,1,donyamaries oh absolutely cant wait lettuce come up
1678,0,wtf come need day go
1679,1,besz well good luck then
1680,0,alex
1681,1,symantec ghost image corruption making cry
1682,0,mscrismusic wish u d
1683,0,feelin really awful mono sux much omg listening music
1684,1,http twitpic com ymw gonna miss guy much thanks making year senior school amazing
1685,0,iamdiddy me ex boyfriend year we broke month ago engaged gf week sad embarrassed hug
1686,0,melly hmm certain one ive gave liking muck head give sometimes tbh
1687,0,cramp
1688,0,use twitter quit life
1689,0,lot decision make i need assistant cook nanny chauffer lol lol real
1690,0,woke up dont want go work
1691,0,hookedonwinter picture make thristy everyday
1692,1,aarg look like go home vega weekend much maker faire
1693,0,caiteggers need one too
1694,1,foreverr almost happy mother s dayy yay
1695,1,going home now seen new twitter design quite heavenly it
1696,1,happy mother day im spend day family
1697,0,first day work im excited lay place everything is well job
1698,0,apartment nothin do little hungry http myloc me fim
1699,0,ayebloodyright mean moz workin baker later pub
1700,0,willie pouting grandma put treat food http apps facebook com dogbook profile view
1701,1,realized tonight s drake
1702,1,southphilly mel thanks nice u appreciate u
1703,0,mitchelmusso wish could would cost much call way uk
1704,1,wanna see jb d movie experience wanna quot touch quot joe hehehe
1705,1,catephoenix thinking deserve award big shiny one
1706,1,saraesse right on myself turn october think pretty much make u awesome
1707,0,v kong record grand prix skip later watch man u game radio well sport come first
1708,1,happy mother day
1709,0,miss old ha ha can t tell person s name
1710,1,thirtysix funnily enough roland president social club
1711,1,tommcfly happy juddday tom
1712,0,crappy day
1713,1,shopping curlysuex tonight cant wait lucky bastard jayrunway already finished work im stuck forever
1714,1,getting cd ready tour
1715,1,davidarchie awoooogahhhhhh heheee hope get decently priced breakfast real quick david
1716,0,rode moped mall fun stuff flippin gorgeous out sad maeannette sick
1717,1,goodmorning tweedles happy mood think always past weekend lol vids beyonce weeknd coming soon
1718,0,much fun day brewer game home sick
1719,0,im feeling nostalgic im sad happy feel over time feel over love you
1720,0,hi ho work go
1721,0,missing bffls missing friday night date hot dog dinner know evening hold
1722,1,went swimming fam hour little toasty
1723,0,jonathanrknight g night jonathan tried stay up really did can t wait till ur timezone much easier then
1724,0,thesvillenews http twitpic com kb sad day great guy enthusiastic teacher
1725,1,bali wait
1726,1,vickytcobra wooo fight goooo vicky
1727,1,really go direction time ugh gotta take authority time day say hello stranger beblessed
1728,0,feel sad coz wasnt able play guy http plurk com p wxiux
1729,1,like new trend who s next http tinyurl com qcyd
1730,0,noiselesssound heard regina girl song le deux think u should have come back mc miss u
1731,0,probably going miss silverstone s race season iracing sad track pure laser scanned awesomeness
1732,1,voice nemo turn today thanks npr
1733,0,saresa feel pain
1734,0,soooo feeling well need get bed
1735,0,r i p lil si s cousin babyfather jimmy aka gemstar
1736,1,officialtila tilaaa make feel special haha hater day
1737,1,rissiapriyahita zanidia clarixxxa thanks udah di follow
1738,1,bleah tad tipsy many cup cake maddies birthday tomorrow family party
1739,1,sun melbourne happy mother day mum
1740,0,contentwhore lure foot massage
1741,0,nanaimo day missing son already havent even left yet
1742,0,min till end follow friday
1743,1,taylorswift wish could come swindon hour away it dream meet xoxo
1744,0,lol exam go mcast school finished form that s soo disappointed
1745,1,broke carafe went starbucks caffiene fix light go out just sec kidding me got laugh ha
1746,1,almost dun choreographing dance
1747,0,got home school wake friend s father tired
1748,1,think castle fun
1749,0,lt i gt waiting natie come online miss
1750,0,want go enjoy weather tired stuck bed
1751,0,curvaceousdee aw gutted
1752,1,probably person world us tweetie ipod touch amp iphone ghetto haha
1753,0,pyroezra really wish could
1754,0,good day havent good week forreal
1755,0,sad face moment day
1756,1,free unlimited ringtones http tinyurl com freeringring usa awesome iphone
1757,1,unclerush good morning you hope nice productive day
1758,0,bigboyramsack kenny u alive i m getting da hair done to bad chillin w u todat kinda sad
1759,0,hungry can t eat anything right tongue hurt bad
1760,1,exploring twitter s world
1761,0,headache headache go away come another day
1762,0,laydieluck damn real sorry hear
1763,0,lost favorite thing love always him story year key chain
1764,1,goooooood morning
1765,0,watched favorite movie quot a walk remember quot romantic sad love
1766,0,totally confused bored life must change
1767,1,cardave lol thanks
1768,0,nothing like waking slow morning doc appt today
1769,0,messed makin right taraellis dontennant elikamahony best holy day wish all
1770,1,timlichfield alreet chap awesome time n congrats recent result
1771,1,tomfelton haha what s like looking back work fun sure
1772,1,henry creek worry thank google there s nothing can t find there
1773,0,ok grey cold day la listening pj harvey jenny lewis cat power i see pattern here
1774,0,experienced apathy empathy customer service situation many time recently
1775,0,thelastdoctor creepy first really grow like him cried like baby tosh died
1776,1,themandymoore good morning sunshine sleepytown sleepy
1777,0,cheered i yelled shake end chant suck quot x quot got suspended amp give public apology lol
1778,0,puzzled people s mood swing make somewhat sad can t pinpoint feel
1779,1,best shower ever still completely deaf one ear kinda getting used now gonna watch the woman now
1780,0,soulafrodisiac feel one i moved recently nearest wholefoods hour away
1781,0,katrin l unfortunately not my work tie whole summer but there s eu tour fall i ll there want rebound
1782,0,dont feel good all fuckkk
1783,0,doesnt want anymore
1784,1,jenalaniz worry ava distract flight
1785,0,omg time sleep today horror really hope best weekend goodnight buddy
1786,1,kirstiealley nice soon pay tweet
1787,1,morrrning last day random awesome weekend gonna round dbar style good timezzz
1788,1,woot interview went awsome get talk mr johnny thought oh well still really good
1789,1,gfalcone hmmm toughie haha alike tom question xx
1790,1,hannahassan go mid valley la boob haha never mind la wanna go anyways
1791,0,wow there s still void whre thomas left heartache never going go away
1792,1,black canyon seriously best fusion food around
1793,1,good job
1794,0,saytri lol exam go mcast school finished form that s soo disappointed
1795,0,terryronald close think running long still chance see it
1796,1,erzonline thanx sorry trying rub in get excited working hard make dream come true awhile
1797,1,got back lorenajimenez s party sooo much fun boom boom pow hahaha ooh told mom happy mother s day
1798,1,djcmc carls jr sound hella good bring http myloc me go
1799,0,grossnoises miss yoooouuuu
1800,1,sortingtrolley sorry missed post earlier edinburgh biased towards awesomeness glad enjoyed visit
1801,1,jadeeisabel nah mine brydielonie one without finger
1802,0,brran really suck think might cry skipped anything important have comp getting disposable
1803,1,taping cox picking starbucks office bc nice
1804,0,im done defending him im going bed im gonna give mom happy mother day least ill try
1805,1,last drop thesis god let end today
1806,1,catatonickid yogachicky shiv shiv place slowly hope
1807,1,hemalradia hello pal nice c u today have gr week
1808,1,good mood
1809,0,seen up cï¿½m anh ko chiu no i noi nhï¿½ tifa roi d thang cloud danh dam gi mac ke quot gt
1810,0,meeshel suck save it
1811,0,thriftymommy well daughter now thats said i miss day they go sooo fast
1812,1,good morning mommy happy mother day pull cat tail know like
1813,0,suewaters sorry failed grasp meaning
1814,1,aclockworktoad awww thats sweet ttt im sure love it good son
1815,1,tell yo mamma em axe durrin said happy mother day
1816,1,got home glad decided go out yay new friend yay hug crush happy
1817,1,best weekend ever
1818,1,ashleytisdale ahhh sooo happy ashley tisdale germany oberhausen show tv o clock
1819,1,wonderwoman yes see mitch hedberg whole floss thing hilarious lt him poor guy
1820,0,going happen one day feel girl mum
1821,1,oh northern downpour radio mean cd anything normal radio station woohoo
1822,0,hate car place lt jx gt
1823,0,ready go work now cannot bothered
1824,1,danslevin welcome thanks inviting u talk hoursnz like becoming parent one really prepare
1825,0,feelin hot
1826,1,acallpro yeahhh u wasnt thereeeeeeeeeee
1827,0,headache boo
1828,1,listening weightless time low thanks katarinahj making listening it
1829,1,fun doll tequillla carne asada and mom dancing funny
1830,1,dinner jiuliani s family yum
1831,0,asacavalli wish wit you friend mine r well weekend working
1832,1,sunshineangel yeah course next time icq
1833,1,remzology amazing due time constraint could visit meadow pine forest shall post image later
1834,0,sorry mean
1835,0,can t sleep without nearby
1836,0,wethehunter sun florida it s rainy cloudy
1837,0,im bored well crappy first day school
1838,1,weekend probably best still another day go
1839,0,danielfielding yeah totally suck hate able breathe thanks ff
1840,0,sometimes thing say hurt one love unintentionally never ever take back fix it
1841,0,ringram glad u feel like cooking tired
1842,1,overall tonight s snl epic win
1843,1,therealingrosso nto milk deffo
1844,1,soo happy frustrated time s ohh noo britney recording new video radar sooo exxciiteed
1845,0,watching quot la rosa de guadalupe quot damm episode true people make fun people virgin
1846,0,kingmoney yep freezing hate winter im literally wearing blackets
1847,0,reveriebr suck hope find new job soon
1848,1,looking forward cambridge weekend shopping ilze
1849,0,yesterday friend mine thrown horse lorry drove past u ignoring u signaling slow
1850,0,wowowee willie fortune making depressed damn love
1851,1,smith amherst mini reunion last night fun miss old day
1852,0,raning really bad
1853,0,miss home farm
1854,0,bored headache
1855,1,frixionofficial hott tuuneee
1856,0,kalediscope girl cry allergic seafood
1857,0,mandyyjirouxx today mtv allow u vote
1858,0,heylushh haha tooooo miss havnt seen age
1859,0,davidtreynolds but want steak
1860,1,sheszladii lol girl video disturbed love hk theme cute
1861,1,shakedxit save
1862,1,itsq lmao smh one threw off
1863,0,lizzerdrix hate cottage cheese even got fancy stuff last weekend lemon berry i could eat half it
1864,0,finished whole box ice cream
1865,1,mikegentile http twitpic com la best kind gum ever bought pack
1866,0,cold beach sucky
1867,0,iamdiddy knew gonna kind party would ve stuck dick mashed potato
1868,0,damn miss bf
1869,1,gotta buy onesies besties lol ah yea club grand ol time
1870,1,happy star war day
1871,1,good morning going kick butt day
1872,0,deg c here tech room major downside lot heat help hot outside
1873,1,mobarzharlem walking street harlem home sweet home
1874,0,evening picking n pop go dinner ta lum tum tum som tum major avenue decided go home not clubing tonite
1875,1,also excited blazin squad revival im rooting em new song http tinyurl com dztms
1876,0,drop girl got heart sure leave broke bleeding know turn back you lo
1877,0,really really miss
1878,1,lostintheforest thanks remember sae make stuff
1879,1,exam thennn sexy time
1880,0,miss little batty month old got sick always fun full life lt even end
1881,1,ate foot long subway like hour ago omg happy full ate since b fast happy li
1882,1,sashagrey since reading twilight series watching underworld today gotta say perfect pic day
1883,0,charter pissing off rest internet access blog except fixed soon say see
1884,0,causing trouble partner crime
1885,0,head killing me keep sneezing think boyfriend fell asleep greaaat
1886,0,slow get tix
1887,1,excited rove tonight jennifer garner gina riley
1888,1,solangeknowles going show amsterdam can t wait
1889,1,calling room mate
1890,1,fooddesigner good luck pressure test worry everything great masterchef
1891,1,vardenrhode many thanks mate
1892,0,saw baby dove fall tree break neck die tried save couldnt cruel world
1893,1,going sleep big beach day tommorow love guy nite
1894,1,therage come you atl show jljf swear fun much fun
1895,1,soon going look cabaret going fun
1896,0,chescaaaaaa yeaaaahh
1897,1,long day family tired now fun
1898,1,eric andersen thank eric glad u appreciate that
1899,1,perfect outside work
1900,0,sick n tired people steal people s work
1901,0,uni work weekend fun time
1902,1,turtleclansago thanx msg glad u liked singing
1903,0,wish teased movie night
1904,0,movietfan well completely lame sorry dude
1905,1,taylorswift hey tay plz u write hey elin me im sick u feel better
1906,0,missed call
1907,0,vcenter screwing today specifically mssql server connects to
1908,0,zero thomas it
1909,0,akavirtualpa everything nothing hmmmmmmm
1910,1,great time kc http twitpic com wfi
1911,0,head huwwts
1912,1,heartbomb haha do fave san x character that s rirakkuma
1913,1,mightyvanessa hahaha that s cool pic sal made daniel you lol
1914,0,suzanella missed mine too fun
1915,0,message songoftheoss could let people know booted
1916,1,cheadlek another one coming later week westlife dvd trademe one after
1917,0,wish going back lake weekend had blast miss lil bro
1918,0,eddyizm like turtle
1919,1,getsmart haha live long amp prosper movie better thought awesome job pleased
1920,0,dumb keep losing follower
1921,0,aubreyoday aubrey know speek lot fan say miss seing t v hope seeing
1922,0,pokinatcha honesty pain blech
1923,1,day till birthday hope weather good best good thursday friday otherwise il scream happy b day keiron
1924,1,ok soooooooooo that got u palm hand
1925,0,tooshie interesting people like never bored tooshers
1926,0,ughh none apps working phone hate
1927,1,timen great idea
1928,0,love movie grease can t believe jeff conaway guy played kenickie so sad see celebrity rehab
1929,1,angelibarra guy rocked tonight yes u tacoma kid rule
1930,0,ugh foot feel like going fall off
1931,1,blp lol yep tell rhonda said happy mother s day
1932,0,head hurt wait see new photoshoot
1933,0,back hurt heating pad it stupid ladder collapse make fall back bum
1934,1,job centre bound oh yay
1935,1,may new fav number
1936,0,limeice way home dood dont think crappy vodafone gprs handle yaymen com
1937,0,miss rain oh hell way tell me
1938,0,alltimebritt made sad thought jumping joy
1939,1,free unlimited ringtones http tinyurl com freeringring usa awesome iphone
1940,0,big sugar yet another s bandwagon late get on next s amp d bnl reunite kind like odds
1941,1,pretentiousgit cute dog
1942,1,lovliest night last night ruined doctor inability warn side effect back test
1943,1,http twitpic com jhl picked watch yey
1944,0,working diffusing irritation traffic sure helping mother f always real bad day th help plan stuff
1945,1,came back hanging friend cocktail lt drunk feeling good hope everyone s well
1946,1,teresamerica oh yeah is see really get going lol care like heheheheh great
1947,0,ordered new computer unfortunately get end june
1948,0,back know misunderstood see thru ur eye u love mama love
1949,0,got work today three day left heart breaking
1950,0,spent day bridget small thing got wind farted lot oh yeah baby slightly broody
1951,1,emma bmth also want attend tafe gig asked mum soundwave like hmmm possibly probably mean yes
1952,0,gotenkslovesme haha yeh lol maybe missed last roadshow cause rain
1953,0,oy im nerd im writin no cuz no followin mean lik sum account deleted due quot strange activity quot
1954,1,crazyfirebolt haha love way u put quot he lift foot ground spin u around make u crazier quot
1955,1,put brat bed im chillin noodle
1956,1,magic rafi singing shammi kapoor
1957,1,much fun haley super cute beach love it million pic come course
1958,0,stay home wife take daughter friend tokyo steak house sadly body cooperating today
1959,0,guess go back scrape oven now blerg
1960,0,hate working sunny boohoo
1961,1,clumsyfa yeah love hawaiian outfit reused rugby year doublechin
1962,1,sbarro dinner krispy kreme dessert mmmmm healthy
1963,0,back work
1964,0,gonna miss nanna amp bampa going lake disdrict omg got disney channel miss baby matt love x mitchel
1965,1,freshypanda haha drunk golf sound awesome predict great score today
1966,1,sister said yayyy hannah hoedown today haaaa hannah hoe apparently hoe
1967,0,beateveronica jealous would love deer steak one downside almost vegetarian carnivore living together
1968,1,love waking thinking weekday realizing weekend
1969,0,didnt know starwars day
1970,1,jackalltimelow im glad lot happier barakitten lt see yah july
1971,0,aw zach feeling well hope get better babysitting canceled
1972,0,dorkybarb currently penguin mn zoo go sometime soon
1973,0,going memorial guy grade died
1974,1,borgellaj know what cat
1975,1,whoohoo went get movie junk food womens night mwahaha gt
1976,0,dirtlawyer re swa amp pet good news owner bad news people w allergy needed fly less sad many know
1977,0,wiffleball damn
1978,0,like waiting
1979,1,sarahteaa good girl sarah got club
1980,1,slinkawoogie honored hear name breezy track hope u liked shit drunk bowling
1981,1,jordanknight please wish wife evelyn happy mother s day tell hope wonderful day spoil today
1982,0,mileycyrus never answer me
1983,0,dameenrouge tara thai time friend s birthday food pretty bad
1984,1,abiface thanks havin u overrr
1985,0,sad friend everyday long as time
1986,0,headache cold
1987,1,much good food mother s day complaining seafood durian puff macarons yum
1988,0,p rainging
1989,0,tired climb bed fall asleep hope weekend fun couple week left
1990,1,kashimae thanks kashi thinking day mad disservice taking ur class
1991,1,busy creating new logo site
1992,0,came online big cause ruined
1993,0,nobody love twitter
1994,0,oh also here s clip new moon trailer can t watch cuz work http bit ly wxal
1995,0,robo rob ikr hate lack troyella ggmow always make sad
1996,0,nudged much going lately umped game wknd took one pill
1997,0,really want go maker faire tomorrow sick makerfaire
1998,0,everything going wrong quot happy day quot
1999,0,poor bretty yay phils
2000,1,really happy and drunk really happy
2001,0,sadly time come put mom home
2002,1,acchanosaurus good luck chan gue kmrn bawa backpack kosong quite helping
2003,1,gulpanag congratulation heart hacker computer hacker
2004,0,sunflower seed dude say
2005,1,djclichedarknes good homemade flour tortilla age
2006,1,got bit neckache going hard not going home alternative night mean to nearly
2007,0,mitchelmusso hey mitchel live again get chance call
2008,0,aroundtheus cheer
2009,1,back home bathing kid ironing clothes hubby nephew s graduation tonight remember
2010,1,reckon could live yogurt week good selection flavor
2011,0,way work hungry
2012,1,amber benson thanks message fan since forever actually met back glad stumbled upon twitter
2013,0,road again miss traveling traveling partner
2014,1,happy mom day
2015,1,mjasenn totally owe week on call duty appreciate jill town
2016,0,emmyrossum ah hate happens race erase m week going
2017,0,sharlynnx aww thank xx
2018,1,love app thing hella awesome bro
2019,0,ugh tired waitin bus jpbabii good morning
2020,0,danefiori thought splitting estate depressing course kidding like thought parent dying
2021,0,davewares working day weekend over aah well another one coming week
2022,1,sunset view beautiful room
2023,0,mpvt another david hughes list hurt davidahughes ftw
2024,1,haha bet settled bad
2025,1,aliciawag hehe nz magical place earth
2026,0,summer yet read book long book
2027,1,novawildstar damn right
2028,0,even mile mile apart still holding heart day jonas brother d concert experience w candice
2029,0,well twitts waiting response dawnrichard partying good time so maybe day
2030,1,hannahsukter anywayss point dying spend summer somewhere hot guy
2031,0,quot monarchy quot gonna bleed u dry nothing slave pig d c reconize country anymore
2032,0,retrorewind awwww cried make cry love joey
2033,1,heading downtown drink dancing
2034,0,mom s car broken into feel violated
2035,1,fotojen halgriffin hope guy fun can t wait ya ll back wilmy without
2036,0,siiyu could lost dog poor girl
2037,1,purelynarcotic ohh twpp falling silent waiting track ur u version next time maybe btw sunny california sound good
2038,0,xmylifesastoryx rob got lucky game beat
2039,0,lunch time feeling really odd today generally great
2040,1,ready go milan see ya ll evening
2041,0,lost respect someone
2042,1,day long text conversation me
2043,0,tired hour work tomorrow
2044,1,em got big list today hubby work weekend going u think
2045,0,thestevieos yes herrrrr dude gonna fucking cry
2046,0,ladebelle yeah double edged sword guess dead new story
2047,0,jonasbrothers movie today cant go see
2048,1,davidarchie ok david talk later great dayyyy ay ay ay ay
2049,1,nightshade wooops meant agree boomstone trying reply both lol happy mother day well tty soon
2050,0,busy ugh largest headache
2051,1,fun time allegra tonite saw again good movie
2052,0,spendin time ant gone night
2053,1,bed hot date sudoku maybe chapter two reading stay awake long great night tweeps
2054,1,random night fun im chillin home happy mother day
2055,0,oohhmandy itsnikkitime haha shiiit austin o brien pardon bad call
2056,1,mrspinkyivory hey pinky ordered stuff site gave me got yesterday mail pretty thanks
2057,0,awful hiccup today can t fall asleep
2058,0,sad news week hospital uncle past away today r i p uncle tony
2059,1,natburleson nope husband golfing amp tornado amp playing im spoiled everyday esp last sunday tattoo
2060,0,latinamarie ruddy manageress nd bad job her never find good place beyond cut
2061,0,afey umm abt comment like p quot i dont like this quot
2062,1,happy star war day may th
2063,1,good morning every gorgeous n im stuck work wish home chillin out hopefully tha day go quick doh
2064,0,artythecat oh no missed again
2065,1,rajrikhy hi uploaded completely new chinese lesson www youtube com chineselearn please feel free watch enjoy
2066,1,rohanbabu brought buffalo gb it fastest transfer rate usb hdd i benchmarked mb s comp
2067,1,takaki i yeah poor yao hope u fun looking lakers jerseyz haha enjoy ur time buddy
2068,1,meeting karen boy drink dock wanna drink though fuck like andrea said haha
2069,0,honorsociety like butttt going august th concert hurt feeler
2070,1,jtimberlake went resteraunt nyc aaaaaaaaaamazing
2071,1,lmao ummmm nothing
2072,1,yesterday fun st concert year i know late xd buena vista social club live free
2073,0,outta ofc til monday grand kinda bummed b c genuinely sick there s nuthin gt
2074,1,lesleyer goin good takin easy th weekend im preparing big event comin u girl inspire great thing
2075,1,paulina good morning great day work
2076,0,sevidesigns delivered next friday looonnnng way away people guess laundry next week mil s
2077,1,good morning twitterworld slept less
2078,0,rubios beachmex can t dm since follow me
2079,0,almost fell asleep hair dryer tired feel like going puke
2080,0,rdougan wish wa well past hour been bed proper migraine
2081,1,hobbz really think awesome discus
2082,0,mexico city traffic beating rush hour make aeropuerto
2083,1,everyone get buckonellen one topic thing
2084,1,im fine also up way early lol soo r ur dog kut i def want pit lol
2085,1,tpearson toooooo thank u
2086,1,liam peed potty
2087,0,study study study fun saturday
2088,1,the real nash want honorary filipino follow thanks daxvelando
2089,1,jasonmitchener yes sir i acquired master art christian ministry a loooooong journey completed today so thankful
2090,1,bandit zero cool thats good
2091,0,miss friend much
2092,1,jonas awesome watched groovy movie frankie weird lol
2093,0,profitable day looking forward sunday gonna great day sad too th grader last day
2094,0,webaggression promise so
2095,0,work tired want go bed
2096,0,http twitpic com ofz ugh gross
2097,1,http dayna dreamwidth org daily random ness
2098,1,breporter thanks much following muse much gratitude wish magnificent amp productive start day
2099,1,love family feud episode kardashians tonight
2100,1,ocell great hear saw slumdog millionaire yes that s bollywood thing end
2101,0,happy camper good day all
2102,0,binary sorry make it
2103,0,eating bagel yummy
2104,0,andremichelle mr tonematrix birthday today poor guy ill home perhaps hi twittersphere would good
2105,0,guinea pig died today
2106,1,beautiful albeit windy time night no
2107,1,got home today fun
2108,1,downloaded twitterberry life even convenient
2109,0,jeff can t get visa time come visit me sad news going lapa tonight samba night away
2110,0,tummy hurt
2111,1,wonderful piece cake lunch else could want
2112,1,ztnewetnorb hha yeah like heart weve met shaun bradie seems real
2113,0,theredhood going away partyyy mandydiblasi s come
2114,1,andyroddick work mo sunny today see band tonight
2115,0,violetbakes friend massive beatles fan impressed
2116,0,tojoha suck delete
2117,1,brought new glass camera
2118,1,fantastic full on weekend going finish high cheeky chilli thai fried rice amp glass red
2119,1,barnaby saw tour month ago boston good glad finally got see
2120,0,miss way much cnt stop thinking nite nite folkkz
2121,1,shortcakemlt movie plane mall cop but saw nephew already
2122,1,kmore yeahhh thx figured
2123,0,feltbeats that s right kick down
2124,1,gcrush thank you guy awesome thing blog tonight grateful
2125,1,happy mother s day lady hope wonderful day
2126,1,cherrythegreat hay naku madaya ka talaga ah hehe hey happy mother day mom nga pala baditz mom also
2127,0,atraiocatharsis dont ignore
2128,1,cindeelean wake week funny deathcab make think you amp use calendar track work hour
2129,0,izzyj is here oh hun sorry everything through last thing deserve unhappy home
2130,0,champion yeah neither huntsville would quit job one job there
2131,1,wish paramore would come ireland
2132,1,jjrogue interview tuesday thing turning around think yay dont worry japsicans rare breed
2133,1,watching rugrats anndd tweeting course
2134,1,jules know i would too yes cant wait bb love it heard theyre showing hr live streaming year though
2135,0,sochae too know miss excitement lol
2136,0,friday well technically anyway but really thursday me dang work saturday morning
2137,1,looking forward orange juice fried egg cinnamon roll tomorrow morning
2138,0,suck playmate mia weekend sad
2139,0,raspberryhatter aw sound amazing think work thank inviting though
2140,1,bought awesome shooeessss
2141,1,selenagomez selena s mom congratulation nice day
2142,1,received leeds k bib timing chip hip injury mean breaking k pb time around
2143,0,anyone else bad friday fun day today
2144,1,jennyinmaui read twitter bio love it clever cute smile
2145,0,oh zombiepix follow anymore need someone cheer
2146,1,brianmcnugget rofl that s like hear
2147,0,x crazyangel gah gregg got hot talented vote dammit
2148,1,botse that s cute picture get fat licking bbqs must found chop someone else s
2149,1,happy mother day mommy
2150,0,gossip fluffodile here latest mad night teg jack lou tess frey gender war v sad friend also
2151,1,soldierbeetle welcome hun amazing people make sure say hello them
2152,1,can t wait real bed haha
2153,0,kbal sorry feeling way
2154,0,saw pic past thanksgiving sad grandma them
2155,1,downtown drinking celebrating cavs victory
2156,0,jus planted garden backyard
2157,1,scarlettx omg forgot that lucky thing hope fun x
2158,0,http bit ly gqdbd one saddest song ever heard
2159,1,http twitpic com w operation happy mom success
2160,1,received excellent birthday present party usual success
2161,1,woke hiccup came back
2162,0,angrily told extemely abusive mentally emotionally amp physically made day nightss
2163,0,bigkelleh know can t
2164,1,playing ufc unleashed demo impressive game got apprentice now lazy monday
2165,1,really really ready
2166,1,soundeffect haha that s awesome would cool horror movie death scene maybe cool but amusingly ironic
2167,1,david henrie http twitpic com jbsq look good want one
2168,1,hey guy went jenny s house today much fun everyone else u guy doo
2169,0,dcal meaning email month pre reunion party must coming soon really wish could there gt char soon
2170,1,ok im pass out tonight lovely buenas noches mi gente tomorrow shall party again
2171,0,bit tongue blood everywhere
2172,1,mollymazy aww happy mother s day girlie kingston lucky great mommy
2173,0,koifusionpdx another day find you ended trying another cart can t remember name sigh
2174,0,tired need another minute
2175,0,going graduation hubby to be feeling well instead job hunting online
2176,0,another favorite local place bite dust con sabor cubano place go amazing cuban sammiches closed
2177,0,notmywords yup unfortunately took today work slept day
2178,0,arghh found ianknaan going rock bell can t go
2179,0,madeofhoney im sorry dont wanna cuz u act u turn right around ignore
2180,0,disappointed learn newark oh cancelled july firework due economy
2181,1,eaten feel extremely bloated fun part
2182,1,daveduarte remember evidence based management lecture definitely best ebm
2183,0,darn dont guitar tomorrow
2184,1,little girl shallowness annoy me good side didnt straighten hair today look decent
2185,0,fml today suck hope dance bring soul up pray im still sad i hateee todayyyyyy gt
2186,1,currently munching baby carrot nom nom nom nom
2187,1,markstanto thx webdu conf thurs
2188,1,chrisfullman would never thing thing awesomerer minute walk work
2189,1,alicedric can t wait it love script honestly future career script writer stock twit
2190,0,smackdown lot boring without maria
2191,0,therealscarab better snicker bar hershey w almond use b addicted b miss lol
2192,0,sry day tweet mia twitter network glitch story re funeral mix up wrong remains delivered ea
2193,0,ok shopping far fun unpacking bag
2194,0,lizzidoll wish va
2195,0,rebeccanavarro banditta sorry back food calling name lol all good hi sorry said sooner lol
2196,1,oh yeah radio playing earth wind fire
2197,0,looking special girl im fed bein hurt
2198,1,lossing power house alone fucckinggg cool party cakss
2199,0,beautiful day shame got spend office
2200,0,half a mind chris staying glasgow instead cause absolutely accomodation edinburgh due marathon
2201,1,rachelxvacancy hi th fallower
2202,1,finished work
2203,1,naka quot if there s camel hill quot quot i ll give plankton quot hilarious
2204,0,came home thinking maybe something good eat apparently not
2205,1,roflwolf yeah basically awesome
2206,1,guess late sigjeans
2207,0,good drank jager licked hot asian girl s foot bad reminded never get asian girl ever
2208,0,friend
2209,0,thedebbyryan look like ninja tutle xo lol
2210,1,haha wow there s song called hit twitter lmao okay g night
2211,1,david henrie hahaha make laugh
2212,0,gabrieledurning sadly late traceycakes got elsewhere still yummy tea w wee wknd
2213,0,found mad men season delayed august
2214,0,made work get feelin blurgh
2215,1,petecooper happy anniversary fluffymuppet hoping many many more best u
2216,1,missrogue wow awesome review carry everywhere laminate it read down just plain cool
2217,0,wishing beach right now
2218,1,andreamichellef s birthday today wish good one asshole sleepytime
2219,1,biggest headache right now washed hair wif mum s shampoo gross like shampoo way better
2220,1,relaxing bed go sleep nice get house tonight
2221,0,always get left
2222,0,promised eat crisp im starving there nothing else quick eat
2223,1,chokewho nah rolled jason manly talented bjj ace maul way jake looking great can t wait fight
2224,1,fpoint oh nice something nice next week going madrid next weekend day
2225,1,woke up busy busy busy day bake bbyshower cupcake jay bday cake bleach hair amp see boo
2226,1,anthem right now leave high dry http blip fm fcr
2227,0,u see dont shadez
2228,0,livinghandy de stay tuned http www livinghandy de
2229,1,foooood yummy so whose washing dish rofl
2230,0,dont wanna work tonight
2231,1,smartiej sound lovely hope great day
2232,1,industrial repierced made cute little friend
2233,1,jpblogger nothing like quot rocknrolla quot another good film rock title
2234,0,brighternoise really
2235,1,coebooth got hour ago yet
2236,1,littlepinkstone either went snicker although enjoying listening rr beer
2237,1,happy motherss dayyyy sister decided make lunch hmph decorated house andd danced sang hahaa
2238,1,thetahealermaya u re welcome thank sharing excellent content
2239,1,nakedsoap dandineen lol yep sure do although must get house today
2240,1,prince aries person something common then lol jk
2241,1,shrinkingjes whoo hoo congrats getting lb
2242,0,feel really weird
2243,1,mrahrensean lol ok ok little absurd lol mini open toe heel make weather
2244,0,sorry mum treat well
2245,1,bluecrystaldude happy attending kenduri eat yummy stuff behalf ya
2246,1,c key stating work yayness
2247,0,concertjunkie quot i saaaaaaid quot haha kinda make sad though http bit ly ujua
2248,1,everybody awake well everybody u know mean friend haha fun aiming
2249,1,pamluther like put fruity article website permit
2250,0,solangeknowles proud solange
2251,0,dj s partypeople great cc kicking next one june
2252,0,got thinkin weird w out dog
2253,1,nikkibons happy birthday dork lot love today wish could buy drink make great night
2254,0,eldorado house goodbye aliante house memory made memory fade
2255,0,sleeping soo good woke like min ago n got sick feeling great wanna go back sleep wide awake
2256,0,cosmicgirlie car happy big big dent boot hoping theyre going write off crossing finger waiting
2257,0,rome italy love there elegance style difficult live chicago elegance here sad
2258,1,shawnk whoo hoo chuck although gloomy out today much better day
2259,1,thekellanlutz omg want go too hahaha
2260,1,am feeding baby fun smile coo
2261,0,tired ive walked kilometre today
2262,0,cry tuesday co find out economics offically cry subject lol
2263,0,natalietran like term quot partner quot come relationship business like that s ugly word day
2264,1,love dreambears want gay best friend
2265,0,took shift tomorrow really feel like working right now
2266,1,annasaccone seeing friend coursework weekend work happy
2267,0,imjustcreative com on dude always think thing get worst
2268,0,sadness top horde guild liked disbanded
2269,0,tired anxious
2270,1,another great workout feelin kind funny
2271,1,gooood morning
2272,0,field day gt class not winning
2273,0,memory
2274,1,typezero thanks slooooow hehe stoked hope good weekend
2275,1,turch aww congrats family send piccies email
2276,0,need speak sofiedeville left phone home
2277,0,leirastorm that s sucky miss on
2278,1,avenue a rocky kind little rockpools amp octopus amp shell amp stuff want beach perfect overcast day
2279,0,happy mother day feliz dia delas madres mine already heaven miss you
2280,1,looking new idea blog
2281,1,got call chimp buddy want join party load prepare now wow great cup tea first think erm
2282,1,found rollo got happy hmmm guess really need inserted back matrix o
2283,0,dont like funeral
2284,1,heeey heeey go read
2285,0,leave mr sweetbullshit cuz go work really want to
2286,1,watching jay leno s nd last tonight show gone day without leno like four years
2287,0,life know it exist anymore
2288,0,trentskers pfftt wish time though
2289,0,sitting wondering amp wishing bunch stuff never
2290,1,morning prayer meeting amazing gift prayer completely buzzing morning christ alone hope found
2291,0,cant find red lighter reminds amy
2292,0,rckstar gotta that sad
2293,0,im tired bored sad what great evening
2294,1,going home enjoy left day can t believe quickly week flew by time tweet
2295,0,davidismyangel enough time if get vip know make least other
2296,0,mandyyjirouxx mandy let vote want win can t help gonna jump bridge kidding sux
2297,0,tired bored watching movie home alone
2298,1,jerzicua say met all awesomest people bunch them
2299,1,jeffparks naw i ll keep in turn odd nugget wisdom
2300,0,effing tired http bit ly ezfz
2301,1,beautiful morning
2302,0,marsacademy hug you awwww i m sorry feeling sad e
2303,1,meredithhawkins aww nice
2304,1,shoegal oh okay cool
2305,1,jeninamaree voted you hope win
2306,0,poorly can t sleep
2307,1,filce haha know cant handle fame thank you
2308,0,ran eclipse mint
2309,0,bad day office horrendous mood national act like idiotic buffoon day today no one bothered tell me
2310,1,johnlusher welcome wonderful day you stayin outta trouble ready crash party lol
2311,0,alone still watching tww eating italian chocolate solving logic puzzle
2312,0,axelsrose im trying fix really need stop cutting
2313,1,pixls hahahahhahaha true could really stretch stuff shame rem s dog got mad tried put avi s face
2314,1,clara heyy lol talking david archuleta site well lol funy lol
2315,1,laurenkel pancake lemon sugar thanks
2316,1,currently playing part list
2317,1,someone admitted crush me that s cool
2318,0,light depression payed extra bill last year tax must find country tax lower
2319,1,n end another wise great nite excuse dream little dream
2320,0,never starbucks coffee entire life people keep making jealous
2321,1,going relax chill tonight back work tomorrow week least fun time girlfriend
2322,1,aulia quot alternate mean acquisition quot sound sorta noble
2323,0,need get back daily tweeting hiatus suck also suck gsn interrupting show airing gt lt
2324,0,sad take suit b c know going get wear one long time
2325,1,fatdaddysweets yay busy good
2326,1,aha sadie marie brother s wallpaper phone dolly sheep aha loling
2327,0,need motivation life oh love would nice
2328,1,vileness hilarious imagine reaction
2329,1,happy star war day may fourth
2330,0,can t fucking concentrate damn heat cooler job
2331,1,happy star war day
2332,0,frgmnt know lame
2333,1,got brace tightened today got mcdonalds haha sport tomorrow yay yay yay netball tryout wish luck make team l
2334,0,taurenlegend kind hard see pic doggie pic exist
2335,0,life suck ur fun
2336,0,jaidenkhat sadface
2337,1,pik hair braid up scrub make relaxxxx tonight fun
2338,0,bodywisdominc sorry missed pcharityclassic saw across way busy taking pix abt came meet u but u gone
2339,1,good mornin twiggas
2340,1,yikes would great vip act enjoy seeing noooo
2341,1,hnnhmllr lmao baked non stop sound like yummy fun
2342,0,dawl get day still aint hit me love
2343,1,eliasharrak ummm come on twin slurpees car twin going pretty epic
2344,0,bring connector camera trip saving new photo wait another week
2345,0,best day ever met greatest year old never see again ahh miss i saw hour xd sad
2346,1,leifreak hi miss isabelle here
2347,1,finally done project haha goodnights lt
2348,1,ileanedover heyheyheyy happy star war day watcha doin friday movie
2349,1,opalbonfante wonderful let know think light reading
2350,1,inlovewitharmy hehehe i m nice
2351,1,officialtila idea good dinner happy munchin
2352,0,oh god sad day
2353,1,hoedown throwdown say is getting there
2354,1,morning workout sesh love life
2355,1,pon and zi thanks way
2356,0,irize yea yea im torture stanky leg marathon ima dance hr til can t mo
2357,1,getting ready concert tonight yay
2358,1,lil cuz coming round today aww haha
2359,1,awsome voice bored nothin really consider going back school yeah right rather cry boredom forever
2360,1,davorkapozgan congratulation great funky site u waaw
2361,0,im happy ipod laptop dont know whih one decided refuse let sync song live without
2362,0,ac broke house waiting get estimate timeframe repair bright side gonna join colab week
2363,0,buddytv found giveaway wish would known sooner happens unclaimed city
2364,0,morgret probably not kinda expensive work people weekend work
2365,1,yesterday awesome sunny day best friend good food amp ton fun could ask
2366,1,chamber hahaaaha
2367,1,designbreaker nothing stayed home
2368,0,see me point laugh ugly
2369,0,got attic w sadie art work included good time broke head phone bad time still happy buy attic
2370,1,cannot find poetry book dad s tear room looking it don t gonna sad
2371,0,want go tonight cant get home
2372,1,going help lancey cook
2373,0,ptwaugh xbox broke hope enjoy playing v wa looking forward that
2374,0,ederyn bad day t t gyah car baby client teething miserable forgot pack lunch get new car
2375,1,headed wmc day hopefully enough time swing chinatown way home mood duck
2376,1,jessbooka drove past hotel wish u ere thinking december trip real white xmas
2377,1,oh hella forgot say official good morning like hear it go goooooooooooood morrrrrrrrning twitterville lol
2378,1,realbillbailey really made night infact made weekend well done
2379,1,skybluetom ha ha thanks tom loser hopefully going nd june till rd july what date u goin u missing helen x
2380,1,eastcoaster funkydung doh inside job lolzor
2381,0,looking forward seeing paparoach raleigh fan year nb too scalper took tix sell moron
2382,0,http wave google com lt google wish spend bit time adding bit chrome though
2383,1,juliepilat great show
2384,0,sick math
2385,0,biggest food fight mosh pit ever miss across school
2386,1,jonas absolutely heartwarming now time bed goodnight jonasbrothers
2387,1,want dazzle
2388,1,saw ghost girlfriend past bf movie predictable funny loved
2389,0,intel gfx driver situation much better recent upgrade kernel rc driver git suspend working again fewer mem leak
2390,0,leaving atlanta morning catch joco pa amp st excited missed p amp s d con last year made sad owl
2391,1,supper tonight kurumi minute
2392,1,happy friday weekend everyone tgif nothing
2393,1,made way round park jogging quite pleased th outing
2394,1,cutest cat moment video http shrt st ce enjoy
2395,1,b heheh qualifying pretty exciting tho
2396,1,happy mother day
2397,0,jonasbrothers saw webc awesome loved song im sad cuz couldnt wake early started am
2398,0,omg period cramp ftl much pain
2399,0,theavtr dont quit
2400,1,woah love new twitter app many new thing do got finished watching jonlakers video good
2401,1,hadoukenuk http twitpic com hsd weheyyyy give thanks midi keyboard
2402,1,eating dillybar dq yuuum
2403,0,recieved mail month life boring
2404,0,roxiedax ten hour ago sleeping sorry
2405,1,oohlalisa oh yes quite nice photoshop liep zojuist vast start painting rï¿½isï¿½ngs glove
2406,1,watered tomato plant pepper plant lettuce feeling homely freddie fun packed day
2407,1,star trek hd impressed beam spotty
2408,1,justin timberlake leonard nimoy dick box sequel priceless
2409,1,going get strawberry champagne tonight
2410,1,yes make obama
2411,1,hah saw wolverine last night die happy well yet though got thing get done first moy
2412,1,woo hoo happiness score apparently over the top happy considering week had
2413,1,jennywoo bbq chicken pizza last night although deep dish glad hear fun p r
2414,1,ff arieschild vega buddy amp laker lover uuugh love even though way n chicago
2415,1,excited taylor swift wednesday
2416,1,cold nearly gone yayness grey anatomy tonight double yay
2417,0,awh last day tour miss hangin w sendoutscuds child soooo let s make awesome nite ok
2418,0,officially holiday week center parcs internet bye peep see return
2419,0,clintonsparks told u tried said late cause girl took ever get ready wanted meet
2420,1,littlefletcher happy juddday carrie
2421,0,like dress
2422,1,nadavs cant wait thing
2423,0,work huge headache
2424,1,redrosepetals god bless oh so sexy rahul picture
2425,0,thomasfiss hahaha ur gonna tweet awoke night haha man concert suck cali s da place
2426,1,piyush ranjan ever mention nice awesome dude are
2427,1,em hahhaha indeed kinda like spoon hahaha
2428,1,going ride perfect night go chill
2429,0,chasssss got attacked club
2430,1,ok done sunday morning finding time enjoy sunny day
2431,0,yep lost bet chris
2432,1,taylorswift omg taylor london near scotland please come visit glasgow
2433,1,andrew idea rest think ben princeton could fun lol going late
2434,0,scene slut am always shit
2435,1,sarinnejonas thats cool
2436,1,bluevolvic awesome keep look it
2437,0,feeling pretty poo today
2438,0,jdrydenuk yeah available public market yet soon looking forward sunburnt arm itching boo hoo
2439,0,bed bed bed samuelasanders never answer text anymore thought day sent one never heard back sad day
2440,0,lyrically me would me
2441,0,never thought say this miss job commute cubicle free food amp coffee downtown quit
2442,1,pcsketch well going get talk later goodnight good dream
2443,0,rip kelly fucccccck
2444,1,monday bad sunny fb
2445,1,doin damn thing crib bout watch star trek yup
2446,1,realbillbailey good moring mr bailey birthday today
2447,0,going eat aunt soooon getting ready changing hope today goood day idk miissss himm
2448,0,diana music im always blunt feeling never seems good
2449,1,going cinema see ghost girlfriend past
2450,0,miss guy
2451,1,maliamorgan thanks following
2452,1,souravghosh dream give rise reality said walk dream fly dream believe achieve
2453,1,oh radio amazing yesterday
2454,0,lost peacock chick morning
2455,1,lol good time journalism back room everyone else think weird
2456,1,excited r r mother s day
2457,0,sell medieval trading pavillion v sad
2458,0,spoke class dreaded ch bio test
2459,0,ringorang today wrong answer row brain s working today
2460,1,looking forward ben s baseball game tonight
2461,0,keep lulion family prayer lil bro jus passed away
2462,1,samantha yay tell said congrats
2463,0,can t sleep epp someone awake scared crap outta me
2464,1,allicandy testing hey gotta add someone follow
2465,1,ihatecrayons http twitpic com wp like it
2466,0,raining stuck inside working today probably peed sunny outside ok rain
2467,1,jonasbrothers absolutely incredible official favorite jonas frankie man
2468,1,back office hectic week weekend awesome
2469,1,lemonjat hehe funny the midget thing cheer alex wave germany right now spain d
2470,1,get bitten rabies infested person last night yay me gonna scare rachel quarantine tonight shall fun
2471,0,wish pool
2472,0,guess gonna try nap thing day since kid cooperated yet week sure day different
2473,1,mdjensen little late congratulation st tri great accomplishment good night
2474,1,done chocoslam brother usual failure finally burnt tongue hahahaha stupid me
2475,1,sageeb say nicest thing
2476,1,msstacy well thanks thinking me ever get scratch one well right here
2477,0,depechemode concert next week cancelled alternative date known yet dave gahan tumor
2478,1,vivanews com breaking news tweeted hope welcome twitter
2479,1,teacherpaddy hey padster it s dirt track thx info got mile
2480,1,im full tripple thick chocolate milkshake mcdonalds feel sick
2481,0,worthless person one love love back way should
2482,0,morning everyone sorry going early last night bad news felt totally crap today new day
2483,0,want cry thought nba season almost next year miami
2484,1,exciting week
2485,0,burned tongue
2486,1,back weekend getaway energized another week bring on lol
2487,1,ganga pleasure great recipe
2488,0,bored waiting till go tha bus
2489,0,http twitpic com vld like bang want hair back
2490,0,singpolyma aaaaaaaahhhhhhhh hate internet people learn quot native widget always best quot
2491,1,shakeitblueyes good
2492,0,laying bed sore snuggeling domino wanna work today
2493,1,rosiecosy thanks sympathy bad hour ago started thinking appointment tomorrow
2494,1,samanthadepanta really well stay long needed definitely come visit me look forward
2495,0,watching quot that thing do quot comcast missing boo like crrrrrazy
2496,0,lost favorite pen good thing back d
2497,1,mango medley yummy mango mango ice cream
2498,0,cchiron well a see blah blah blahing much yep forgot sorry but i m here
2499,0,adinterim still jealous
2500,0,thankful last minute doc appointment baby girl temp sitting doc s waitin
2501,0,woke up i wanna stay bed
2502,1,thelma amp louise good movie
2503,0,day nothing
2504,0,came home sister spent night
2505,0,still missing husband really want home
2506,1,seat nice place go
2507,0,empirebetty well tell marry like maybe that s stuck situation like
2508,1,tom conrad take good photo
2509,0,way school feeln rainy day all lot fun weekend
2510,0,want see bud mel miss hur load
2511,0,lucyburchell sorry get chance chat screengrab caught glimpse across room dragged home prematurely
2512,0,streetztalk physic boring class ever
2513,1,happy star war day
2514,1,celldweller must have new music sleep give u chapter might die first though hurry
2515,1,sex beach cosmo kamikaze captain america ahhh fun night still over
2516,0,paid bill money
2517,0,hot thermometer showing c moment
2518,0,feeling bad little sister put lot money saab took full coverage last week totalled yesterday
2519,1,camp rock meltrev amp daddy yay
2520,0,nanay cried reading card gave her hugged next thing knew cry too haha cry baby love her
2521,1,angryfaggot decaf tea late never coffee id fly around room justin timberlake hosted funny sketch w samberg
2522,1,dinner rainforest cafe laura
2523,1,got great expectation tomorrow gonna awesome http blip fm jf
2524,1,brazilianlinda whoop totally read wrong ahem yes participating day may madness ebook there
2525,0,jonathanrknight understands long hour
2526,1,new follower pretty cool tweeps check em out
2527,1,spootychild omfg downing tasty ate almost lo
2528,0,lil maggie okay miss tanyadenalilove im sad didnt text todayh
2529,1,last week class well technically class two exam summmmmerrrrr begin yeahhhhhyaaaaaa
2530,1,loving sun today even thought revising good day though kates afty shit day bless x
2531,0,anyone yucky new throwback pepsi mountain dew yet plan keeping around drinking it
2532,1,vansunder making hot chocolate almond milk mother day festivity starting early
2533,0,edge left contributor list month s issue x ffs lt werd
2534,0,jerseyzmorenita sad true shouldnt right
2535,0,izzndsophtv want experience snow snow suck
2536,0,made okay rap mix couldnt stuff wanted im getting ready leave
2537,1,holly lol too going am easy used
2538,0,gatorade first thing morning yumyum feeling shattered must arise revise tomorrow
2539,1,missdaisymusic ben got twitter good work
2540,1,michaelmagical warmfuzzies you friend
2541,0,lrntoswim thx followfriday afraid remiss blip lately
2542,0,woo hoo friday wait work cleaner tomorrow
2543,0,supergirlnancy sorry code posted site
2544,0,traceeellisross all miss girlfriend season
2545,0,need follower
2546,1,hey im back on msn work darn msn haha can t stop thinking d movie haha
2547,1,coledavid little family party tonight hope rocked
2548,1,got home dinner mommy new grandma rather hollywood right
2549,0,retrodiva wish could bed nine while never make a m sleepdeprived much
2550,1,rsvp ed qiuqiu s wedding invitation
2551,0,hilzfuld patience worth
2552,0,malarkey ok point taken tell team stop cynical championing standard active x far better anyway
2553,0,brendonbudness unfortunatley tooth kind crown
2554,1,got back working out feeling pretty good work
2555,0,watched devil wear prada want live new york city ever must poor
2556,0,pvtmarcus always choose good guy even know game feel bit bad evil thing
2557,1,roxy right palmade stuff pretty cool
2558,0,aliasgirl exactly say hinted him seriously die true
2559,1,sammihouse awww lol yh worth it mcfly worth eekk
2560,0,im feelin rite mood flor twitter dark
2561,0,nicsey snap know feeling well
2562,1,watched sex amp city season amp drank little wine w date just ended w goodnight kiss could get used night night
2563,1,leeprovoost thanks tip company laptop aiming another solution actually
2564,1,feeling better something tummy
2565,0,mileycyrus yeah isnï¿½t prom germany although school almost everywhere same
2566,0,work work work get tired sudden paularos nicole told say hi aww enthusiastic hi paul
2567,0,nicktheintern love still havn t done lunch together like said would miss friend
2568,0,shan sir i woulda put honey but
2569,0,melissaha what kidding az landmark kinda news make sad
2570,1,calculator made lot little algebra baby today
2571,0,waaa octo drive can t go
2572,1,whitsunday lol l love tweet keep coming
2573,1,humous dorito s oh yes
2574,0,hour im taking aerobics class min break
2575,0,oh no crashed ball pump
2576,1,nick carter awww poor know u bless
2577,1,andytaylorsonic yey holiday monday uk today chilled day
2578,1,terimoore congratulation keep u posted thing go
2579,0,tammytrent left quot again quot title whoop
2580,1,domsofresh bl muthafuckin ah win
2581,1,eliteaffairs funny
2582,0,wickedblueglow bed sick heavy fever went dr s part reason watching aladdin still fed
2583,1,ddlovato miss chatting
2584,0,wife lost sprint blackberry bike ride am anyone extra bb laying around retweet
2585,0,jennasnacks best check up down can t really see anything
2586,0,forgot wish sister happy birthday yesterday
2587,1,barack obama legend watched dinner speach pretty funny
2588,0,slept in missed bus train delayed stop stop late work fucking heelllll
2589,0,johnny actually invited movie many thing concert
2590,1,wish nicky home
2591,0,man hate church done though like way make people feel good
2592,0,honestly home alone
2593,0,bored everyone social life except me babysitting brother tonight til dunno ill allowed
2594,0,sorta need somehow forget e la practically ethic exam self imposed revision time
2595,1,want grape soda jack fowers fault also tracecyrus wish could see play uk gig sold out please reply
2596,0,failed shit lol
2597,1,rainboweagle yeah replied meant take photo drink laaazy didnt x
2598,0,ugh dunno im best mood know allergy meh
2599,0,facebook bitch
2600,0,acmaurer wonder get urbana
2601,1,good morning camper got lot sleep last night thank you thank ash thank you
2602,0,feeling well food poisoning
2603,0,cold
2604,1,a tall blonde hello thanks follow
2605,1,decided go uni today http plurk com p suyr
2606,1,tomorrow gone new home i born single our little puppy basset hound
2607,1,trixie zombie wrangler sound like fun halo war
2608,1,alyssa milano good morning alyssa hope u great wonderful day today im happy cuz today last day class yay
2609,0,mrswilliams timperator fï¿½hlt sich ganz montezuma iphone
2610,0,sometimes forget boy feeling
2611,0,iamlittleboots recording eqpmnts out full day mind gone blank outfit g a y still nt arrived eitha
2612,0,dosen t want go work tomorrow
2613,1,ran mile mcdonalds ran mile back would burn double sausage egg mcmuffin lol
2614,0,sanda ummm sure miss ya ll alot too think know meant
2615,1,russiandiva tat look beautiful heck mama business woman dana
2616,1,finalscorebg nice
2617,0,hmxcasey sorry
2618,0,got rock found car got birdied evening
2619,1,tackstorelady coming today get hat credit
2620,0,realization today made sad least healing begin
2621,1,trying sweet lil ipod totally nerding out and totally ok
2622,1,kind excited go school today dont know why hopefully good day
2623,1,jesfive sweeeeet san fran awesome love
2624,1,wearing new victoria s secret slipper
2625,0,kylehamilton wow saw tweet proflowers fiasco that s fun
2626,1,danielleadalis ending te funniest see jonasbrothers know paranoif always stuck head love it
2627,1,werewolfseth think niece got sickee lame
2628,1,ukrainiac yea say something great hear ukrainian
2629,0,jtay finally summer unforunately can t come see you it ll see y all again tell emm said hi
2630,1,csi printchick exactly thats first time saw reply jon never going again oh fun new phone
2631,0,fearnecotton gonna miss show whitby weekend btw love show radio always on ly x
2632,1,great weekend one hanging nick amp brendon church morning can t believe loretta mother day raffle again
2633,1,sitting outside laptop kinda nice
2634,0,yurges loadsa shizze happend im upset
2635,1,definitely need work business trip much free food alcohol sure gained pound
2636,1,billzucker thanks making laugh
2637,0,funny kinda sad last day
2638,0,cant talk well remembering something said me good thing fucking bully nasty piece work arrrrgrrrrrr
2639,0,yassak hate her love her presentation got cancelled got went work today pitch
2640,1,bridgetsupple busy lovely time
2641,0,past am already spoiled rotton
2642,1,saltyshutter cool bean yeah man prob
2643,0,cancel wow
2644,1,dream last night singing first avid dream crooning away
2645,1,celebrated play last fm dez moines tdwp http bit ly gwuhx
2646,0,maidmirawyn supposed go tomorrow tooooo use gas ticket money pay car inspection fee
2647,0,gasfreecommute i d love able bike bus walk work safe area
2648,0,thewbdotcom sadly can t view site due region restriction
2649,1,getting ready school second math test today also last day rd year next week officially th year
2650,0,dailypep sure cry unopportunte spelling moment
2651,1,caught google street view http twitzap com u aw couple good one
2652,0,heap keen next weekend mummy lt
2653,0,wossy juleskaos good show killer rock cut em short
2654,1,nerdwriter close trying them yummy
2655,0,simbaaa mahimaaa sorry help it twas try get trending topic
2656,0,sigh getting computer even homework bye
2657,0,sashaboucher omg know ruin weekend suree want too
2658,0,hate bff groundedd boooooooooo
2659,1,davidleibrandt good know fun
2660,0,faulko watchign garden window far hot
2661,1,got home another amazing night
2662,0,thedailyshow week
2663,0,loved sun today love black suit black top plus train tube get meeting back need shop summer
2664,1,hitting fairly empty shop orlando downtown disney later http tinyurl com cdsuws
2665,1,tonight fun
2666,0,tired summer already
2667,0,draining iphone battery half day without making single call suck month old huge fail apple s part
2668,1,even though already monday thanks followfriday complement know are
2669,0,well suzylake discovered can t swim out sorry
2670,1,imeldalaura woodchipper amp gonna top weekend nicely
2671,1,iamchrisc soo jealous right now
2672,0,sad going miss seeing pennywise year
2673,0,didnt cry end sad see last episode er man good series
2674,0,annie ugly gray outside even san diego cold get may gray june gloom u
2675,0,moggy internet last night er brill massive explosion end nearby gas work er standby
2676,1,greeeeeeeeeeeat summer four class if know me u know
2677,0,macbook pro sitting close poor macbook ashamed plastic face side
2678,0,drinkins suffering internet work bad site hosted russian server available
2679,0,ria got g phone im jealous
2680,0,harry baked love cassie online
2681,0,watching final episode boy flower
2682,0,middle breakfast school called yep back get shey again rd migraine week maybe one never went away
2683,0,updating old ipod sad i miss orange nano
2684,1,clive birthday pat http apps facebook com dogbook profile view
2685,0,drewryanscott like u said quot give tc chance quot miss thomas move on watch this http bit ly rrfc
2686,1,tncc sweet livin saturday night
2687,1,watch arsenal v chelsea today
2688,0,omg realised listening quot perfect story quot penny liked dr horrible damn captain hammer omg im sad now
2689,1,laniew exact one thinking bestttt
2690,0,sun burned today my arm look angry party tonight tho babe woop
2691,1,rafikakikukeko couuuurse fika pray thes best then
2692,0,feel like crap whenever lay down hate heartburn amp backache
2693,1,cloverandbee yea way go super excited great midwest resource midwest pride
2694,1,
2695,0,overslept headache
2696,0,school tired didnt hear text last night lol still tired love jesus christ
2697,0,aspitar hospital doha amazing great service nice building free wifi win
2698,0,ottosdaughter sorry hear
2699,1,rainstopper lok ef too jummy
2700,1,ha sure hey text normal
2701,0,southland wk
2702,0,bored need friend
2703,0,ewww printed new i d badge thingie work n eww picture took many n ugly
2704,0,pm sun setting soon setting soon too grab dinner catch sitcom
2705,1,ive spent lazy day today finding interesting people follow reinforced saying take sort people
2706,1,noxhanti lol gt mention it pleasure
2707,1,pkollar heart warming indeed looking forward day
2708,0,wish here babe
2709,0,valholla that s sad kind mess getting weekend
2710,1,employee orientation serco yayy excited nervous wish luck
2711,0,galaraza stop mean me ur hurting feeling
2712,1,goin bed finally sleepy happy mother day
2713,0,say quot we close quot mean quot come quot ffs people also rip polly
2714,0,missing deeply
2715,0,feeling great today
2716,1,natalie brown thank much natalie hope u well
2717,0,isabelmariee oh snap
2718,1,wanna go dbsk oppa s mirotic concert thailand really wanna go muchhhhh burst tear
2719,1,mega sunshine morning
2720,0,dutchreaganite roflmao feel inspired go start huge bonfire
2721,1,girsl night way foam party sleep tonight
2722,0,ate chocolate
2723,0,saw dead bird way work what kind day start poor little bird
2724,0,guy stupid idea good girl actually care them so sad
2725,0,wish laptop charger could tweet faster
2726,0,ludwikc broken can t c
2727,0,besides feeling sick some thing made feel particularly happy
2728,0,oh darn lost another follower
2729,1,genehiga congrats knottie man
2730,0,wanna go shopping get paid till next week
2731,0,soooo bummed missing blockparty again able get app listen iphone
2732,0,brother s back amp amp found really small dead bird deck sad basically cried
2733,1,buchautor thanks follow friday
2734,0,got full day work today can t wait tell get home beer tv time got make money get beer
2735,0,friend feel though need bring gift house warming a mess
2736,0,joemuggs urgh grime likey
2737,1,beer smoki lucky strike good time good time work drawing stuff
2738,1,wellington monet exhibition casually bumped wayne brady hotel lobby mega exciting
2739,1,cha rade oh economy gotcha sorry happy got another one la enjoy socal ahahaay lol
2740,0,ankurb kidding go around quoting
2741,0,samsamsammm miss you stupid work
2742,0,bowwow hey going viewable uk time broke heart play last one haha
2743,1,much happier despite looming departure
2744,1,watching grey anatomy take blueberry muffin oven mmm yummy finished geoggers study note yay
2745,0,conference call arranged pm today blew leaving early window
2746,0,happy mother day ugh sick school tomorrow watched e news keeping kardashians dreamgirls
2747,1,sarahblevins know
2748,0,macabre hard believe dropped real nuclear weapon real japanese human http ow ly nru warisfucked
2749,0,miss bed sleepy
2750,0,another boring meeting attend
2751,1,one else muhahahaaaa well maybe jesse
2752,1,sun shining great day
2753,0,jasminecjones thinking thing love morning chat totally need live gether full time lol
2754,0,wish raining
2755,0,yenbearr yi ryke it
2756,1,well done visteon belfast year salary paid show happens stand
2757,1,jonas babe woo im getting mine monday cant wait x
2758,0,dezurita nooo real mushroom neighbor uprooted
2759,0,looking forward next week math geography english french exam totalling hour
2760,1,britneyspears thanks following me hope well cant wait see australia ya come
2761,1,wedding
2762,0,pizza breakfast shower class
2763,0,goy back day test hospital going start chemo monday
2764,1,quite cool day charlie ben aswell got lost stung nettle
2765,0,sick stomach headache wish someone could come rub temple
2766,1,ankita gaba evrytime listen name tat plce reminded mojojojo dexter s lab
2767,0,prodigiy crystal method tomorrow usc birthday party work first time miss crystal method sad
2768,0,freebiesmom video available online gone morning missed waiting long
2769,0,sadly sitting home could going partyyyyy
2770,0,alinachka anyway could forgive me
2771,1,eating wich yumm dont think since season ended
2772,0,katieeeian missing devil wear prada sad
2773,1,peacediva nice r ur plan day oh n happy mother day u happen b mother
2774,0,tonight last night apartment
2775,1,bobbiehouston haha photo funny hope disturbed passenger much flight
2776,1,made best turtle ice cream pie everrrrr btw happy soon be mother day
2777,0,flickie dead bored also dead poor student life piss take
2778,1,drmommy got smile
2779,0,prettygrl annie can t goin outta twn night sorrrryyy
2780,0,shibuya yeah closer secret stumble
2781,0,kingivn fun amorsote even tho u forgot bday today
2782,1,get ready school absolute wonderful day
2783,1,bryan sweet didnt think gonna talk towards end night talked
2784,1,good day all let s see get accomplished today together
2785,0,dan been child miss you msned day
2786,1,quot it s rape scream surprise first quot customer said me haha via omgitsjessielee lmao
2787,1,happy mother day fellow mum great day mine spent garden family
2788,0,lisatayl stay great mother gave cold flu left still cough
2789,0,simplemia yes need listen sad sp song
2790,1,wroe ohhhh excellent song hello friend
2791,1,touched changi hr kill heading penang must fly singapore air often
2792,0,didnt devos hopefully day doesnt suck it
2793,1,steve berra happy bday stevie bee and u want follower u get little tweety may baby r best th
2794,1,olorinlorien know snooker though nicolaherbert ate huge fan
2795,0,need see band live damn blink coming uk year anyone wanna go see billy bragg colin blunstone me
2796,1,thelonely aww sweet
2797,0,beginning get way hard please friend
2798,0,another gorgeous day pau will home time week though depressing thought
2799,0,howby hm sorry hear that well keep holding on break over go take nap now
2800,1,serenechai that s cool think del s going korea time you fun
2801,1,http twitpic com wff got pretty sweet sticker refyousuck
2802,0,finally deleted number phone contact heartbreak
2803,0,fire call today missed
2804,0,teksone no u weekend uk
2805,1,sashairene hahaha oh man please come pomona would love see everyday instead like year
2806,0,anotha day work lookin forward hate closin fri
2807,0,starving diet killing can t eat pm
2808,1,moved new apartment exciting
2809,0,twisty using paint net x running crazily fast can t afford c unfortunately yet
2810,0,saikatblogger wow effect thanks update
2811,0,literally laid bed day major headache
2812,0,pissed someone took wallet
2813,1,get wii fit couple hour
2814,0,well thats then exam failed bsc gone
2815,1,torenheksje thanks retweet
2816,1,craving king sized snicker
2817,1,catboy dubai enjoy sound idyllic geordiebird lost bikini perfect holiday
2818,0,get boy doc persistent cough good http plurk com p xt
2819,0,aw grillz background look like plaque
2820,1,kelly straycat haha ty
2821,0,growwear unfortunately u look like funny people twitter move fb start own flitter
2822,1,home now
2823,0,shit back home tallcree rez cant see boyfriend
2824,1,ok shoe club cool fun poppin except ppl tryna dance wit
2825,0,aw wish ireland neilhimself
2826,1,alancostello well a long tree yeh definately need go find one maybe crutch tho p
2827,0,sooo long twitter cuba
2828,0,ac welcome twitter world andrew tell david twitter haha kiddin know want one booo
2829,1,hurray quot summer time quot start today meaning work pm instead august yay
2830,0,zarigee got mcdonalds surpisingly popular drunk food option suck diner hr anymore
2831,1,stephhh awww heard sweetest guy fan
2832,1,start new week ton new photo take edit yay
2833,0,tummy hurt
2834,0,friday night magic last night lost bad suck draft
2835,1,better idea need couple hour relax bed time sweet dream everyone love u
2836,1,movie pretty interesting actually gonna finish watching it probably seeing star trek tomorrow lt zq lol
2837,0,feeling deflated hubby saw swing set amp think piece junk thought found something good kid
2838,1,ok mother fucking duet hysterical lol
2839,0,finished watching series return chaser war everything really quite crap compared used
2840,1,happiest girl world best weekend ever can t wait next weekend either grateful blessing
2841,1,happy star war day everyone
2842,1,crazytwism haha good
2843,0,checking zensify iphone work fine landscape typing
2844,1,soo happy thank baby best day life
2845,0,mikeyunderwood rice crusty bread chili aawww
2846,1,least two three time week turn tv find comedy central already endure brief moment scrub
2847,0,ii wanna go home thee weekend ii gas sukks
2848,0,julezykins must kidding boy definately i hope anyway o o girl probably honest must proper ugly no one like
2849,0,reason lived he reason im begging die
2850,0,made dentist appointment th june feel sick nervous already however ibprofen paracetemol codeine friend sigh
2851,0,headache
2852,1,pugged ready go device update on feel free bombard time time actually get something done
2853,1,letting anyone get tired taking people s pain time happy person without drama om
2854,1,home tired phone bed good night tweeter happy mother day
2855,1,ambersalerts lol look youtube later thanks
2856,1,got freakin macbook hoorayyy freakin deleted phootbooth
2857,0,tinogomes marcelon passed away
2858,1,vincenthofmann yes but cute predictable work you
2859,1,bellothika flower grow
2860,0,christineknight poor love hope get relax somehow weekend
2861,1,watching sex amp city brother soccer game totally defited purpose coming hehe
2862,1,monica hour late never managaed sleep properly think david tweeting back earlier reason ahaha
2863,0,aaarrrgh sooo want see johnlegend msg august dammit decent seat expensive booooooo recession
2864,1,feeling great
2865,1,http twitpic com tn home sweet home picnic blanket though
2866,0,michael scofiled noooooo hate writer director n production
2867,1,hi all recovering party looking forward exciting bank holiday around diy shop life cant get much better surely
2868,0,theblackestsea oh crap
2869,1,babygirlparis hope great weekend paris
2870,0,etschuetz sux mayb btr u nvr know
2871,1,quirke wish still around litter azalea caught dd back yard bunny lap
2872,0,ben amp jerry s fail got email free ice cream say click redeem coupon click get error message cherrygarcia
2873,0,watching quot all king men quot pretty good far
2874,1,one s child the child world again say happy mommy day
2875,0,gimboland sorry change plan revision monday exam park one friend
2876,0,relaxing day park sun back work tomorrow
2877,1,http bit ly xdc spanish grand prix one hour
2878,1,tessmorris worried it s great job quite nice way spend day
2879,1,first star trek anything really entertaining see harold fly enterprise white castle
2880,1,happy mother day ekin sayang mak
2881,0,sitting outside cold ocean glass wine
2882,1,jeanettesanchez lucky you rain city today enjoy
2883,1,sissy went bridal shower tonight crazy woman
2884,0,want listen musiq soulchild ipod
2885,1,beautiful day wish energy enjoy it
2886,0,phone still blocked fav cll
2887,1,karlaam blouse ahahaha gave money went get it where s mom
2888,0,the sandman grave wound hursty samvoaden miss guy much xx
2889,1,pourpresheep lol thanks babe
2890,1,lar saw baby blue regal word quot slab quot written huge letter side hahaaaa
2891,1,konghee good time sun amp dayan ny
2892,0,dannygokey im upset u u weekly uncle work apparently didnt know big fan am
2893,1,ceramicheart heart sings
2894,0,japanimated miss
2895,0,rdegree man still seen movie too bad work
2896,1,great night old friend we re still quot home town hero quot some thing never change
2897,1,work still quot recovering quot amazing beautiful weekend mentioned incredible friend are
2898,1,phoebealice x brother moved
2899,0,ashleygofficial aww dont cry ashley
2900,0,drum made people set so give back
2901,0,dog dug hole backyard well iwas sleeping im grounded
2902,1,happy mother s dayy andd rest fabulous mommy s
2903,0,no surprise unfortunately yes
2904,1,reading book instead revising thinking lunch heart rate bpm case wanted know
2905,0,joiskol room make sad
2906,0,jimmycarr sat sunbathing bombed church day left missed
2907,1,dimple know tupac lyric too
2908,1,wooh th tweet life xd
2909,0,little upset cause stephanie bring brownie today
2910,1,light bike sound good hahaha
2911,1,winding down love low key day
2912,0,could message cheer robynlouise leahstakes misskeribaby jewlear celenko sarahbeeny beverleyknight
2913,1,eating one big subway cooky glass warm milk yum
2914,1,went party last night dindin showed matching outfit great mind think alike anyway happy birthday ate lara
2915,0,mom left
2916,0,joooo rest week less hour long
2917,1,alycemadden arent u famous already lol adoring fan fan would anything hehehe im no fan
2918,0,sick today
2919,0,miss vlogcandy
2920,1,wedplanworkshop flight already booked plus ggd st birthday can t miss especially missed ggd
2921,1,kluless fantastic jjj you question already teacher s pet
2922,0,quot shipping amp handleing quot soooo expensive entire order ordering yet
2923,1,jadeyyg http twitpic com wrxq whens little gingg getting twitter g j
2924,0,davidmihm please tweet meme
2925,0,barg posted gmod birthday see it
2926,1,geekysteph also try friendly fire already heard them great stuff florence machine great great music
2927,1,finally finished mom s card took long getting picture look good though happy amp can t wait til see
2928,1,nizhonipetphoto wannna go wanna go anywhere jersey
2929,1,esmeeworld good luck tonight fun
2930,1,lucky belong
2931,1,went mikey s cousin s wedding mom caught bouquet
2932,0,danger sky miss is i never want come home seriously
2933,0,smartie that s good day
2934,1,wish kirstiealley happy mother s day
2935,0,missed friggin hair appt
2936,1,goodnight
2937,1,good morning
2938,1,johnkeithhart thanks glad agree wth follow policy
2939,0,star son hard review grab instantly morning delay review nd listening tomorrow
2940,0,michaelmagical oh dinner time here still sulking missing fillet min sob tea amp toast
2941,0,apparently degree kilkenny now comedy would great remedy boredom hell leave kilkenny
2942,0,akdb tell
2943,0,head hurt
2944,1,haha bored but happy mother day
2945,1,almost ready leave house head wthr
2946,0,kaelahbee aw kaelah feel bad you sound serious please get better soon admire still working hard stuff
2947,0,debut steve yes but going paid pub
2948,1,postlemonkey oh awesome yahooo good night sleep tight let bed bug bite
2949,0,marijo sabido nada de ti making bit sad must say
2950,0,nigs ah month sure advanced biased seem grow faster day sound old
2951,0,awww lil girl bgt said didnt time soo sad huggin
2952,0,need get life together aka apartment cleaned back birthday
2953,1,last time get taco like this
2954,1,hangin cool as people http short to jp
2955,1,reagan con according quiz http quizfarm com run php quizrunner
2956,1,lollipop great interview video favorite youtube
2957,0,hitekfame bad always running
2958,0,enchanted myst soooo disappointed look like btw image gone
2959,0,tommcfly sweet england becoming lamer lamer since guy left
2960,1,belting next normal fabulous evening choice
2961,0,japumpy need botox work lip going change name angelina jolie thought sad though racism
2962,1,picked jesse lacey kevin devine grace read bootleg net acoustic tour really good
2963,0,thespencersmith part religion called people with good taste in music celebrate jonas brother day
2964,0,costavidafred awwwwww sorry going miss you
2965,1,laughed much today picture lauren chest hurt
2966,1,margjoc haha aware one contract uti training work tomorrow morning go bed early
2967,1,hoisin duck pizza salt pepper pizza gelato dinner edmund jade good time
2968,1,lady gaga poker face acoustic really really good really sing
2969,1,donniescupcake bet great bag can t wait
2970,0,big si moved day gna b weird without her x
2971,1,little one s cast taking beating starting show wear tear less week active
2972,1,would really like buy death note amp later week loved movie
2973,0,sianhughes oh god watched to claire escape again really quite sad
2974,1,guess what second time around still fucking great
2975,0,way home sleep makeup pedicure graduation ceremony
2976,1,professorspork actually envy even though already seen it good
2977,1,love creditcard sized memory stick microsoft keep sending
2978,1,tayler nicole wow lucky happy birthday
2979,1,duongsheahan nice meet too nancyloo best bringing along
2980,1,know late tcu nightly scan start oh well graduated today
2981,1,juniesgurl woohoo broom isnt standard there seatbelt mine whisper like swiffer
2982,1,yay im ride home take tha yellow limo super gay
2983,0,http twitpic com h yd drive within foot green nd time playing hole count though bcit golf
2984,1,thinking song use next chilled edition video
2985,1,marcftsk haha thanks clarifying that i thought u meant mr bello wish could there cousin live
2986,0,hate sweetie bad day http tinyurl com lrdj
2987,0,bhuto given way kunal khemu etc starrers turn out there high probability shit rather niche
2988,1,jonathanrknight great hear u today u r best cannot wait see u cruise lt cindy sign
2989,0,eujean yeah
2990,0,deathstar destroys starship enterprice http bit ly agcth can t get enough video starwars startrek
2991,0,want burrito still minute work
2992,1,ashleynewcomb oh yeah lot rambly goodness lol mail bed early me probably insomniac huh
2993,0,cherryadestains blatently fault shoving bag said felt much tricked me xx
2994,1,happy star war day may th you
2995,1,amazing time last night mcfly incredible
2996,0,bed stomach ache
2997,0,friend san pablo right now drinking laughing swimming iim here huhuhu
2998,0,hitting bar two people lame tonight
2999,0,mcdonalds mccafe taste like chewin cigarette butt miss sonic card
3000,0,ouuuuuuuuuchhhhhhhh still hurting barca spanking
3001,0,superrzaaap forgot yardsale event ooh pity
3002,1,leslielang adventure fun yr old mo old you re brave hope great time
3003,1,pamela edward heh heh odd amusing thanks
3004,1,mortensax promise thanks
3005,1,finished baking cinnamon roll soooo yummy
3006,0,allysonrobinson a well bell hook teaching transgress sometimes miss teaching amp messing bad system
3007,1,bsaeed nice meet tonight amp thanks
3008,1,itskanye tnx following looking forward tweet you
3009,1,sumptuous mexican meal
3010,0,ugh back work today
3011,0,stupid shopping bag left red mark arm
3012,0,miss
3013,1,ciaobella evening sat night
3014,0,saddest right now lost mobile phone earphone waz feel little incomplete feel
3015,0,djflykid ooooh boo see bar at titusofalltime s well miss other make pt stopping by
3016,0,close entering pogue s book today quot world according twitter quot yet seem far
3017,0,looking window depressing beautiful
3018,0,found can t drink bar booo missing e palomino s cheer sad face
3019,1,finished st new song soon youtube keeping updated
3020,0,sad otalia today
3021,0,spicybev yep itï¿½s mother day well family ignore it weï¿½re celebrating every day lol
3022,0,dont get car back til monday boooo
3023,0,downloading chex quest year sin final release say right
3024,1,sharneselanier thanks hon great yourself happy mother day
3025,1,anyone need help image let know convo forum s link
3026,1,went muslim marriage first time life came back stomach full tasty briyani really like much
3027,0,missin boo
3028,1,onti fun tonight
3029,1,hopped bed put swwwaaaaggg oooonnnn got back bed raining
3030,1,dbgrady lol great movie
3031,1,bribee lol funny love angel hehe
3032,1,getting little mowing grass evening fun
3033,0,pauldoussay yes stupid girl kind
3034,0,miss r can t get one either dog pretty sure bunny survive struggle tom
3035,1,butterflydi back later today got plenty gold willing help out need anything
3036,0,miss nipissing pita good thing got euphoria barrie cause would never survive summer without pita smoothy
3037,0,ab normal shuck sorry sometimes get wrapped fb forget check doin
3038,1,jojowright http twitpic com wf ooh nice score jojo
3039,0,ugh talk someone really bored
3040,0,thodwris rip michael
3041,1,iamkhayyam haha came home long night out saw tweetie khayyam wakil usually announce shit lol
3042,0,stuck going nd job can t find good office job
3043,1,good day you another lindy day today level a b free tester olympiou diamanti th floor thessaloniki
3044,1,fallenstar got that s following feel special
3045,0,shopping sam s club baton rouge mom brought step dad charity hospital cant go home yet plan
3046,0,bless little girl bgt
3047,1,thanks everyone unfortunately nothing done sale speak themselves convince diamond nothing will
3048,1,hanging roomy adore gentleman live with great people good talk discussing boy issue
3049,1,tam looked page realised radio show get play call want love track
3050,1,photo session mother daughter bonding session happy
3051,0,charlies roastbeef mostaza manejamos wtf
3052,0,hate feeling get listen song completely reminds thing used amp get emotional
3053,0,imjustdanni awww thats fair me im lil sad
3054,1,tim buckley good morning sunny london sound like oxymoron happens true today hurrah
3055,0,internet pocket edge network denver sob
3056,0,sad cuz mommy leaf indy today
3057,1,bevjack babe sooo much fun thank much making happen fun lady too time went fast
3058,0,totalgunner nurofen marijuana usually lacking latter currently
3059,1,ra anana wonderful place
3060,0,nooo ill must paracetamol nice weather today though
3061,0,aww poor tank friend guild fucking promising main ot barely even get go now
3062,1,listening band recommended sarrah really like friday night boy lt
3063,0,britneyspears record still saddest thing watch quot i m gonna go life like karate kid quot and i
3064,1,metqueen sound awesome
3065,1,beach yummy steak catching lost man lovely day
3066,1,lara yeah good erm entertainment
3067,1,score two day get food stamp good cause want safeway pizza
3068,0,jpaola money honey hehe soon sorry
3069,0,cd player car broken much listening kidz bop happy meal cd
3070,1,need break need kitkat haha
3071,0,xzenax bad time everyone whywhywhy write essay fair
3072,1,doneads cool a productive day got spot extra feature film filming tomorrow awesome week around
3073,0,eraticschematic pretty bored
3074,1,lucykd lmao im joking mate
3075,1,good lord seen agency work upcoming open day money jam
3076,0,realized spelled quot adorable quot wrong tweeted mindykaling must hate
3077,1,wildchickendew muhahaha joined tweet cult lol heya btw twitterific good iphone app use
3078,1,happy juddday everyone
3079,1,coodieranks thats nice cousin left house daughter s daddy s girl sweet
3080,1,mombloggersclub good morning
3081,0,chloecazrhi thankyouu
3082,1,llcooldave yeah r im going concert end month
3083,0,sooooo dropped phone text tweet me currently banging face spike covered poison ivy infested wall
3084,1,hahhahah watching greatest movie ever
3085,0,wanna go
3086,1,findingceej hala finally
3087,0,http twitpic com s saw family five get motor home laundromat clean clothes bedding
3088,1,succesfully following tayla
3089,0,tanyaahedo know drizzling way work hope warms weekend
3090,1,mbburns that s great news
3091,0,low profile tire suck size monday
3092,0,well glorious weekend bloody raining nice bh order then
3093,1,best e commerce site hope watched big bang theory http www pennyblossoms com please hit quot buy now quot
3094,1,ilsedelange elephant lol try painting back
3095,0,ihuntmidgets wish kimmikennedy would send bruh dm i til waste erection bot
3096,1,lilazngangsta awesome day school
3097,1,indiepixie omg roach room first time ever apartment today hope patricia luck next
3098,1,fucked damn lucas czech republic beer taste like heaven bottle amazing
3099,0,wanting go out apparently one available
3100,0,pembsdave lmao im gutted co didnt come right
3101,1,demiswissfan thanks lyxxx
3102,1,emalyse david aaronovitch always worth making exception good morning way
3103,0,spent minute book store bought one book
3104,0,route da beach sun yet
3105,1,elliottng congrats wife would oppose live tweeting birth sure
3106,0,amyxstftk actually really do mostly forget take makeup bed
3107,1,carlocruuuz good joined dark side hahahaha cooky
3108,0,home alone friday night doesnt get sadder folk
3109,1,great weekend john back work day going illinois thurs amp fri gig john
3110,0,ughhh studying final wish could go prom
3111,1,way homee love long car ride lt
3112,1,go sleep fun
3113,1,buenos dia mundo de twitter eating b fast watching quot sex fire quot video b go work
3114,0,one love brittany forgot flower
3115,0,marisatangorra handwriting isnt them everyone making fun im sitting myseld lrc
3116,1,morning every giveaway http tinyurl com dhchg mod kid emma pattern amp giftcert hipfabric go check
3117,1,jb cute lmfao giggle
3118,1,neil duckett great pic fun love food wine festival well beer fests
3119,1,south style exhibition less week member fresh gallery otara
3120,0,chopperdave think im going wind going home go bed
3121,1,emarketingguru hi uploaded completely new chinese lesson www youtube com chineselearn please feel free watch enjoy
3122,0,bored work ridiculous saturday going suck class morning
3123,0,lestockdrop wish
3124,0,wm clever headline sorry salt lake city yr http tinyurl com mpoghc
3125,1,namaste hooray monday undaunted am wakeup consider am london feel justified bright side everything
3126,1,spinachpuffs yeeeeah intro seen empire top computer game http www empireonline com
3127,0,that btw
3128,0,simonprobert yep supposed last weekend filthy weather
3129,0,wont taking test
3130,1,christa mean post concert blue lol well soooo know mean
3131,1,dvnt cheer wish font play
3132,1,yeah bought ticket pearl jam august
3133,0,jae oh yes ave never orderd there lil funny first so check ta
3134,0,gained lb wish could afford something top ramen job
3135,1,parjoy sound like muffler bearing going bad
3136,0,first sport banquet without katie
3137,1,omg sun glimpsing cloud woohoo
3138,1,phillherold thank
3139,0,jason inc sound good still like friday although mean go work tomarrow
3140,0,still awake smh suck
3141,0,ericcanaday show lunch eating solo noodle
3142,1,everbrandy look like fun
3143,1,awesome milkshake areo mint blended up like lumpy smoothie chattering
3144,0,parent decided drop tour de u whole family house work
3145,1,hey there glorious morning monday s animation mode on
3146,1,good morning rsa twitterverse please send happy vibe amp cheerfulness today feeling little sad
3147,0,danielleg hahaha super late thank you
3148,1,paulwingz nothinbg home jump shower street calling meeeeeeee steffsoflii tonight cokebabyy tell
3149,1,lopezwilfred yeah too lookout tweet too happy tweeting
3150,0,shoe me
3151,0,moving back home today pro obnoxiously closer thom con mpls run excursion least year
3152,0,going go tonight look like heading main street
3153,1,fishieee haha gross time come back tell yum vancouver malay spot soon go indian
3154,1,joolzgirl oh no u must get lol mum still isnt convinced
3155,1,building radio studio going podcast from foundation called insight foundation
3156,0,really tired sunday morning xxx
3157,1,ramesrock rompes mi ilusiones con lo de thrasher haha
3158,0,creationswheart ive wanting gone mo amp close shop
3159,1,hallooo bayern hallooo stau
3160,0,sheselectric bed sick atm been sick since yesterday hru hun
3161,1,day boyzone
3162,0,biosshadow going sadly maybe next year eh
3163,0,saddest celeb story week http bit ly hph
3164,1,lanceseabourn know sub sooooo good
3165,1,ingegoesbroadwa sound like great time
3166,0,avas writer aww one
3167,0,buddytv excited new pushing daisy episode make much worse finally gotten cancellation
3168,1,josh thomas coming sydney cool meet you id love meet you favourite comedian
3169,0,ya ll turned device update can t turn em back on feel so so out touch
3170,0,didnt enjoy say goodbye alex v emotional time sun making happy
3171,0,missing best friend commme back kayla going little
3172,1,raehole melissahope lady see ghost girlfriend past really liked it amp would totally see u
3173,0,franksting yeah dry
3174,0,wow woke read drew blog oh man im seriously cry right
3175,1,elderwand oh see today hehe
3176,1,good morning tweeties today rested richmond ready hit beach
3177,0,listing sad song sad
3178,0,imjustlalayone damn girl ya gotta let know get kit together amp got flyer next weekend i quot m down
3179,1,ticklemejoey goodnight baby loll jk night
3180,0,melissa leah car wont start
3181,1,happy star war day im going make pasta get showered dressed watch film like day off day
3182,1,got up went outside planted flower watched lee evans dvd knew bank holiday fun
3183,1,fab wedding yesterday foot still sore dancing must good sign v glad wake bed morning
3184,1,aceartemis well nothing give pen
3185,1,happy mother s day http bit ly lrsng
3186,1,got jojo free free drink mom kind night
3187,0,epic war mt longer blue
3188,0,mandyyjirouxx damn call
3189,1,drakkardnoir concert hope songzyuuup make guest appearance
3190,1,took daughter school still tired still voice know people happy lol time get ready work
3191,1,lunarlife he definitely fav host ever can t wait watch rest tomorrow
3192,0,heading dmv pay hard earned money
3193,0,congrats graduate beautiful thing amp big deal jus wish cudve attended lil man ryan kdg graduation feel sad
3194,0,emo moment said good bye best friend ever meet sure
3195,0,thought cavs would crush magic come home north realize wrong wa
3196,0,xombie yeah no already called ask
3197,0,melaniericheson used nkotb sleeping bag too know
3198,1,ooo love bank holiday x
3199,0,wanted go club dancing but iï¿½m tired anyways go work tomorrow
3200,0,rossmcw happy birthday let u know get old boy
3201,1,great night ashleigh make good dance teacher kicked ben butt pillow fight
3202,1,anh hmm tasty going curry rice pea probably
3203,0,gillianre im happy im emailin complaint haha il hav listen sunday
3204,0,rainbowcentre sadly bit disappointed try later see change mind
3205,0,momofcande miss
3206,0,bah coworker ran work late bag smacked knee really hurt
3207,0,feeling rather peckish no dinner least hour wah
3208,1,theallianceguy thankies btw part scotland live in never got visit uk lived europe
3209,0,oh no poor bear nightmare wrestled huge snake
3210,0,back laaandan miss already check new giant purple bow gold wing necklace lt td http tinyurl com mymw
3211,0,couch hungover don t expect much today
3212,0,xxyoushinexx hey haha yep me negative comment get reallllyyy mad always defend them haha
3213,1,home tonight fun thanks
3214,0,ohh boy baby tooth came
3215,0,go big plan thanks tonsil
3216,1,starting video editing first spanking movie mina added next update
3217,1,stayingyoung usually choice lucky food love generally healthy except ice cream
3218,1,clio jlh lol that s special kind magic though see special discovery think nessie died
3219,1,good morning tweepsland makin great monday huge shout follower muah muah appreciate
3220,0,sorry hard finding imeem free stuff rb deesound like david starfire like a http blip fm afu
3221,1,working baseball fundraiser get percent platium diamond wedding package let u know saw u twitter
3222,1,good big cousin shes taking little cousin see hannah montana movie next weekend
3223,0,millionfagmarch ah misunderstood message really dislike f word url good luck march
3224,0,matty le tired
3225,1,venture forth turkey creek amp fetch boy post prom festivity hope fun
3226,0,see wat mean bout follw friidays called lose fllowers friday smh
3227,0,didnt get paid week roll tuesday
3228,0,xomorganjane aw sad looking forward seeing you
3229,0,http twitpic com kw besties demtrialovato there
3230,0,still white despite age sun
3231,1,vieirasboots fine thanks guy dont quake there
3232,0,sarahfenn prefer overcast day too sorry hot are
3233,0,jumping nearest bridge can t
3234,1,resting ahhhhh feel good
3235,1,okayyy read cause feel special haha
3236,1,look like another sober weekend ahead
3237,0,really wishing would let go let fight own i m tired feeling like shit you
3238,1,alright gang gotta go park family hour back mwahs yu head bed
3239,1,xranarawr haha told you important
3240,0,everything annoying today
3241,1,kadambariyer thanks quick
3242,0,spent last hour signing yearbook miss guy
3243,1,got home wonderful day family much fun today
3244,0,aboresearch pleased hear it still shamed sometimes hear men
3245,0,feel slightly better damn sure miss him he s going hard get over messed donut comfort
3246,0,blueeyed cat himynameisrose know yes dont remind im effin jealous fuck aust time
3247,1,learnt something new today
3248,1,artistico john lennon poster inner fan girl dancing joy
3249,0,observation aside riverwalk pretty much cute girl downtown sa
3250,0,nancy got tweet suck love
3251,1,waiting plane airport exited bout going tasmania see ya get back
3252,1,allangoesdmb listen alot work damn good show
3253,1,raining cat dog here mysore thankfully pig swine
3254,0,changed car tire cost bomb
3255,1,drlebron welcome minnesoooooooota free time trip catch up cliquot club though closed
3256,0,kyle newman called sold out bummer next time
3257,1,shopping
3258,1,happy star war day may th brilliant
3259,1,michaelmagical crazy busy here grin mother s day weekend lot abies sending well wish
3260,0,work go to
3261,0,aww minute left family guy
3262,0,need sit inside hurt ughhh
3263,0,alexxx im gona miss today im sad noooooooo
3264,1,lauriepercival great wedding band awesome they played ton great s song food
3265,0,pawstoupdate break heart
3266,0,gailmoscoso oo noo thats good
3267,1,awsome salad recommend getting spicey buffalo chicken salad
3268,0,david henrie wat u mean killed yes im sure lady gaga awsome
3269,1,ultimate training looking forward sunset
3270,1,claywalker glad hope yall make back near new orleans
3271,0,asexynyfemale make sure well done
3272,0,science class right now urgh stupid project wanna go track school tired lol
3273,1,totally knackered back meeting
3274,0,miss puppy
3275,0,omg someone left voicemail work ffs let day
3276,0,ginger biscuit rule by way urgently need weight scale
3277,1,bed go have great mom s day mom
3278,0,mitchelmusso never reply mee must really hate l
3279,0,skoosie probably not hate happens
3280,1,susieblackmon know appeal knitting believe know
3281,0,wow got killed first wave horde gear fail
3282,0,missed getting quot twilight quot jacket modcloth man wish long monkey arm could gotten l instead
3283,1,littlefletcher hey ive seen musical live funny lol
3284,0,annainthehouse dude feel really bad work serial can t used
3285,0,home alone yet again mam dad rather go club stay take out yes think prof loved
3286,0,mitchelmusso can t call mitch im sweden
3287,1,hahaha yeah see that can t twitter back
3288,0,forgive hurting one love most
3289,1,wish could choose band played trash june th hmmm
3290,1,drjoesdiyhealth weekend going great yours
3291,0,lost work nt happy right sloanster
3292,1,mattmercy yay get together soon something
3293,0,playdate cancelled
3294,0,going work one suck miss happy hour sonic
3295,1,happy star war day may th
3296,0,could live mediterranean food rest life miss home
3297,0,lisa nova lost sad u cause loved
3298,0,shutupandspinx yay lol know felt gone
3299,1,shefinds great job
3300,0,want buy great album unfortunately dont hav enuff fund quot long time noisy quot
3301,0,drinking cordial yes im bored
3302,1,th post dedicated sarah sunny weather and love snake plane bring it song died already
3303,0,xbooernsx jealous want free hamburger
3304,1,going indiana baptist sunday pray summer missionary
3305,1,watching one fav movie sparkle go get food later
3306,1,water horse movie totally making want go scotland want water horse lol
3307,1,tiny oh no guess officially big nerd now heard movie great even like trek
3308,0,rain delay
3309,0,back lunch pouring rain ugh ohh well least get death cab cutie mood
3310,0,tiataquito stop
3311,0,rachael make want cry
3312,0,happy mother s day mm mum hope lovely day mamam
3313,1,thatdamnninja oh okay every often get random taste blood mouth make go quot eww blood quot haha
3314,0,oh really tired migraine endometriosis amp fibromyalgia amp migraine amp sleep probs compoundin ea since surgery
3315,0,simple nice dinner exist world
3316,1,sunrisesister yeah quick using mm addi s bought sat make even smoother
3317,0,headed home sea world closed early
3318,1,goooood beer tiiiimes
3319,0,missing shotgun match guilted going store wife
3320,0,jonathanrknight going soon hoping hear late nite humor you
3321,0,gu formally known world s ugliest dog died miss you gu http bit ly exjcn
3322,0,taking foreverrr jess get im bored
3323,1,ddlovato demi think itd amazing covered thats get paramore haha im sure know
3324,1,omds holly steel bless her x
3325,0,omgamandanicole dedicated song vw sold
3326,0,yelainez oist st tym di pa ko nd tym may sakit na siya blame
3327,0,missing fun sylars army eclipse sarmy sarmy sarmy
3328,0,atm http twitpic com jmeh oh yeah apple juice rebel
3329,1,missxmarisa hahaha massive compared others sweet scenie
3330,1,finally cup coffee
3331,0,town uncle gabriel coming in miss gabe tempted ask go back baton rouge stay side fam
3332,1,realized im tomorrow goin beach wana come
3333,0,jo saunders haha lol going i really lol i ve hobbit n mum like keep revisin beck
3334,0,erickadiaz get go coffee fun hate too
3335,1,buchautor hi michael wow thanks kind word must find love connection bg alone
3336,0,sick happy th amanda
3337,0,sorting twitter issue very frustrated can t talk someone respond slowly issue capacity challenge
3338,0,chrisettefan hey aww man no didnt ignore dont mobile web txt see unless gt
3339,0,lilemoboi warm wet spent day carpet cleaning yacht
3340,1,amymeredithband amy meredith soccer team well also news soccer team aswell xx
3341,1,salary actually spend money hooray time go shopping dinner ahora say goodbye yusufyusuf
3342,1,best show life mcfly rock world wanna meet guy
3343,0,tired work but king s bounty add on vampyre story evening x men comixes completely donloaded
3344,1,hotpants course really hope would real twitter page would soo cool
3345,1,started new job today aaand stoked may long billy awesome
3346,0,rosegraymusic tuned listen meeting know high school college french cut anymore
3347,0,can t sleep suck one day sleep get go shopping mom ugh
3348,0,ravel sniff sniff take care ravel hopefully chatting soon mean time hella miss you
3349,0,gailporter p s gutted went order dead famous dvd today amazon couldnt find wallet went back last one sold
3350,1,khriskhaos aww preciate love hunnie
3351,0,paulo one yes went smooth bad get back work though enjoying friday
3352,0,singz think im jst abt done ur girrrlfriend im leavin im leavin jst love cm
3353,0,sad come pooch hall game accepted friend request facebook yet
3354,1,yogadarla gypsy yogini rock my sol lotuspad sooo jealous good way course lc awesome
3355,0,disappointed didnt win teh glass
3356,1,wow early best conversation
3357,0,mileycyrus workin ur crazy sched tiring it gotta hard famous jus kno u bazillionz fan supprtin u
3358,0,godfatherobie work missed everythin yesterday know wot anybody
3359,0,xfiles disc work rippin
3360,1,dannisaywhat lol kk sent u friend request
3361,0,less min lost follower
3362,1,happy mother day are trying nailed teenager tree
3363,1,wow virtualpc screen go black anymore win rc also there s nvidia driver crashing i m happy upgrade
3364,1,ellenmalloy thanks trying hoping bud trillin fest would honored guest hobnobbed
3365,0,wondering happened sun damn may grey
3366,0,busy work today it interferring socializing
3367,1,deanomarr italy greece love italian men hehe
3368,1,fun friend
3369,1,emilyorshan hahaha bob marley one
3370,0,ryandownie problem dude get better soon cold well bleh
3371,1,know saying fuck it i m horny hell
3372,1,gave bike thorough wash degrease grease it think really good job
3373,0,melii that s true still suck though cause quot lolol original ohshit quot so yeah thanks
3374,0,xnicoleex yeah sorry busy last night ill try go next week
3375,0,that s it done already one proof there s nothing fair world http bit ly uemq
3376,1,xlex glad happy
3377,1,darren linkedin yes say twitter friend never idk people http www linkedin com in darrenmonroe
3378,1,susannaheanes bwaha far away though look fluffy jared s hair s shinnny
3379,0,hard time loving people christ did today people picking stuff work dumb annoying
3380,1,beeank haha awesome always use eat
3381,1,also lipton s sparkling green tea gross
3382,0,kathtrinder samscam what s that sun sign
3383,1,good morning everyone hope al lovely sunday and hope doesnt rain tomorrow
3384,1,henryandfriends thank thinking u caring
3385,1,good morning happy mother day everyone
3386,1,nite people
3387,1,carocat nooo hey back next week moving back good
3388,1,themadmodel soooo happy back
3389,0,sweetpea here sad time
3390,1,mizzyalana nice bea bummed can t make try get together near future
3391,1,ohhhh man mom got bag caramel candy thing soooo good going get fat
3392,0,can t wait see marco later feeling best
3393,1,haiszt im office nothing tweet haha fun
3394,1,livecrunch haha thanks
3395,0,got early pay bill figured like bandaid get quickly bad wrong
3396,0,krista watson can t weekend sorry steph working
3397,0,johneast missed one year forbidden fruit tree garden munch disappointment one
3398,1,lilmoxey yay full term
3399,0,pretty good kind depressing though
3400,1,home stretch now friday night piss drunk finished exam
3401,1,back school feel like gonna great day
3402,0,chaletlaforet shit awful could believe first sad
3403,0,pibby darn go whole weekend without em
3404,0,love camp fire wish kid would try bit harder sing along
3405,1,quot i stumble fall down moved quot
3406,0,arundo donax puppy freaking adorable want let go fuzzypuppy
3407,1,nothing like p kick off bank holiday dig haircut luke next stop selfridges
3408,1,school haha well hope today fun post regular update day follow stay updated
3409,0,trying install vodafone internet key eeepc remember worked box today want work
3410,0,annavodka sorry hear that make sad
3411,0,nextman wish nah babe back home atl
3412,1,whatsyourcrime ok replying happy mother day indeed
3413,1,tenuousness aoh one best band played frosh stoked work tonight else totally there
3414,0,michyvasquez oh careful road
3415,1,study day finished care plan hungry hell ima go treat burrito good day work
3416,1,helloheartbreak thanks bb
3417,0,myweakness loving i always let negative people life
3418,1,http slingalink com evice daughter kindergarden
3419,1,kinda done trying ugh oh well worth effort long day tomorrow night tweeter
3420,1,a mccallie wow replaced already thought coming back steak
3421,0,ijoostin good think that s fault though use buttermilk recipe back flour
3422,1,getting ready leave school wednesday
3423,0,epiphanygirl man missed it ive waitn day u giv tix away amp whn im rappn wrk u gav tix away im sad
3424,0,enzo blech thats fail receiving dollar quoted job usd last month getting paid major loss
3425,1,omg concert awesome madrigal gave chill almost every piece brook also called alumnus didnt get go
3426,1,time go sleep almost am night everyone happy mother day mom
3427,0,spent half day troubleshooting something even within control cluster always mean high availability
3428,0,getting another puppy cool really
3429,0,daltnnn woof wish allowed go
3430,1,hey let s follow other awesome
3431,1,macmuso thank much glad like them
3432,0,home w bae amp myka meann
3433,1,trekkerguy yeah seen review great review surprised me getting ticket tonight
3434,0,crypticirnangel sad nothing
3435,0,soooo bored fuckin got new phone called man he busy one else bored
3436,0,profitfu wattup bro hows going see ya twitter kicking butt jv http twurl nl ogzbdl
3437,1,paceyy yeah know thing would much easier way bored boy playing tekenen i can t spell it
3438,1,saw hannah montana movie today best awesomeeeeee hannah miley rock lol
3439,0,want milk
3440,1,top cashier work today woot woot drink
3441,1,queenchinab seemed happy
3442,1,restoring new itouch excited use it yeeeeeeeee goodbye itouch
3443,0,peachypictures oh dear take back request get drunk fizz def regret next day sure fired hangover
3444,0,im well bored great half term dont wanna go back school monday enjoying hot weatler lol
3445,1,may th you happy star war day http ow ly aw
3446,1,going home awesome time peep
3447,1,brandihoov coming won t til around can t stay though
3448,1,secondstomars itï¿½s voting v anything simple true yr stronger cover best w o looking pink glass
3449,0,shaniquadenise sooo lucky fiance away w the marine corp haven t even seen yet
3450,0,wish outside thats thing thats gonna kill work day everyday summer
3451,0,sooo i m kind sick n tired b guy dish
3452,1,enjoyed x men w dwestbrook time rest drive home happy mother s day twit mom
3453,0,dog got hit car front jamies house
3454,0,leathermartini awwwh sorry glad closer u though
3455,1,kusuma aaa new follower hiii
3456,1,installed netgear n draft router today throughput definately increased
3457,0,going miss miss suhana
3458,1,fallenstar oh ok then wedding heap nice there big fan qld
3459,1,amygrant chocolate peanut butter one favorite combonations
3460,0,alancarr quaver sandwich tea
3461,1,pink ur show r amazin keep x
3462,0,r i p sammie cat
3463,1,meeting stranger lol alone vega amazing
3464,1,waitin dr dee lunch beautiful lady gym yeah need loose
3465,1,simoncurtis haha your hotter justin timberlake
3466,1,happy birthday andrewgirdwood
3467,1,enjoyed week work back next week
3468,1,nemitabbah hahahaha yeah mess crossing kneeling bit get called out joking
3469,1,fakerparis little tired gland bank holiday lie
3470,1,woohoo this day week lord made remembered get wear jean amp chanclas week
3471,1,eating truffle yum
3472,0,wish didnt go work tonight
3473,0,idance well yes lol chat earlier willing learn anything else
3474,0,shoe taken slipper put foot
3475,1,rescapism hahahah tell tomorrow
3476,0,feel like dream got crushed
3477,1,lan poker much fun someone help remember ki compre chal raha hai abhi
3478,1,sometimes long weekend need good conversation thanks bro
3479,0,claireyjonesy lmao want reply booooo tommcfly reply one u lmfaoooo
3480,0,there s one cherry dr pepper left fridge thank god im addicted stuff sad thing skin
3481,1,super happy new interest rate whoop whoop
3482,0,arizonaobvious suck
3483,1,janisj laughed much awhile
3484,1,loving phuket melai badette coming home soon imiss everyone
3485,1,chris shield good job wish worked zoo
3486,0,nickiminaj nicklaus iï¿½m mad missed va last night gonna snatch make wifey minee
3487,1,alhamdulilah got accepted nafa
3488,0,divabat sorry hear that lost two hard drive year know feeling
3489,0,ducked off back ga tomorrow
3490,1,greenpolkadot u go profile ill help u cause ur right next me
3491,0,sitting home bored
3492,0,dreary bus ride home im rubbing eye least spend day school hr well spent
3493,1,know quot extra hand quot comment would cause trouble upload house music beyond vol
3494,0,trying decide movie friend going well lol p bible study nite mean b day cake buy own
3495,1,jammin capital garde xx
3496,0,teach bunch fifth grader morning oh joy
3497,0,julierubes game found late
3498,1,danielradcliffe sunday mother s day
3499,1,headache gone thank god time tea think
3500,1,brendon think lame but drunk
3501,1,jasonbradbury nice jet ski testing hope book going well cheer adding me got twitter watching gadget show
3502,1,watching season episode house bed great bedtime story
3503,0,tonight boring
3504,1,rashidian come hang wif meeee
3505,0,still full buffet palm stomach actually hurt ugh gluttony bite
3506,1,rewebcoach far with exception rain morning great let dampen day
3507,1,hehe stereogum brooklynvegan sta se malce preve vï¿½ivela v v erajï¿½nji dark night koncert no ob takem lineupu
3508,0,chloe drinking away sorrow dreambears got
3509,1,happy mother day mom there
3510,0,feeling sick
3511,0,wishing could go town weekend
3512,0,ugh still sick calgary cold lasted forever
3513,0,deathnerd ah man that s suck happened that s prompting reinstall
3514,0,dog poppy poorly hate seeing pet ill sad
3515,0,quot i think breaking heart trying keep together falling apart quot
3516,0,ddlovato food like can t put penutt butter bread always broke bread need tosted much
3517,1,horoscope website use changed around like it
3518,0,headache want go think worth it maybe know
3519,0,bit tongue sooo bad it s swollen
3520,1,wildcurl well still can t wait one shot
3521,1,crap break quot no work weekend quot rule much overloaded work aargh hate it
3522,1,o o high five fan finally here write fancy news post shortly wanted get mod asap
3523,0,stangill uh mean
3524,1,costco bit print photo photobook
3525,0,waled past quad want outside fun
3526,1,packing gym bag gym bit squee happiest whem go
3527,0,lost first field note notebook page filling up rip fieldnotes
3528,1,jocalling hope wish come true someday
3529,0,apparently getting anymore sad
3530,1,wondering friend went
3531,1,mitch iso too adorable could tell pressure got her
3532,0,http twitpic com rw miss puppy
3533,1,ftsk mercy mercedes amazing tonight always
3534,0,bored want stay home tonight want spend money blah
3535,1,mariamariamaria sorry feeling good mama heading today calling
3536,0,mummy cooking dinner missed everybody else ate feel lt d
3537,1,remirockit sound like town
3538,0,drs beverly hill doctor s scare crap
3539,0,rawrgoesaimee ah bibisita ka kina gq bukas sasama ka sa rusher eb able visit jumpstart tom coz something
3540,0,tired idk do and much church nite gotta write sermon wash amp flat iron hair eat much
3541,0,felipeazucares everyone seems love it felt kinda lazy repetative me really disappointed
3542,1,spoiledmommy thanks one goofy bathroom self taken dorky shot ha ha hope wonderful mommy day
3543,1,glasgowgooner boo well good fun tho suck u cant get card finished th last night tpt took street lol
3544,0,make feel like used
3545,1,chi twnzfinest happy birthday sweetie great day best place word sorry chicago jeje
3546,0,youtube working properly anyone else can t watch video keep failing load
3547,1,lol haha funnyyy lol im talking bestfriend ashleyyyy
3548,0,gabbyflyyy im jealous want go ny
3549,0,arrested development sad
3550,1,thesupergirl extremely excited day behind
3551,0,wanna get dressed adult today
3552,1,hungraaaaaaaaay eat go away twitter whatchandrasaid lunch
3553,1,gooodmorning people earth
3554,1,wow sunny day recovering erased file
3555,0,go dreaded dmv tomorrow
3556,0,deevazquez lol offering case guiness one her buy two stay let s start bidding war
3557,1,good day ya ll happy mom s day
3558,1,emily morden be richard s see you we get back good luck
3559,0,awake wishing wasn t feel like head may explode going try go back sleep
3560,1,shaktijs http twitpic com wkym look yummy i haz smal pie pleess
3561,0,tipthemilkman awww problem sorry tha loss
3562,1,wcharlie register first thing wake tomorrow looking forward back forum too
3563,0,miss baby hateeeeee
3564,0,brianna love aw goanna get see tonight co leave tot s early go missy s bday party pullin double haha
3565,0,kixsal star trek imax d huge screen still worth watching
3566,1,jnacool dont understand sensex but wow
3567,0,skinnermike told joke onstage butlins one person laughed scarred life
3568,1,matty congratulation wish could see happen
3569,0,tommcfly am buonotomato stopped tweeting brain s functioning wanna cry haha philippine tour please love ya
3570,1,mnny iye neh kurang tidur kayaknya pulang pagian deh hari ini tidur langsung haha thanks
3571,1,mydaughters well sound delicious laying patio tom sans pool enjoy burger
3572,1,goodbye sex city let hurry give mi cuz paper work lailashah summer bk
3573,0,never get followfridays
3574,1,dduane wave back good day
3575,1,working listening music testing new singer guitarist tonight let s hope best
3576,1,aparantly starwarsday enjoy quite know kent happy anywho
3577,0,think computer sick
3578,1,xograceox hahaha im listening shes lady haha ily ftsk xx
3579,1,shocked feeling sick happy
3580,1,debbiefletcher happy mother day hope tom got something special enjoy day xo
3581,0,must weather b nice bad minute
3582,0,backstreetboys http twitpic com xwq impossible know closely
3583,0,happened warm commence pouting return readysetgo
3584,0,super pumped quot relay life quot tonite walking honor sweet grandpa uncle howard past yesterday
3585,1,sosolidk turtle shoe make awesome couple shoe could talk back turtle p lol
3586,1,exam haha remembrd china buffet king yesterday vair amusing
3587,0,wait get home watch new moon trailer clip stupid work internet access restriction
3588,0,im sad there s sale sign front house
3589,0,joshuardean mii shit list permanent mii dude
3590,1,woo hoo sun outside might able get sunset shot tonight finger crossed
3591,1,listening jubey snoring phone hehe goodnight
3592,1,felixcau hehe
3593,0,horrible dream last night also one employed sigh only
3594,0,luuloo im really sorry know wallah u feel life shittttttttt
3595,0,loryanyumul miss gonna irvine again liz reminiscing adventure
3596,0,hmmm realized i bday cake birthday boo hoo
3597,1,dentist chick hot thats plus
3598,1,jtimberlake yay snl on
3599,1,trip stockholm got cancelled make planning shopping tomorrow nothing make girl happy like shopping
3600,0,gonna miss live comet action tomorrow go take care cousin access interwebz
3601,0,roscoe smooth sailin one tell song rap friend u failed
3602,0,ok wtf something menu in window sell it wanted bubble tea
3603,1,mandarific well day owe sleep late
3604,1,alitherunner haha sorry past bedtime
3605,1,xhayleeey finally getting ready see msn ahaha fun fun fun
3606,1,going another birthday party tonite
3607,1,gonna give guest lecture tomorrow pe mandya opengl
3608,1,subway always taste better some one else pay http tinyurl com resh
3609,0,abeen good question nepal pm declaring resign actually resigning two different thing
3610,1,lancearmstrong want massage
3611,1,travelingcircus oooh spoiled teenage fantasy
3612,1,wake x x tired moment listing music make happy let wake
3613,0,diesel yaris mpg sad available u that d awesome
3614,1,new logo web cheak it gallethoo
3615,1,added minute morning sleep cutting useless today show feel nice
3616,1,mcflyyerr yeah that s trueee can t wait till tour dvd come out tour epic backstage material hilarious
3617,0,lt bored death
3618,0,jasonvonberg thats crazy part reason include quot full schedule quot amp quot travelling daughter quot so not cool
3619,1,happy anniversary tayloredot hellohouston know whyyyy three year baby
3620,0,bigzflygerian sorry impressed slightest b c u eat pussy more like saddened confused
3621,0,zwriter missing qualifying think david reutimann leading
3622,0,susan ferman that s weak facebook fail
3623,1,telesilla indeed thanks sharing that go sleep giggling night
3624,1,skip school way often rather proud actually
3625,0,deviantlysweet neat hearing u kiddshow today wish
3626,0,oh no used internal sig external e mail damn fb
3627,0,brighit lilypenelope guy vincent torbengee winsorandnewt missed party bought wine everything
3628,1,twas good show even liked ciara s last song time go bed g night
3629,1,lovelybookie yaaaay mish following gab
3630,0,danielradcliffe snitchsneeker photo cool but dang what s comment chest hair that s creepy
3631,0,mcdaydreamer some and best friend go school the others change school
3632,1,wheelchair fitting today mall buzzing amp home depot quot homebound quot got real old goal taxi yellow electric red
3633,0,today day leakycon awesome number wish far away
3634,1,good morning
3635,0,oh no sun s gone
3636,0,nothing could get worse could it think id verge killing someone else thing good anymore
3637,1,lauraduhaime im great thank
3638,0,misskellyo wish could eat
3639,1,morning world sun seems gone away maybe majorca popular tourist spot hope come back soon
3640,0,grandma caminker passed away today missed may rest peace
3641,1,watched kunguma poovum konjuma puravum liked much excellent cinematography
3642,1,woke cat face haha
3643,1,laninicole yeh yeh would switch cingular friend t mobile free minute yo
3644,1,andrew theme tune robin batman
3645,0,ugh two week push produce six pack produced nothing pain
3646,0,still freakin missing game jonasnewsongs
3647,0,aaronob it itunes lost song
3648,1,datadirt hahah okay thanks short explanation
3649,0,using tiffys computer it feel different mine touch different
3650,1,resist http blip fm zv
3651,1,yatpundit oooh ok thought losing mizmind
3652,1,mirnygirly work drop line would love talk
3653,1,missing husband nice wake parent house dog ecstatic
3654,0,sheiroq fuckyoumonday like it totally crap tastic rainy day here work hug
3655,1,forgot lumpia pancit fridge last night yay
3656,0,kinda sad alone time miss brother friend suck mean one even called week
3657,1,waking working happy be gonna great day today see it and im sore running yesterday
3658,1,michellephant nice stay long got hotel room
3659,0,notthebest weekend but oh well i right sad
3660,1,clumsy steph yeah school suck totally yea grateful got better place man cant tell excited hul
3661,0,damn sunburn hurting jack whitehall mmmmm
3662,1,finished loading aim guess what get update twitter it message at katie arttt
3663,0,zackintoys sadly hopeful american doll posse blah vacant dynamic
3664,1,good morning twitter bugsssss am day start nowwwww
3665,0,sunburn itch ouch
3666,1,received personal email perez hilton
3667,1,omg nicolekennedy found thnx
3668,0,kelcouch sorry least friday
3669,1,watching miley cyrus youtube
3670,1,lol simpson se quot first day new school lisa fun bart don t quot
3671,0,guess meant change
3672,1,kicesie elope can t wait see picture dress breath taking
3673,1,reception food long beach graduation champagne http twitpic com eba
3674,1,gabyrosario thanks shoutout
3675,1,sweetemmaxxx love cheesey one cool orignal one skip brother got try u c haha
3676,1,allyycase suuure
3677,1,little girl holly find time aw get load vote bet
3678,1,nethra one funny msg fb time actual link today received message
3679,1,rkuang know right super excited told y all busiest time year
3680,0,missing smartbrain bkk na
3681,0,sad show mcfly nesse exato momento e eu aqui
3682,1,great long weekend far going run judo tonight blue water quot retail therapy quot
3683,1,superannuation haha keep mind far reckon enough money stop hair greying retire d
3684,0,suprnaturlshana look much better short hair
3685,1,miafreedman looked gorgeous last night hope heap fun
3686,1,omg happy now thanks micheal sheen aka aro know photoshoot volturi done happies
3687,0,cant sleep tired goodnight maybe
3688,1,dnt even like wearing skinny jean cuz yall bitch as nias
3689,1,social fun swam water boxer
3690,1,pandalion wow totally awesome action guinea pig want go see now now think allowed take lance
3691,0,fever dont feel work
3692,1,tired happy orphanage wow babysitting really fun
3693,1,deversum good morning hazel caffeine shot
3694,1,traceyctt live pain bring
3695,1,eat hot link torta
3696,1,jen nope quot done quot yet
3697,1,houstatlantavegas sooner later nov th night off successful last hour heavennn
3698,1,veropperez great gpt tp put lyric in finsih background go writing done
3699,1,rupert grint dog thingy adorable golden retriever would awesome husky too x
3700,0,ohmahlanta esther want deal
3701,0,nothing like yoga clear mind make realize crappy thing really
3702,0,whats wrong flickr http www flickr com photo frenchtoastcake quilt top photo show click it sad story
3703,0,rachelamac aww poor thing hope go well
3704,0,get see fav today like planned
3705,1,nobody ever mandagh make sad
3706,0,espncommunityed forget nash disappointing sun fan
3707,0,roxie feeling well http apps facebook com dogbook profile view
3708,0,snowgirl avoid burning desire say already one no room piglet enough room chuck
3709,1,ah wokking great could eat much ice cream what never eat much ice cream life
3710,0,vosdjs lol yea fondue point chocolate lava cake really want but wont im mon fri babe
3711,0,broke girlfriend feeling lonely heartbroken sad time guy n
3712,1,rest earlier good health so say good nite all
3713,1,love rain im golfing
3714,0,ok everyone im stuck bored ill
3715,0,nice day today stuck indoors revising week over
3716,0,evermore amp end fashion rock poor foot though oww injured foot good sore tomorrow detail follow later
3717,1,fatally yours that s stunning
3718,0,plan got ruined blackstone going carnival tomorrow weather good
3719,0,chrisefs tryed day werent giving using
3720,1,tomfelton awww sooo adorable old u video
3721,0,already miss dunhams
3722,1,finally home night dinner drinking friend going sleep now hoping bed spin much
3723,0,panda express long missed
3724,0,liamjhayter chroma key coolness cumulus seminar going online see live feed
3725,0,amillerwvu going mad got sent office sub class really bad that hear sorry
3726,1,joshuawoodard happy birthday man ride wedding see guy soon though play july th
3727,0,aubreyoday aw sad give ginger little pat head me mwah
3728,1,yoga school could better
3729,1,bought dress yesterday day til chris home excited gavin first tooth
3730,1,new york ft look rather good last night big apple
3731,1,celia brad finished lol
3732,0,man work busy today people called sick old pervert keep rolling sadness abounds
3733,0,hmm disappointed made serving able enjoy one stomach full wishing company help
3734,0,ok want quit job
3735,1,smfibus feeling able get anything want long quot green quot
3736,0,full thanks food jean brought half watermelon eat freeway crash die
3737,1,khanserai know feel on bright side moving place would appreciated onwards upwads
3738,1,lol mom present cost dollar
3739,0,pretty good day let s see night go oh work day tomorrow picnic
3740,1,vacation over looking forward next one
3741,0,gfalcone little girl bgt sad cried lol xxxxxxxxxxxxxxxxxxx
3742,1,yay poker win sketchy student decided show today lawl
3743,0,coffee got cold blah
3744,0,sunny work
3745,0,regret going movie audition today seems like neighbor gonna get call back http myloc me rk
3746,1,getting ready see cousin graduate gonna miss em
3747,1,day
3748,0,good news flat great regulating temp heat bad news sodding lovely outside working
3749,0,ladydutchess awww mish u ladie whats good
3750,1,yourboyh thank broooooooo twitter loop today
3751,0,teeribbzz noo u dont even know upset right now
3752,1,mikeescamilla tonyhawk flippin sweet dude thanks sharing
3753,0,hummingbird yeah tough time
3754,0,pool orlando got new kick going seaworld tommrow miss best friend
3755,1,missamanda yeah take care tonight tomorrow pay night easy
3756,0,robincareyyo you kickable
3757,1,texasjackflash thnx follow
3758,1,jamesscholes yes copyright exemption apparently trying ensure rest world have sccr
3759,1,wossy jonathan get priscilla ahn raphael saadiq show fab jools holland show
3760,1,facepanda cool
3761,1,debpenner deb looking forward exploring simple ology mark joyner back hour
3762,0,can t sleep happy fugees keeping company
3763,1,chatting old classmate hellyeah fun weird conversation haha dyankaaa hello bbm lo error ya
3764,1,wendaybird silly wendy know speak french hour study ride begin
3765,1,huge test parent house food good stuck one helping second feel good
3766,0,relapse mom dad need you jesus fucking christ stay away
3767,1,nt able follow anyone friendorfollow com come itsucks
3768,0,danecook sooo sad miss san diego
3769,1,finished new moon woo want next one
3770,1,diamondblue hehehe tryna find another condom better get u box cuz ima take u thru em
3771,0,hillsong tom night dad s birthday wish could see bday though
3772,1,wish see clip show hosted hottie shawn s yes still hottie
3773,1,http twitpic com wdui festive aint hehe
3774,0,back leg kill yesterday big old leak kitchen look like staying pjs day infront tv
3775,0,work do wrist hurt much it
3776,1,tafe actually quite good
3777,1,fly meaway sorry hon know feel though i m usually crazy family gathering probably hold back like also
3778,1,karen good good
3779,1,grahamguy coffee
3780,0,life boring without
3781,0,vautrin ti cool i still stand former proclamation stubborn way rebellioustwitwhoknowsacoolcatcook lol
3782,1,night alone piano and pro tool session ill take anytime
3783,1,wah american chocolate cheese cake chweet mummy muaxxx
3784,1,heyrbk ohh shardup hehe he hot lah gotta admeeet bleh
3785,0,jesusfreak probably suck you
3786,0,desktop quad core win boot time quot laptop dual core w ssd win boot time quot gt ssd desktop arrives day
3787,1,class trying listen really like twitter facebook amp myspace oh yeaaah amp hungry
3788,1,happy star war day
3789,1,griffreviews lol yea know almost done semester week yay
3790,0,i am umlaut oh no sorry hear
3791,0,today weigh in lost pound week o depressing
3792,0,slept eye open again hurt like hell wish could find eye lube stuff make feel better
3793,1,lvlyfairygrl would say bc overcast get sunny yes
3794,1,kellieann haha hi mum wow yes modern you need get facebook account p s talk writing mattcaplin
3795,1,doctor anyone wanna somethin bit
3796,1,boredgirl ask twitter id sun sign
3797,1,andyclemmensen seen game website awesomness go msn
3798,1,kenlee nice recolouring page nobody buying anti twittering word love it
3799,0,arrived safely san fran disgraced report tossed cooky seems longer constitution flying
3800,0,oh one monitor act deadline oh unhappy camper
3801,0,thecraftykitten like cheesecake brownie miss cheesecake brownie walmart closest l a to me em
3802,1,hello new follower suddenly lot you take little time get round
3803,1,tenotch awesome glad like it fyi platinum note free upgrade summer
3804,1,emilygrace bhb went concert remember derek mark hosting miss seeing bhb grove
3805,0,yourboogiegirl dude same hurt
3806,1,hmmm thinking taking back feel better morning think spoke early
3807,1,ughhh think plan ruined excited too
3808,0,first time week see clear blue sky
3809,1,morning darlin dahilster hope feelin tip top http blip fm zzs
3810,1,montiasutton wish could really love u around ill see do try use national champ pull lol
3811,0,it aitana k what way
3812,1,thatswhack aww that s sweet made home made card wrote song much oh well
3813,1,katabolickatie tv im watching s show marathon
3814,1,watching america next top model yah haha
3815,1,got new prom dress
3816,1,danny gavinmusic great pic have upload pix tomo i ve laptop tonight
3817,0,dannymasterson miss s show
3818,1,got raise praise great way start monday
3819,0,jpsherman that s true unfortunately lead movie die high note friday th model
3820,1,good morning everyone enjoy day thinking tweet friend
3821,1,toasted baked bean sandwich red wine perfect sunday night dinner combination
3822,0,kind lonely nobody answer phone
3823,0,bummed didnt get see manchester orchestra bc sold out spent night buying tv show itunes lame
3824,0,banjoist may ask bluegrass mean sorry advance looking bit silly asking
3825,0,katiekilljoy wanna play tonight pout pout side face
3826,1,mdurbin long till go shopping dude gunna rather fun
3827,1,may th you happy star war day
3828,1,back sweden great hot sunshine walking around looking red back writing again
3829,1,glad friday got work tired
3830,0,overshoottv thx old computer here slow kubuntu blender really
3831,1,ykesha yeah also paper one final left algebra amp take birthday june
3832,0,pic arent working twitter
3833,0,heathrow connect ï¿½ i thought bargain express but terminated hayes harlington take bus
3834,1,pm saturday know mean bedtime
3835,1,courageous one much so setting goal next couple month preparation
3836,0,impala guy hello iï¿½m back hope happens occasionally wednesday
3837,1,liannaknight can t wait see you week go fast enough
3838,1,mum really happy pretty small present oh wow tomorrow test one present one pasta recepies
3839,1,mishxmonster haha girl give beer lol xd
3840,1,btillo hehe thanks advice choose shoe three them hard
3841,1,munchin bacon butty woohoo faves
3842,0,cute malay girl came seemy room rent sadly think guyfreind bit misleading disappointing lol
3843,1,aww glad obscenely late early hour found forest kline engaged
3844,1,everyone going hometown show excited get go thames street gonna see original thames river bitch ohhhh
3845,0,awesome time gotmeet brandon rhyder unfortunatly can t sleep n tomorrow back ole job pattymlt got game face on
3846,1,yousifmind good morning asa mo b important class p
3847,1,nattyknits knew get that
3848,1,good night everyone time go mimmiz
3849,1,affascinare hehee yea supposed sound mean hahhaa
3850,1,whew first night day summer were very sad but jess s grad party go tonight
3851,0,need jb dread fact retail summer
3852,1,back mountain
3853,1,peacelovekelly eat happy
3854,1,sairzbillington lol thanks think husband would classify quot annoying quot like awesome much better
3855,1,limo ride city dinner cruise harbour makeover amp foot back massage yay hope fella get
3856,0,wojohitz marchingstars winkiedinkie erockett feel left out alone az lol
3857,0,botanical garden beautiful forgot extra memory card picture today
3858,1,pinkbunny aww hope uve hada good day xxxxx
3859,0,hungry food steal
3860,1,sunday morning realised im film snob said msn entertainment
3861,0,holiday fair
3862,0,went dentist mouth hurt can t eat
3863,0,upset right now like can t even formulate complete thought
3864,0,yeahh cenare lo mismo qe rosher ok ok roger wiii
3865,1,punisher got twitter yayy xxx
3866,0,waiting bus back cripple creek pick twizzler town seems kinda quiet tonite rolynn
3867,0,feeling bad daisy cry every episode watch waaaaay much tv
3868,1,happy sunday beautiful day london meet chergo breakfast xx
3869,0,gcrush nopantsdance thinking excited guy move realized sad see go
3870,0,late last night oracle
3871,1,bbelle yeah knew link completely amazing sings phantom
3872,1,visitgalena miss world iccvb meeting visitpeoria mon wed fun beginning
3873,1,uploading photo myspace musical
3874,0,nobody write
3875,0,work tom
3876,0,impala guy would luv hear music iï¿½m battery tv play besides think kind vampire movie
3877,0,where s happiness
3878,0,rain drop keep falling head
3879,0,well look like hurdle out
3880,1,mileycyrus wouldnt let vote yesterday made today really hope u win cause everyone know u deserve d
3881,0,know watch holly again break heart
3882,1,goodnight beautiful world sweet dream olive juice
3883,1,filmnerdjamie seen star trek twice seeing quot up quot today d since outvoted
3884,0,natbubba yeah totally unfair just flame everywhere
3885,0,rd day pain
3886,0,beta expired today back public release miss already
3887,1,scratch that watching marley me thinking could stay awake better one
3888,1,hope day nice sun upon u
3889,0,nickkk suck
3890,1,can t wait make call tomorrow gotta keep moving forward
3891,0,ex make cry wish stronger
3892,1,back home great time
3893,1,netmogul sound soooo good right mmmm malasadas leave today
3894,1,day day shred day special k challenge feel fantastic
3895,1,playing puppy
3896,0,always one time always late wanna sleep miss mere
3897,1,atxtraveler thanks try boarding
3898,1,great see oin amp cynthia happy dinner great cute little place bad oin got sick afterwards
3899,1,mummyofmany jesus heals
3900,1,tyleigh thanks hope find job soon oh almost forgot landed role indie flick first audition ever lol
3901,0,guilty awww that s him nice attempt hiding camera
3902,1,proud cg took yr making get number spot gnight twitter bug time read sleep
3903,0,night b put hold week coz ill last nite gutted still nice nite tho whers sun gone
3904,0,feeling good kinda tired miss him can t wait grad weekend
3905,0,looking food home nothing
3906,0,worked car plant once nobody belief though repect hard workin folk world
3907,0,flash lost frisby roof sad day lol
3908,1,britt came way say may fourth you work done
3909,0,tip finger hurt lmao
3910,1,juicebox know annoying be there german saying pleasant anticipation greatest pleasure own translation
3911,1,yeah made drawing today im getting flooded request portrait people
3912,0,whitney g day hasnt without ur running conversation day
3913,1,time snuggle bed electric blankie
3914,1,checked email got follower withb name living oz welcome board alrer ego changa
3915,0,wordsaftersex hurt
3916,0,gabrielsaporta heard slutted up totally jealz missed it maybe next time
3917,0,mentally exhausted cuppa right almond biscotti would really nice
3918,1,page done eclipse
3919,1,slice pizza movie star trek shared hot fudge sundae sundae house saturday night date night
3920,0,want go sit park really painting bathroom
3921,1,wow weekend pretty fucking epic grr school tmrw
3922,1,good afternoon
3923,1,bunnyrenee thank
3924,0,feel bad nice people though whover said line
3925,1,watching next day air
3926,0,already missing biddy bop home mom s night watching little bro getting rest birthday party tomorrow d
3927,1,sweetwifey new cd lovely
3928,1,happy birthday tooo meeee happy birthday tooo meeee
3929,0,vivyouell got me that s obviously going wrong
3930,0,jaredpadalecki season that s it sorry noticed ur previous update si gonna happy
3931,0,running past couple day due bad knee still guitar hero metallica arrived kept amused time rock
3932,0,feel sad elizabeth
3933,0,checking ciege cagalawan s s s collection regretting see collection tonight got invite
3934,0,reallifekaz cant come toniiiite arggh want tho fun us well def see u morrow nite tho
3935,0,mumbly joe trying guilt coming alumnus weekend think make either year suck lot
3936,1,great weekend good mood even mind work morning
3937,0,thisstarchild aww please explain quot botts quot fused
3938,0,scarletty know suck master procrastinator guy much fun without
3939,1,gennargh also brain tumor called jeffery
3940,0,empty trash mac one difficult thing ever done life picture gone
3941,1,spinachpuffs yeeeeah seen empire top computer game http www empireonline com greatestgames
3942,1,ellyaway know june gonna good im going se even im come out
3943,1,haoranc go it
3944,0,lizz xx cheer lizzi b another foh hero concert still suppose b upset xoxoxo
3945,0,slambooutchea day
3946,0,ipod died running charged
3947,1,jason yeah well deadline t hour that s architecture you oh well mmm coffee sound like good idea
3948,1,omgdarleny hahaa awesomee
3949,0,nyc right favorite people instead stuck ri
3950,0,markk h wake up tweet let know ur msn really need talk miss
3951,0,back home phone grandma love miss
3952,1,joannah hempware now case yeah start work tomorrow excited
3953,1,order pizza pizza girl sing it love new song excited new song jb paranoid day
3954,0,today day can t seem feel better dont eat im hungry eat feel like im gonna sick blah
3955,1,twtboxdj thanks mr dj
3956,1,singing along mychem
3957,1,najiahyahya yeay haha thank much jiah
3958,0,woahamber hate
3959,0,really feelin well
3960,1,fun got retweeted bot
3961,0,wynstonfernando take class fall cool though im okay
3962,1,awesome fruit vegetable juice opening lam s noodle tradehub http tinyurl com rc
3963,0,love americana movie see
3964,1,hello thereeeeeee
3965,0,lucky jade nacklace matching earring ain t lucky lost earring chain broke pendant
3966,0,strongly agrees jason wolverine hugh jackman sorry kid mouse
3967,0,igobydoc no kill spider mostly good eat bad bug make web like do smushing one
3968,0,redsoxgirl there sadly first rodeo dear suspect learned lesson
3969,0,geneva rockett know laughed stupid woman s right s joke wth glad humor
3970,1,quinland lmao yes th get excited lol
3971,1,christinerabel ha ha surprisingly well considering good time sun mountain
3972,1,went friend s house watch good old season episode supernatural lt damn love show soo fucking much
3973,1,scorch mom emailed porch anytime come tomorrow miss you worry knocking
3974,0,bah day ending nicely began
3975,0,foot killing walked mile search art shop doesn t seem like ealing one
3976,1,slashfilm peter follow me oh fun europe
3977,1,orange pineapple banana smoothie long hard day heaven
3978,1,silly http twitpic com jkb
3979,0,oasis ribena toughest decision everrr
3980,0,thebeckyanne giving si show crib sunday incredible jewelry designer gone
3981,0,bsweichsel like eight year ago sure would happen
3982,1,adnamay nite nite bday girl fun concert
3983,0,materialistic know suck data plan weak sauce
3984,0,miss much heart aching without bub http is gd jai
3985,0,way seattle yay seattle boo matt leaving
3986,0,cagneyartist sorry response assistant job already filled please check back soon sure last long
3987,1,mikeyallstars like mind evening dear
3988,1,finish book quot nudge quot going write
3989,0,fucking love alexander william gaskarth
3990,1,gooooood morning
3991,0,played like game dota hahaha wanna go home
3992,1,enjoying family time hoping able make graceful exit enjoy friend time soon
3993,0,hazelangeli vtrn bad vo got sick think amp even med feel like you
3994,1,glad home wish could make cbrown feel better
3995,0,he back oh no missed me work insane band really taken moment
3996,0,life suck
3997,0,wish drems could come true
3998,1,mcfly gig last nightt omg amazin didnt sit whole thing mcfly see best mate tutu
3999,1,hansenbanana kayyy xd yeah everyone always talk part dog dy need find movie seen xd
4000,0,confused amp sad oh come quot sweet quot cheer
4001,1,anyone go photographing today managed get macro shot flower blooming
4002,1,missing morning work cause bench press back jakarta goodluck diga test easy peasy hehehe
4003,0,victoriax im sorry
4004,1,michellecorydon thanks
4005,1,hollywoodtv alison great around miley love meet her see tell give shoutout brad fan
4006,0,killer coming td banknorth boston pm and can t go everyone else go though ticket sale sat
4007,1,http twitpic com jcwm yes ubook lenovo t finally arrived
4008,1,enjoying view sg flyer
4009,0,oowww why wisdom teeth hurt much
4010,0,apparently starwars day today like shame revision though
4011,0,xchristineannx aww sorry boy sick keep finger crossed tail lol stay well youself get better boy
4012,0,house hunting pain house shifting super pain packing never seems end can t even imagine unpacking p
4013,0,xx jessicab xx yip aw gonna miss bb
4014,0,zee can t gravity let me
4015,0,sweena can t charge hour then
4016,1,arielsatriani do haha wash foot go bed momma boy
4017,0,robbiebarnes sky terrestrial analogue
4018,0,hithit missing jmichelle told treat like step child smh
4019,0,got home love stake shake milkshake
4020,0,work really sucked past day amp meeting mon got rescheduled am that s plain evil i need new job
4021,0,princsskrys lmao never met anyone liked caramel much
4022,0,oh ex room mate moving today
4023,0,ohitsbigron dang disappointing
4024,1,almost done third chapter cover page yay
4025,1,totally got hit one bar guest ha ha yay me
4026,0,finally found new flat
4027,1,working birthday bad get work ruby rail
4028,1,drink amp amp din w amy lori
4029,1,candypants did came cold cheese sauce good though
4030,0,bohemyth interested however low carbs next month mean beer
4031,1,epicwinmaster thats great
4032,0,breaking news broiler burger king down burger burger king lunch least chicken fry there
4033,0,garethcliff heart hurt them imagine shit skin twenty stuff smeer it shame
4034,1,darklord ohh fun night slime miss place
4035,0,friend mocking weekend jamespmacdonald talking you
4036,1,http twitpic com wgoq beach phenomenal day
4037,0,honeyfaery that kat begged mum lt get attic wont let waaa yes spoilt hehe
4038,0,geminianeyes didnt research traffic beautiful system twitter approx msg second mine grab msg sec
4039,1,think would good radio dj i like awesome music great personality
4040,0,omggg heard someone gonna die new season secret life american teenager noooo
4041,0,hour now since dog put sleep rip old friend
4042,0,wishing got fij
4043,0,hereprettykitty mustv e read mind going thunderstorming pick boy bus stop
4044,0,wish would rain but
4045,1,proud dr house detoxing amber hallucination evil
4046,1,ccr harris way two ten hour real ale take
4047,1,yay got stuff rygegrej dk perfect taste like banana apple
4048,0,ankurb english screwed overall percentage x xii probably adm test too shit happens
4049,1,offically mother day happy mom day
4050,0,bellagm yes suck miss
4051,1,going watch boy striped pj s hope cry
4052,0,drove mazda rx today boy car fun sadly though find car much fun
4053,0,jenny fell asleep come
4054,1,bd illustrated too hard argue w cause make great point can t wrap heart around one
4055,0,farah n pete terrible job hiding it
4056,0,oyfreakinvey u witch im upstate fucking hick dry county alcohol ethnic food im cry
4057,0,cont small child puppy cleche sarcasm annoying bcreative again that s harrd
4058,0,left cali morning in dallas now missing car much
4059,0,want leave
4060,0,envyamor sad missed guy last night
4061,0,got haircut felt like guy quot last samuri quot forced ponytail cut off
4062,1,grecia mood amp party wanna see lol going fershure
4063,1,langfordperry woah uk mother day werid watching friend day help revise oh awesome
4064,0,spring awakening cannot wait start last time ever boo sad time
4065,0,kristindamama work disney not cracked ta be
4066,0,magmaflow yet early
4067,1,hottieann nice meet ya
4068,1,brooklyn went hard back top st hajji s yea http tinyurl com codla http ti http tinyurl com crhjs
4069,0,philadelphia phillies brett myers indefinitely injured hip http tinyurl com megxu via phi phillies nooooo
4070,0,justinodom dbl booooooo sick flippin blow bahaha kno dont many friend either feel lame haha
4071,1,stryperband love comeback stay tuned fellow follow people though turn get follower
4072,1,drunkfda twittering lone favorite hobby lt drunk professionnnnn
4073,1,tiffanyq swimming tanning heaven blasted music tanning world
4074,0,yea saw really sad commercial
4075,1,great day rode beach cruiser town see culver city antique car show found next bike http twitpic com wn
4076,1,faithfulchosen so so thanks uploaded new campaign vid post link min doing babe
4077,1,sold bike faster expected running size luckily single speed ocean now eta eo june
4078,1,writersblock yep one drink amp retrorewind block party keeping
4079,1,thing really demand lot time anyways gotta get breakfast watch naruto s latest episode
4080,1,sam ho naw min bug where tank would stop spawning min glad get keep
4081,0,nathaliecaron ended going left knee killing me think pushed much yesterday
4082,0,hungry
4083,1,amedawg haha that s great yeah zachary quinto spock really awesome indeed
4084,0,sad missed tylerhwilliams going away party due much work really gonna miss kid
4085,0,yan ming affascinare gg summer sch though attachment yan go see blog check msn ask kinny
4086,0,sad twit going miss epiphanygirl musiq soulchild anthony hamilton ugggghhhh love them
4087,1,excited summer steve winwood eric clapton eagle death metal ahhh dead weather
4088,0,ep problem adult shirt too annoying since lot adult player shirt come kid size
4089,1,mileycyrus think fun gotta hide defend enemy fun huh
4090,1,steviewynn good morning favourite pcso today
4091,0,maternitytees aww onward upwards now yay still sad leave bet
4092,1,one favorite relaxing song wake to http tinyurl com cfre good morning
4093,1,good morning looking forward listening prodigy radio big weekend brought album yesterday p amaize tbqh x
4094,0,redmummy glorious weather poor
4095,1,sjsharksfan haha agree test dummy go say quot do whatever want quot always love it magic
4096,1,powerseller thanks
4097,0,semipenguin gone restarted twetdeck wanted follow peep got posted frommy friend
4098,0,jayceiinc im disgusted well baron spelling lesson homie haha quot effort quot quot team quot r u shwasty shloshed love
4099,1,time bed got learning tomorrow early start night night good people xxx
4100,1,well would seem enter nine s individual without ssn itin ein according apple hurray
4101,0,saxa ive trying get year hard move on youre love it suck
4102,1,today good little girl hollie bgt complete sympahty vote cute aidan davis l tweet x
4103,0,really good concept mozconcept really love send something mine time
4104,0,going last full day school life good
4105,1,jennifalconer happy see something weekend flight conchords back bbc
4106,1,austra thank smoking viennoziimiigi
4107,1,timhahnproject heh moved house pius pep rally cheering band
4108,0,car broken
4109,1,feeling like romeo juliet bryant wallinwood montagues capulets fb
4110,1,erniehalter yay happy mother day screw burnt breakfast bed take e erniehalter live gt http ustre am vko
4111,0,haha aww ok back bionomial expansion ugh joy
4112,1,therealjspace bow glad service
4113,0,wholee aaron playing gig life aquatic party outside austin think mi tt bday party sadly
4114,1,ginidietrich weather report week upper s make happy perfect running weather
4115,0,aww danbharris getting married congrats new wife miss wn weekend people
4116,1,saralds thanks that sara
4117,1,paulbaan hello paul nice hear someone listening interesting thought kaashoek unisys patel doculabs next
4118,0,http twitpic com iab rounding base fast relay fast game
4119,0,day beasted me
4120,1,wolfie rankin yep buddy long time talk hows thing see cat still like sinking fang ankle lol
4121,0,ancillatilia tooo wish could get
4122,0,throat hurt gonna go read go bed text mee
4123,0,want hang beth tenaya hubby tonight but jon want hang people
4124,0,mitchelmusso would love talk live england unfair
4125,0,okay feel really sick
4126,1,steveplunkett hey need car too dm address
4127,0,ever come across something reminds alot one person completely broke heart cause
4128,0,berumen no sitting around sculpting tiny koi
4129,0,themakelounge fair want sticker moved away london
4130,1,wanderinghope hehe thanks everyone class laughing too
4131,1,okayray thanx bday wish ray
4132,0,nothing good tv
4133,0,feel type way cause im talkin anyone
4134,1,work im ina good mood
4135,0,found one coworkers actually like leaving
4136,1,shadowowns aww lt thank youu
4137,0,sara luna everything donï¿½t know explain simply itï¿½s patetic
4138,1,going back bed nap im starving tty l
4139,0,stupid folkestone cinema showing star trek time damn
4140,1,james a michael hey thanks another great day going sleep now chat tomorrow sweet dream
4141,1,man finishing quot operation anchorage quot sure give unfair advantage loot wise love stealth field suit gauss rifle
4142,1,joy thanks promoing show absence glad liked it sealfur flipthetape rock
4143,1,aclockworktoad yw get really hot middle summer like right perfect less hour away
4144,1,heading theatre show tonight exited
4145,1,finishing homework booo
4146,1,sarahfloss went john grisham instead pleased amp never suspected thing lol hope tomorrow better day
4147,0,mitchelmusso want can t call cause live argentina really really love mitchel awesome rock
4148,0,pissing letting follow ericka
4149,1,musicalmover shotbeak got grubby paw live recording paramore hear better chocolate
4150,0,designerdepot thanks adding befriending no uh oh never mind thanks
4151,1,mdnightcty too sound interesting
4152,0,damn got chili bean shirt hate messy eater lady
4153,1,megan ftw awh sorry probably going thing haha
4154,1,sedzoz actually get rid bacteria thaw nicely
4155,0,free ice cream though
4156,1,sunny day brights day
4157,1,jrathburn good mornin jason ready fresh new week well
4158,0,home got nice plug chipotle
4159,1,excited home finally week weekend people know
4160,1,thanks rawrvee fr yr congratulatory gweetin
4161,1,freedom
4162,0,sharkattack wish quot i like quot option like fb thing like
4163,0,mavinbkk know wait worth november seems far away moment
4164,0,drumstickboy also used close adiel sabby changed alot like sec
4165,1,hannahgramm haha damn inviting
4166,0,hey everyone whats up got another hour half work tell something think wouldnt know this good one
4167,1,elizapatricia o saw fleetwood mac insanely jealous enough money buy ticket think never see them
4168,1,werewolfseth really call ma am wow reality check day lol
4169,1,pchaganti concur http tr im kmvl people can t wait stop making va cloud become commodity quot cross cloud quot
4170,1,girl talk awesome
4171,0,rope witdrawal full effect one tie teaching demo one play with worst one play with
4172,1,emilyjonesmusic awww thank
4173,0,sfannah ahhhhh well least to
4174,0,depressed right now idk
4175,0,coffee turn good tiday excellent
4176,0,bye bye south beach u never let
4177,0,santojay assume able afford traveling anymore got contract
4178,0,diesel wish take care
4179,1,normabecerra washer se chingo ha ha busting grandma lucia waaaaay back early s lol
4180,1,turn really like sixty year old guy right seek future little later planned
4181,1,well goodnight twitter bug sleep well
4182,1,filthydukes yeah thanks pair git hope mega like bus
4183,1,dreaming awake good midday
4184,1,laraslattery lara thank much ff recommend
4185,1,rvcreek ay buti pa kayo uy thank you
4186,1,one final down two go
4187,0,divarina dont evn talk more huge mistake shoulda listened her kno disappointed me
4188,1,yayz today s day call see got job x ish happy even though slept horribly kinda drained
4189,1,came back home ne gig another fun night skankin what workout
4190,1,home work
4191,1,im fed up
4192,0,kateisbored feel way guess matter always meme
4193,0,angelica yo lol wow dawg sound like playing feel bad haha
4194,0,booo meanie victoria teasing piece cheese http twitpic com rt
4195,0,left inn im school dang straight dead here lt hannah
4196,0,soooo sleepy home yet
4197,0,calikiks asap but kid asleep car seat arianna take u need pay v bill
4198,0,tired sad
4199,0,school victoria amp bryan school soon sadd
4200,1,sitting chloes little trike thingo girraffe ill probobly get yelled next minute so ohhh well
4201,1,would take s sky
4202,1,lauratheexpat bit little britain u
4203,1,ready crash had great day fun night ask anything night
4204,1,ima go sleep now good night dnt let bed bug bite haha
4205,0,hanging rex missing alabama nanna already
4206,0,mr reilly
4207,1,marshacollier indeed excellent movie
4208,0,cried
4209,1,alidg take you fun
4210,1,narelle nz busy fun mother s day thanks got wanted a wii fit yay
4211,0,aw want classic burger
4212,0,jhall good bored work
4213,0,going post office try sort whole ebay hacker thing
4214,0,definitely missed listening spill canvas miss seeing live well quot now stitch ooooover oooover you oh quot
4215,1,making margarita watch milk good time
4216,0,today off work tomorrow
4217,0,lozzyx noice realised exam week forgot whole week unit term thing
4218,1,kidding standing room only
4219,1,laurenglennon i s sorry listen bat gd it dude never got tell you but bat amazing lt
4220,1,want watch naruto shippuuden missed episode
4221,1,newtoid oh jealous though missing fried potato bread
4222,0,look like rained weekend climbing
4223,0,um arent episode lost season abc good thing im going vega keep distracted tragedy
4224,1,happy clean squeaky clean
4225,0,last friday high school year
4226,0,hot wing cafe willyum mild spicy bbq curly fry delicious http twitpic com wesr
4227,1,miamiadc good morning miamiadc weekend great monday also great hope wonderful day
4228,1,andyclemmensen heyy teddy bear say look pretty blake
4229,1,mumphlett good girl nevah tell hahahahaha hope good weekend
4230,1,rowsell following tomorrow sleep well
4231,1,going ikea roomie shop apartment ikea like top ten store love
4232,0,got back from ahem meal wa boring eat nonetheless
4233,1,haha gunna go buy whole bunch emo punk clothes
4234,0,terrible day six now
4235,0,need get good hard workout today work feel like slacking good
4236,1,got back cheescake factory boy oh boy gut stuffed
4237,0,feel good
4238,0,jonkragel sick like day now
4239,0,roughnight
4240,0,mrmarcusx jst wednesday
4241,0,jaceypants well piss that can t get site work come thru phone
4242,0,woodywoodford unfortunately leave house time
4243,1,akissforjersey amazing lt sooo soothing
4244,0,gym day hoping enjoy last friday twenty
4245,1,kevin anr shine feeling pretty good check http www myspace com bigcitymonkey saying
4246,1,antsrants driving insane want lie in
4247,1,cyberwest thanks twitpic sure made laugh
4248,1,veritasunae ahh that s fun work last night party after went movie today see wolverine good weekend
4249,1,opinionatedant great weekend mononoke may tweeting inside movie theater either monday tuesday lol
4250,0,sophiechadwick didnt couldnt get liverpool today day you
4251,1,mizhalle http blip fm jbp
4252,0,aww nobody like album posted million attempt boohoo
4253,1,go work tomorrow good time revision though
4254,0,gracious greta good box worth way that
4255,1,concisekilgore morning t love breakfast stuck shop right getting maintenance done ride
4256,0,vian yeah real hard know get it smile
4257,0,up getting ready skill can t wait fail bio final yay ugh honor class suckkkk
4258,0,urge go shopping hmmm got money how
4259,0,everything workout planned
4260,1,adamthestudent isp sorted gather cheer bday wish
4261,1,happy star war dayyyy d hbd uncle lee
4262,1,starting internship today pretty excited
4263,0,stuck office till warm outside
4264,0,know saying fuck it i m horny hell http twurl nl qcjc
4265,0,bagginsboy oh yes feast left
4266,0,kurtismarsh far go unless prize million know win
4267,0,good news time incredibly hard decision
4268,0,boomkatt want bittersweet lol
4269,1,got home day pampering shopping white outfit totally complete
4270,1,commonsense thanks appreciate know unsubscribe list grow tomorrow lol
4271,1,such a tease
4272,1,sai shediddy lol gotta share
4273,1,merabobera wantttt
4274,1,westendactress well good
4275,0,long day matinee evening show sad tomorrow last ever welsh college show
4276,0,http twitpic com wb gotta show monday hopefully head better then
4277,1,morning washing machine already going mum dad house get house ready wedding day busy busy busy
4278,0,sitting work watching clock moving fast enough
4279,1,brianiwama amen brotha
4280,1,goodnight twitterverse
4281,1,gift myself published episode align re align sensitivity level min yoga class http bit ly qagh
4282,1,usual two family party today happy birthday lily http twitpic com w
4283,0,officially miss quark huhuhu heart hand partner one dance tonight come home so http plurk com p xkz
4284,0,soooooooooo glad learn farrell ice cream parlor staging comeback so cal bad mission viejo mall
4285,0,naiadrisa heh that s happened too hope rest week go better
4286,0,close library due great weather ac working fb
4287,0,missing taylor like crazy cant wait till back
4288,1,xanthetwirls saw ur chance else would name think b missing nite too thank god youtube
4289,0,watched marley amp me i cried hard
4290,0,aww friend called said got better job working anymore
4291,1,mikehuntington oops drunken stupor lol ima check
4292,0,aaaah taking back sunday playing new york day leave
4293,1,heidiheartshugs that s cool well need help regarding that google friend plenty info that
4294,1,orchd really adore k popped site http k popped com haha
4295,1,unpacking new toy arrived studio right called tc finalizer can t wait check sound
4296,0,darn allergy like time year this never used problem either
4297,1,morning beautiful already glorious sunshine wash vacum car done fill petrol done bbq stuff buy done
4298,0,wee laddie s upset hour tried soothing bed nursing etc nope am real food blue clue now
4299,0,ice cream crazy mocha s mean espresso milkshake
4300,1,peacefullvegan love pd fucking good wanted try something new i give star meh
4301,1,pembsdave hope relaxing day feel laid back can t stand
4302,1,djinfrared sound pretty cool great job man
4303,1,bingofuel yes see carywilliams tonight delicious dinner chef geoff chez a lo g mo hope see pre departure
4304,0,god look stumpy sharing toe tonight
4305,0,maliciousmandy adam samberg new moon trailor good evening bad cable friday
4306,1,stevelensink thanks stephen appreciate
4307,1,morgandonovan haha nice thanks letting know
4308,1,hilzfuld haha tripped talking harvard read aussie automatically came idiot
4309,1,managed find bottle pimm s weather go
4310,1,wow that s say star trek cool
4311,1,hi http gayorbispace com hope everybody safe amp fun weekend
4312,1,liking fake tan orange colour
4313,0,feel like watching disney movie too bad dont vcr anymore
4314,0,elizapatricia never met person miss like hell must charm
4315,0,yslaurent
4316,1,lilabiem hahaha well would smack that hahaha big banggg
4317,0,t rothlisberger that s fucking awesome bookmark
4318,0,finally going bed staying reading script quot remember me quot sad sooo good happy mother s day mother s
4319,1,star trek good time
4320,1,partied long hard goodnight twitter see ya mornin
4321,0,nkcaump excellent pic wish there long drive tn
4322,0,please please anyone
4323,0,today sad day tucson http tr im mq shall miss sour cream apple pie fondue separate seating group dog
4324,0,stupid twitter faceless
4325,0,leaving sf soon might cry
4326,0,going work people party going home visit grandma sadness
4327,1,treasaint salad stuff chilli whatever horti mate give really think fun
4328,0,brran hey you ever pre order sims sad im poor get right
4329,1,tsarnick passionate interest go beyond mean followed wiggle right
4330,0,ok day jo bit bruised
4331,0,beltranm hello late playing internet love you
4332,0,watched wayyyy much beverly hill today proud fact tv fail
4333,0,richardmadeley oh final msg review boardgame bookchaseï¿½ telly even get nice letter
4334,1,back new mexico again happy mother day mother there
4335,0,home lost baseball game friggin point gonna scrap
4336,1,garrettmurray here wanted keep going end ever
4337,1,mandypandy thanks hon project bra start today
4338,1,still celebrating bday even though friday
4339,1,psychobeauty word ima summer just move back lol
4340,0,thejiggerjames same party tonight jig
4341,0,leaving utah today super sad face
4342,1,happy mothersday mother and mine love youuuuuu
4343,1,mandyyjirouxx helloooo
4344,0,themikekelly sorry mike assuming music missing i know then mystery
4345,1,nsharm thank reading ohlala
4346,1,tranced yes mate friday
4347,1,futureclassics ben jerry yummmmy
4348,1,under control aw babyy sorry gots excited haha lt
4349,0,thats moan day
4350,1,krystalnichole pretty good think overdid gym yesterday working
4351,0,phillyreds sad true
4352,0,official twilight saga ended sigh my life empty
4353,1,listening falling rain lalala
4354,1,naomijlea good job track head co sadly can t access it boo
4355,1,girlfromthemoon i yay moment today yay hope too
4356,0,kill sick n friday night
4357,0,bad day
4358,1,heidimontag saturday good cannot wait monday night
4359,0,queenbmakeup can t add myspace girly asks last name email
4360,0,mbulatao oh no hope baad tell mya hope get better soon
4361,0,wish sri panwa
4362,1,illegalvenez mmm comfort junk food sound good always preferred wingstop
4363,1,feel depressed save it thanks nothing
4364,1,starbucks farrah
4365,0,go gymnastics last day class
4366,1,jensen ackles new twitter new supernatural im day old jst ordered st season seein gud random ep lastnte
4367,0,miss husband
4368,0,pampian want know tried ask p kia still reply change status away
4369,1,going star trek premier tomorrow night uber stoked care nerd star trek amazecore
4370,0,hey thomas drinking game tonight i work till tomorrow
4371,1,got home stacey s lovely wedding
4372,1,loyaleagle good catch thanks bunch put new widget
4373,1,amp amp the night continues w fav mazie kristina ericka amp amp robin
4374,1,darrylep lol splurge chocolate then plan splurging little tomorrow
4375,1,happy star war day everyone celebrate family ok celebrating going round famo s
4376,0,starting get sad
4377,1,thea smith glad zoo fun great mother day hun
4378,0,looking daughter baby picture make heart hurt
4379,1,may th happy star war day
4380,1,glad home punched late today tired thank goodness tonight make sure something fun today
4381,0,day started bad got better
4382,0,lobsterandswan itï¿½s beautiful blog iï¿½m able acess anymore
4383,0,sexxieluv dang just far away i darn dream
4384,1,baking experiment result delicious sweet rich almost sweet
4385,0,msn none on
4386,0,checkout line kate amp jon splashed u weekly sad
4387,0,need somewhere go it still lush want back
4388,0,mean monday take test monday please please
4389,1,great time six flag yesterday summer friend spent night last night left bored
4390,1,wkjthd much welcome
4391,0,mtupyro feel bad got foad promotion too
4392,0,oh beautiful morning brekky bed
4393,0,misterperturbed ordered replacement palm centro cuz phone got kill t wanted palm pre cant afford data plan
4394,1,bye twitter amp fb world san francisco airport ready board air china sure internet access
4395,1,http snipurl com hqn printed mom amazon gift card happy mother day talk last minute
4396,0,mitchelmusso cant get
4397,1,novawildstar nothing sort nevertheless shall go share magnificence wider world
4398,1,totally long since updated saw star trek excellent killed yogg saron man memorial day killed man raid
4399,1,need see betsycon now someone buy plane ticket please
4400,1,say quot oh man quot jovani asks quot did call old man quot haha
4401,1,http twitpic com wukt bought ludi rug dog best
4402,0,velf missed last night hon
4403,1,home disney best time long time howl moon tonight gba bhb tuesday oh drummer boy niiight
4404,1,way st martin vacation week
4405,0,gonna suck sober one tonight
4406,1,rebeccao thats ok yeah good night thanks glad too hope enjoy bbq
4407,1,back lunch ready go homeeeeeeeeeeeeeee
4408,1,ending day another walk nice walk gelato
4409,1,nighty night twit tty morning
4410,0,opheliapunk wish bummed kinda
4411,1,tamejhna managed find place combine fun pleasure saving took planning though
4412,0,wanted sleep friend denmark poked im
4413,1,pinkberrygirl aha see will
4414,1,deejai nice meet toooo good know another one follower actually speak
4415,0,babysitting dog they place
4416,0,uploading photo ughhhh go school early tomorrow fml woo excursion win
4417,1,jefebarrio put neighborhood little one like runner got st place okay time happy
4418,0,bowwow would afraid got two left foot
4419,1,adistakim going hidden file thinking youtube nott lol hey put phone swimming
4420,1,zooeyde nice able following twitter
4421,0,rip big cup miss
4422,1,polly scattergood s new single today download please touch ep itunes ace http tr im kpk
4423,1,supernatural tonight yay
4424,0,mjh know man day pulling bed
4425,0,sux gabe told go afterparty id work can t go
4426,0,sarah miss already sad face texted seriously gonna make cry
4427,1,went got pedicure manicure daii den sunbathed daii best day eva oh yeh did teeny bit study
4428,0,freakin migraine
4429,1,go one n smirker cheer dave aka jak aka best chest ever http blip fm jjcc
4430,1,goodmorning
4431,0,boo rain got pruney bath oo may day the crazy morris dancer large ampthill lol
4432,0,branwen better today yesterday really hard still unbelievable miss him too probably always will
4433,0,loving new skype especially someone like life half world away home
4434,0,seattle washington im sooooo hungry amp i miss alaska
4435,0,social saw g awwww
4436,0,damn fallout hard game
4437,1,sirreigns that s like hear unfollow u little people twitter make big u
4438,1,fun wango tangooo
4439,1,ikklepickle haha fail remember sohcahtoa xd
4440,1,eep might cancel disney trip year thrilled it
4441,0,hey guy back work kinda horrible
4442,0,im wishing weekend go sol
4443,0,hi im chris cant get mine keep getting error
4444,1,rachmaninoff make happy panda
4445,1,thanks assignment im work today
4446,0,another rainy day
4447,1,sick ians coming good
4448,1,andysowards andy great am wall first day event apart exciiiiiiiting r u mate
4449,0,ah remember day sleep noon well guess today god feel like loser
4450,0,scrapshoppeetsy rt heart past day etsy boo hoo totally
4451,1,robkardashian hey fellow trojan congrats graduation
4452,1,good morning everyone time work
4453,1,nice weather today alex
4454,1,timdifford ohhh beautiful place hols go steady mead
4455,1,jpallis john present ever even online edumedia
4456,1,storrao thank respect designer luismvaz
4457,1,kolsweetie hell yeah belgian beer bomb p
4458,1,enjoying nice weather stuck indoors writing essay
4459,0,sethsimonds grateful great marriage awesome kid business rock guess rest family ok too
4460,1,test shooting later afternoon mention holland indie wine festival week tongue red
4461,1,first sleep spending day mom since mother day all might even chinese
4462,1,hope mom enjoys mother s day gift
4463,1,chioma yeeeee haha funniest thing dude cant ball bring hot gfs along watch get murked
4464,0,last night bottle wine house cocktail came home sober still gonna sick
4465,0,arrested hotel
4466,1,rockin minivan til sti ready miss already
4467,0,mad traffic
4468,1,heeey ice hockey we winner
4469,0,feel live without something taken away oh know now movin
4470,0,work starving
4471,0,frogworth hey great gig exchange track via ze emayal lost loop right still writing xx
4472,0,miss boo another note im soready game come tonight fox grill anyone
4473,0,suzbooze wanna go freaking broke fun
4474,1,svickn g morning good know alive well today
4475,0,keep coughing gut
4476,1,hope school gonna good tomorrow
4477,0,bk ii choice get it
4478,1,liz left aww good see her
4479,1,jackalltimelow got jagk shirt mail omg love it see saturday
4480,0,so doing eating cracker yummy unsalted one course salt caviar
4481,1,aly amp aj new album summer yay
4482,0,and person stood them world full spineless cunt make sad
4483,1,can t wait see set goal leeds lot website work today
4484,0,thank incredible support encouragement it mean much constantly bless amp thankful you
4485,0,wrong liesboystell one love they really several woman http tinyurl com nlpct
4486,0,snoozen think home want next week work booked forseeable
4487,0,retrorewind dave can t happen working listen whining big time
4488,0,yet start paper due tonight motivation
4489,0,james buckley good mate sadly couldnt get pissed tonight fucking driving bad time
4490,1,mynameismo good morning here s hoping good one ya
4491,0,katrchrdsn without whipped topping shortcake shortcakefail
4492,1,aimeelady girl last night would let her figure boy would enjoyed watching
4493,0,mrgranger trouble think helping wrist
4494,1,trudymagnifique haha check site got good one
4495,0,msdivineknight wish could want stay play u guy enjoy block party
4496,0,head hurt
4497,1,aussiemcflyfan hope know woo haha time exciting lol
4498,1,kimberlynicole yay happy got meet her
4499,0,watched slumdog millionaire soo goood love sad
4500,1,sleeping rest day busy however got spend last favorite babysittee the kid great
4501,1,good morning sunshine
4502,0,bed rest weekend next week neomonia suck
4503,0,leg fucking sore foot hurt walk whataday
4504,0,gone
4505,0,moving office going miss hollywood
4506,0,codemonkeyism attempt somehow extend inner class would close closure can t find ref atm
4507,1,found six great vegan place eat relax at four can t get without car
4508,0,cause missed lot class
4509,0,lost key mall took min find
4510,1,man i m loss word look like i ma get unexpected graduation gift in good way
4511,1,mariana photography cassone s may feature http bit ly ebjm thanks much
4512,1,mikeyconner hey bought porter cable piece set new drill led light near trigger oh happy
4513,0,nikkibenz hope so recorded pit wa game find didnt record lucky leaf woulda lost
4514,1,onlyhis can t wait see
4515,1,photo jdperry seriously theseï¿½pictures make day hahaha iï¿½always go aroundï¿½saying ï¿½omg you http tumblr com xznpirs
4516,1,tired dinner good churro s good
4517,1,jackalltimelow fun anyway thanks taking pic u last minute
4518,1,cub game cold think going rain
4519,1,successfully defeated swine flue power positive thinking swineflu hn swine flu
4520,1,woman science amp technology conference la jolla interesting day met really great people
4521,0,deegospel hey dee wish could make mastermind session tomorrow wedding statesboro hope chat soon
4522,0,girlx bottom thing moving all feel bad man
4523,1,becckysmith aw no yeah must say good haha
4524,0,feeling today going boring work till
4525,1,met mother best show ever
4526,0,aplusk awww here waz uuuup seriously glad y all fun bad invite got lost mail lol peace xo
4527,1,cschug do long think next weekend open going house warming party
4528,0,mom ok far missing jaron
4529,1,star war day may th you
4530,0,missed math trade
4531,0,trillian account local comic store ran k one time
4532,1,merlene cool figure tweeter club
4533,1,pixelbase steverumsby care eurovision yes jury based vote year eurovision
4534,1,megfrancesca really best night ever
4535,0,the wockeez missin u guy day ill b tomorrow butttt see u june th blockkkkk
4536,1,allo twitter today
4537,0,http twitpic com vr wanted visit animal late
4538,0,could tell gonna angry day
4539,0,nobilis feel pain mine way
4540,0,allergic hot wax
4541,0,ceo inthemaking aw
4542,0,stoya limited web access thought europe lot quot connected quot were regardless fun never europe
4543,1,hungrygirl that s bad movie s really pretty good scared away even people costume
4544,1,got awesome hair cut todayyyy look hottt haha homework
4545,1,bom dia good morning guten morgen returning twitter
4546,1,bbq s gone well weather stayed good right bonus bed training morning work
4547,0,wired sad
4548,1,writing mother s day card mom aunt amyyyy can t wait mommy
4549,0,elf princess hehehe barry killer u need pic
4550,0,man fucked test playing cod day till summer
4551,0,lost phone
4552,1,seen star trek guy can t spoil seen it go go now
4553,0,ipod came back visit cali china alaska but home im work
4554,1,gnomeangel yep
4555,1,laurenconrad http twitpic com whd lauren amazing well see hill lol seem like great friend have
4556,0,dann vega misconnected next flight midway tonight hotel w o undies
4557,1,like smell roast oven mmmmmm must dip sakatas tide till roast cooked
4558,0,danisometimes sadness could hang feel less apathetic
4559,0,princeterrence terry terry terry miss
4560,1,ericamcgraw hi im glad fun tennis im go see dr dorfman last visit though
4561,1,dreamobscene know feel lovely relaxing weekend
4562,1,lilxklein see hannah klein lookin good today
4563,0,hate moving
4564,0,aleesha s piggy died can t catch fucking break man
4565,0,need new running shoe foot completely torn
4566,1,adneonheart oh god finally found someone online haha
4567,1,need bear hug im going camp today
4568,1,love wanted share follower feeling inspirational ive long day
4569,1,eating rice breakfast yes
4570,1,wishing happy monday wonderful start week make good one
4571,1,jam session room seeing star trek again
4572,1,denisev biligual sweatshop lol talk much got r
4573,1,hey mate came home beach hella tired hour ride
4574,1,traveltweetie go sleep now might awakened early w breakfast tray spark amp joper w their dad s help
4575,1,mattgarner haha what s matt
4576,0,headache
4577,1,excited lot good thing happening work wise melbourne
4578,1,good morning tweeple sun to
4579,1,meshel laurie father lucky man sound like fighter
4580,0,sleepy even late fail again
4581,0,ok son bath gonna see find quick quote gonna miss ya ll weekend already gettin sad
4582,1,caldjr yeh
4583,0,hollie steel bgt absolutely excruciating watch poor girl
4584,1,beautiful morning nice
4585,1,beautiful morning time get enjoy sun
4586,1,sayin good morning everybody office must say quot good morning you quot too greets charlotte nc usa
4587,0,omiriamo like idea going cinema monday
4588,0,mona aw headed to cancelled trip aussie
4589,0,mariuslt sorry bad driving experience
4590,1,ten min stimulate biz sale good customer service award breast cancer camp koozies product variety
4591,1,jaezors b day may party sat come gay
4592,1,mrjaydeeone thanks add try signing later get home still luck email someone
4593,1,cresh fun bbq good matter
4594,1,nora elaine s online mommy too give good advice
4595,1,http twitpic com whaf tonight s art show success
4596,1,dai bach daps best lol
4597,0,ev trying really hard hate you
4598,0,kickzfadayz boy better get tonight
4599,1,jtimberlake love new website
4600,0,really sad shes missing critical mass
4601,0,alexistai please roll eye can t handle that cry
4602,1,agoodstein timknapton good role model like yinz think
4603,1,rishloves make smile rishlooband
4604,0,miss city leave priciness pollution panhandler
4605,1,jennamadison hehehehehe it play time cutie lol lol
4606,0,star trek movie riveting soundtrack superb overall experience fantastic alyssa jumping german shepherd priceless
4607,0,chantalclaret d get hate tweet that s sasd
4608,0,crossing bridge leaving ocean city sad
4609,1,robluketic thank much nice happy hear voice really started something good xo
4610,0,evening town jeremy sad carrie can t come
4611,0,saw trailer batman arkham asylum play joker that s p exclusive damn hurt
4612,0,paycheck nothing piece paper
4613,0,ugh gone new phone screen black mean texting
4614,1,watch jay leno tonite last day tonight show host
4615,0,thinkgeek curse upon ridiculously slow internetz work dang image loaded
4616,0,feeling pretty energized amp ready face day w only hour sleep hope last day
4617,1,lknerl yes must much fun sxsw guy pj party room
4618,0,got beat super larryonation
4619,1,babyvibenancy hi nancy fine till baby move get house amp fun stuff early hardest jump
4620,0,meggiemouse going hour out say computer phone last week didnt care all
4621,0,last business day month wrong time get new tag people
4622,0,tennydesign rogï¿½rio minotouro fight now
4623,0,last day working tend
4624,0,helped save runaway dog want friend though
4625,0,jazzyladee try pretty hard engage everyone follow lack interesting shit say end unfollowed
4626,1,drink hot chocolate yummy
4627,0,dirtyliz right
4628,1,twitlonger hi x website soo cool love using thank
4629,1,robdyrdek husband wear shirt time think send way
4630,1,werewolfseth yes
4631,1,awesome lunch family amp dinner in law
4632,0,yuki hime played latter part voodoo village part co op lost usual partner
4633,1,chearn thank make sure u read group description better understand project
4634,0,suddenly remember memory ohhh please
4635,0,working working working www redirlanda e many hour spent worth letï¿½s make red irlanda big
4636,0,irony inventor ford mustang can t keep car http tinyurl com lpmvtk via jeffholton
4637,0,nelja exactly like in glasgow it s bgt busier
4638,0,aaronhoskins fucking miss band much
4639,0,chageaus fiscally responsible fiscally rated
4640,1,anyone still play n anymore super nintendo day best haha many flashback
4641,1,spazzyyarn totally got you think awesome
4642,0,beautiful day today love sunshine missing man though away weekend xxxx
4643,0,silenceiseasy lol cut bang like kate hudson bride war month ago super cute look diff time
4644,1,pauliniunia best show ever
4645,1,grantimahara man month get see drunk tweet
4646,0,wanna see up tonight one go me whhhyyy
4647,0,nd written fuck get less idea every day every day
4648,0,thank ddlovato cant wait ummm btw ima crash still sick
4649,0,sitting alone quiet house
4650,1,xkirstyxo haha love dnt regret tyga lt randomly deleon sings tifanny blews haha like one line xd
4651,0,broke laptop again
4652,1,weather starting better shine
4653,1,nicolemauricio aw come ur early love ur youtube vids btw
4654,1,home sweet home lt going see hannah montana movie today lt ddd
4655,1,hollymcombsbr somehow cant reply message lol yes know thank youuu
4656,1,made sister cry hahah bless her hope again
4657,1,proud ceviche bellini turning well loving smell fresh flower house
4658,0,another day jury duty
4659,0,hojomo im trouble finding really yummy egg free ice cream favoriteicecream got recommendation anyone
4660,1,weather nice many hot guy town felt like kid candy store except candy straight
4661,1,gonna beautiful day
4662,0,allysonbrianna well yeah mom wanna drive way sac far away
4663,0,excited see quot up quot logan s birthday week sad wont party bc know kid tho
4664,1,theellenshow kalebnation twilightguy com kalebnation com youtube com kalebnation put show sry spamming love
4665,0,apparently misplaced ipod gb
4666,0,citygirllife ready weekend see flash flood warning around here
4667,1,hairboutique thanks btw men s hairstyle right now growing hair long anyway hope good weekend
4668,1,way home school lol car tired
4669,1,courrtneyyy thank much neitherrrr
4670,0,iigghhtt fur geet it idc idk eh blah ugh blah idk hah um yah immboredddd ugh ill fuckitt
4671,0,emiily kate know heap awesome working weekend
4672,1,weetabix choco milk yum
4673,1,kat haaa awesome remember brother got given woody got upset cause got buzz got lmfao
4674,1,mcmedia well thank you you importantly
4675,1,elj ok nice one cheer bos liking lack fcs today
4676,0,somebody installed vcenter server window x w sp sp compability matrix
4677,0,sad day redskin release jansen best wish him http twurl nl ueivwi
4678,1,new project going incredibly well tired today think get monday s off permanently
4679,1,forever since tweet wanted say thaty love bill hope ya ll amazing week
4680,0,chrishornby very ill attempting remember lot nothing going in
4681,0,tearlesspoet hmmm really that s weird idk one sowwy
4682,0,joek depressing stuck inside day
4683,0,smell like beach job
4684,0,pairadocsdesign radio x going sport next month radio dead grandrapids
4685,1,jakeashley cheer
4686,1,recollecting jog a m almost perfect except unkown type hanging vehicle much mental noise mile jog
4687,1,ok yall time go room amp cuddle wit sasha lol see yall later alligator happy mother day da mom amp mom
4688,1,pondering lunch shane s think already hear people whining it
4689,1,met one nerdiest server chili s today lol awesome favorite
4690,0,http twitpic com xn miss already
4691,1,jayjager well donkey appeal sure
4692,1,pourmecoffee th grade spelling bee went trailing flame st word county spelling bee http post ly geb
4693,0,saddest movie ever seen
4694,0,karina escobar people seem getting pretty quick guy seem care
4695,1,rubyrose must love sydney dont leave u sydney kid xx
4696,0,frazzel let download co said uk little cry
4697,0,agoodeye soooo disapoointed make next time glad productive
4698,0,hot please short stakc competition
4699,0,desperately wishing could sleep frazzled gma can t sleep really bad tonight xx
4700,0,got bullied dillah help
4701,1,petemoring well nice see you great day tweet soon
4702,0,hate song survey always seem make cry
4703,1,angusmaclean yeah there son two go kid friendly place now congrats baby
4704,1,alphonso sf right
4705,1,time get educated hope great start monday morning
4706,0,springwestend cant believe closing moro ive never chance see show good luck everyone star
4707,0,stereophonics http twitpic com p well done guy gonna miss tweet
4708,1,glorious week best holiday ever think want go home morning
4709,1,deiu guy moving la far shall make castle leave
4710,1,getting ready first quot real quot day work five month word encouragement welcome
4711,1,h lamb meeting fun sunny yay play horse afternoon clap clap clap
4712,0,littleisis time coming here want spend day mom
4713,0,nacmacfeegle sad see despite glib
4714,1,lovelauriexox son play pitcher catcher beautiful weather past weekend baseball exhausted
4715,1,going church morning happy momma day almost
4716,1,jennifalconer thought rubbish twin cute tho
4717,0,nzdeany given pizza kid would never let fav the hot one
4718,0,bummed babydoll spaghetti strap tank three wolf moon t shirt love meme hate wearing fabric box
4719,1,safig lol wat vibe doin atlantic amp where s ur shirt twitter pic lol
4720,0,unclerush unfair wanted watch came message saying quot this video currently available country quot
4721,1,morning all great day school go
4722,0,ugly betty sooooooo sad
4723,1,sarieee thanks finding amusing rubiks picture tonight making evening via chrisfreeman
4724,0,sophiatam haha yea working chillin eastbay unlike u get summer break boo
4725,0,cece going come enough money get ticket
4726,0,ache amp chill joined party cold go away get worse
4727,0,brianlehrer one day want listen live stream enjoy podcast time
4728,1,musicalchilly thank u lady
4729,0,ahhhh pic
4730,0,change practice pool someone threw normal pool
4731,1,isacullen want
4732,0,mr bates left
4733,0,shower time
4734,0,happy sad may soul rest peace
4735,1,finally making headway family room home finally begining look like it btw dial go die
4736,0,dont feel well got dentist appointment later
4737,1,mother s day
4738,0,yawnnnnn slight headache n hangover grrr
4739,0,tearose wish could enjoy girl day
4740,0,wow realized checked twitter since am saw to do list good news got lot done bad news don t know day went
4741,0,im mad cuz cant get picture work
4742,1,watching shark boy lava girl disney channel hanging sarah jane micah amp rachel
4743,1,amoonchilde thank you tomorrow b day too tease mom tell mother s day gift
4744,0,hard keep everything there s whole coldplaying twitter facebook talk real life impossible
4745,0,craving munchkins bad
4746,1,great time last night
4747,1,good morning friend happy may bank holiday
4748,1,finally dinner nishiki sushi
4749,1,velvetella bye great time whisked away
4750,0,hate sick make soup
4751,1,mexican that s craving
4752,1,wrldfms would know phone
4753,0,going miss springwatch tonight going make garden
4754,1,kevinrbutters chiangmai month last year loy krathong best festival ever
4755,0,hippyofdoom even get chance shop aldi
4756,1,shutterbuggeek thank
4757,0,sheila libere moving done internet monday cafe like new place work fine everything else so
4758,0,there nothing worse working friday night wake saturday want babe
4759,1,mossyy problem glad to
4760,1,evanlyoko yay least get see next year sad too
4761,1,nicolesssss no dayuuum o clock better
4762,0,rebelraising yeah lying bed thing s bugger blocking creativity worse pinned pet cat apparently
4763,0,portugal derbyshire least sun shining lawn look like percy thrower gardner in residence weekend job
4764,0,miss hero already come one fall
4765,0,charlieskies actually better name fluffballthegodzilla my youtube username ive beaten
4766,1,lindzluvsnkotb going cruise wish wa going vacation thanks though
4767,1,headed home see yall a m tweet
4768,1,http twitpic com wlf bbq time again
4769,1,family guy rerun food and good phone conversation ah saturday
4770,1,life beautiful morning think better way ruin work
4771,1,tifftiff sad glad
4772,1,cestcassie aw song make think girl scout
4773,1,birthday week today
4774,1,kristyknox sound like fun think lol naughty ironing watching nk porn youtube instead lmao
4775,0,julnas might end like poor bus driver and kinda weird wish today o
4776,1,superficialgirl yeah tomato paste oil traditional sandwich eat olive maltese cheese yum
4777,0,nw macedonia rainy day row
4778,1,well sunday weather look great gone take bike visite mom day
4779,1,themandymoore looking forward new album
4780,1,avenue raining cool
4781,0,alyankovic oh ate pizza last night too stupidly feel closer somehow
4782,1,welll folkiesss im offf dream land work mornin ugh ewwy talkkk me but tomorrow lt lurvee ya ll gt
4783,0,love mac msn work still
4784,0,beckyhope ahh yeah get mean alevel retake exam day gig yah im pretty stressed
4785,1,clonecommander everything better lightsabers
4786,0,really want buy new clothes
4787,0,minute never class again kinda sad cause class fun
4788,0,heeder s monday well absolutely plan weekend
4789,1,sevfletcher exercise u make it walk run bike blade skate surf feel gooooooood
4790,1,rice crispies morning brings back good memory
4791,1,shaunie o awesome family owns it the flower love kid there seem lot fun
4792,0,misscherrypie wish could get back yours thinking hour week bubble would okay
4793,0,cheesetal miss coffee
4794,1,happy crepe again
4795,1,iliveinbetween graduate am sunday june th
4796,1,raenewman called me get that nest time sure maybe come la soon hella wana go disneyland
4797,1,special edition jfpl came today time rip demo cd itunes upload ipod go work
4798,1,up moooooorning http plurk com p sudg
4799,0,mmitchelldaviss mitchell tryed add xbox live lastnight live show friend list full
4800,1,flygirls quot mom set bar high need learn fly reach it quot that s awesome sentiment read mother s day
4801,0,hanster ahhahahaha ariyan want listen used bandwidth downloading hamish andy podcast
4802,1,cant wait thursday
4803,0,wow way discouraged idk anymore fml
4804,1,learning play sweet child mine guitar yay
4805,0,aww okayy tell tomorrow
4806,0,nellagrl being lonely time
4807,0,im friend anyone anymore
4808,1,hahaha ikebot nonsense
4809,1,art coffee cake
4810,0,brodyjenner live manchester england still never london
4811,1,cold rock choc mint bubblegum cookie flake nerd yum xd fun day
4812,0,feel like drinking wine any
4813,1,well inspirative day there s room design today schedule heading bed
4814,1,got coach purse
4815,1,marieluv ahh would rock
4816,1,back manchester whats weather sweaty
4817,1,crimsonmuse saw this im freakin starving right now thinking peanut butter fudge ice cream amp steak course
4818,0,started raining earnest guess golf today
4819,1,one gear baby
4820,1,fromlucy thank dearie followed dome too
4821,0,best friend leaving go back school today i sad
4822,1,reading maltese sunday newspaper coffee aaaah glorious sunday
4823,1,ohshititsdre awww didnt see till edwin left knew wanted some forsure tomorrow make u new batch
4824,1,happy star war day
4825,0,dotcompals yes nice missed lot fun damn exam looking good hair
4826,1,reached bangalore gotta hunt room
4827,0,today free day bell rang wen rang end okayy but
4828,1,flickstack hehe never thorw shoe listening varsity fanclub surprise surprise sway sway baby awesome
4829,1,recovering mexican fiesta bit much good time
4830,1,skipping school like cool kid
4831,1,kelsie marie hey beautiful whats up
4832,0,sun making happy shame work tonight x
4833,1,gorgeous day hash around waterley bottom wonderful name village quiz mistressing porto evening
4834,0,justwatched depressing episode jon kate ever i actually almost cried
4835,0,lululemon thanks sadly streamline top ii sold out streamline trunk ii available size get halfway
4836,0,enjoying yummy salad missing avocado that s happens husband grocery shop
4837,0,abbyro good good sched sadly
4838,0,chrissligh saddened see felt need comment clay know care lost one follower today
4839,1,buffalokid thanks feedback surreal life surreal oil
4840,0,want hear voice
4841,1,good all hanging dad day looking job still
4842,0,megaman yeah work busy day tired hungry
4843,1,seicra the bc well end everyone s happy most time
4844,0,trying straighten hair effing hot here also need food
4845,1,enjoyed see n everyone last night even tho really bad night financially cant wait kick drive in
4846,1,serum heya hour famine start may nd gonna take part
4847,0,spent morning watching eddie izzard s glorious funny realli shud hav studied thou
4848,0,friday i nothing sad
4849,0,goatzilla im good yet parent still buy clothes stuff need gt gt dont get pocket money anymore
4850,1,like fuck still up maybe im drunk hell great time tonight shit crazy
4851,0,soccergameball use breathe soccer live soccer until hurt knee badly sad day wa pas link around
4852,0,cocktailchic oh f ck completely forgot thirsty thursday oh my gaga suck
4853,0,awww poor holly
4854,1,great shot yesterday editing pic
4855,0,denybutterflies omg sorry sorry never know say
4856,0,work mad blocking site fun blocking facebook twitter amp youtube
4857,1,shopping day headin central chidlom siam
4858,1,chocolatesuze yes yes should especially wine mushroom ummm love mushies
4859,0,massive headache
4860,1,racemode lol know president could comedian
4861,1,oh noesss senior last day however tickling till floor giggling made totally worth it plus senior sandwhich
4862,0,im ill hate it seeing doc
4863,0,really miss sebastian
4864,1,got back karaoke bar metreon watching millionaire matchmaker
4865,1,awake others sleep
4866,1,l ice grande half sweet french vanilla soy milk starbucks mean summaa s coming
4867,0,stupid net think mum broke it again
4868,1,rodney http twitpic com ig love game xxxx
4869,0,irrationallogic yeah daw awww wear mask na
4870,1,fragdolls ok love big buff tattoed preferably christian men strut fluffy dog optional
4871,1,cassetetapes shareeee
4872,1,go acting school yayay
4873,0,mourning venus third round loss
4874,1,josieinthecity lol good men watch flick w u sigh good flick far called quot because said so quot
4875,1,freshalina itsmeamerie hey everyone mixed first single quot why r u quot i m sooo excited
4876,1,probably best birthday ever had got spend favorite people
4877,1,krissy tina adriii guy literally going sydney june july hols meet wanna try one lindt cafe
4878,0,gonna life good exit hallway stuck world
4879,1,philipgranger thanks follow raise hand
4880,1,back li hour ago n still made work yay
4881,1,stonebrewingco um thats favorite beer must torture can t make there
4882,0,srubin sorry disappoint
4883,0,successful shopping day
4884,1,idibs oh really good dude thx added
4885,1,saw cute movie passed place called peasant kitchen wtf name kinda sad
4886,0,telstra biggest teleco greedy need fast internet download cap
4887,1,heading hollywood studio today manta kraken awesome yesterday feeling like ride
4888,1,oh also today must remember hoppusday happy hoppusday yes said yesterday changed okay
4889,0,feel sorry bestie good luck ali
4890,0,donniesgirl yes blame
4891,0,loving half day raining soccer practice tonightt
4892,1,sleep take two this better work
4893,0,gosh miss singer s theater miss learning music acting exercise n especially miss onstage
4894,0,nkirchmar minute go day weekend leading birthday tuesday work birthday
4895,0,tired work till tonight happy mother day everyone http tinyurl com qubl
4896,0,need push diet last level good last week lost lb better gain
4897,0,think working eye drooping weird drug dont like cant wait tomorrow though
4898,0,tired canï¿½t stay awake but must finish work sunday
4899,1,introversimondu sound good yeah turn tomorrow definitely partying
4900,0,broke bottle probably focus work instead thinking songgoeswrongs
4901,0,jimmyheartcore awwwww snaaaap jimmaaayy man hookup bad far away
4902,0,well guess heading la weekend doubt get go p blog meet greet
4903,0,wish mum spent forever talking could call kiera later gt lt much time left though
4904,0,ewwwy campus cleanup community service
4905,0,look like twitter
4906,1,tom howarth hehehehe keep silent
4907,1,morning ali big thank yesterday love always xxxx bike today forget get helmet ok
4908,1,dreaming weekend awake
4909,1,panicitsleslie aww that s still awesome fun though assume
4910,0,mshalfway want go back school sigh poor
4911,1,mizz trouble pleasure sweetie lookin forward gettin know u
4912,0,browsin thru video multiply saw video u sang bf miss you n miss you pls come back wherever u r
4913,0,another manic monday wish sunday that s fun day happy monday twitterland
4914,0,dressed go
4915,0,jasoncalacanis damn missed live show guess wait till available itunes
4916,0,really annoyed work appear blocked facebook now
4917,1,fb boring wanna sing right now
4918,1,choir assembly bad fucking hot yay
4919,0,aw wee lassie made cry tear streamin doon face lol thats wee shame x
4920,0,wanna sunshineeeeeee
4921,1,t g i friday favorite people ever made reservation like people here hahah
4922,0,lupin bebop that s lame sorry
4923,0,soo sad mcmcbuddy think look like could little rainbow like burrito ok burrito
4924,1,tiernandouieb oh gosh hope so fun
4925,1,live live dj jayem bb e s r click http www krisisdnb com listen asx
4926,1,listening nin working break almost good show rock extra hard sarfabarfa
4927,1,warm evening met new neighbor nice
4928,1,tiesto vicky park excellent
4929,0,concert tonight chackin coming tomorrow
4930,0,jephjacques three hated word quot see monday quot
4931,0,risquethaianna cant go swimmin
4932,0,mitchelmusso album getting uk release ill order pay huge amount get shipped uk
4933,1,gilamuffin sound like good time nice you see him played rio aladdin seen live time
4934,0,leesab nooooooooooooooo well g prob june help u
4935,0,reyt fancy valentinos worst time considering can t
4936,0,sad leave beautiful apartment
4937,1,gay emo zac good morning france zaccie
4938,0,smileyquanta oh good wanting watch movie nooobody would watch w me
4939,1,tired work hate closing eek smile today aloha kitchen yum
4940,0,going yum dinner watch bad girlfriend play am call time tomorrow
4941,0,attempting count day till return canada there alot
4942,1,harmonymatters cool glad i save tea
4943,0,back work warm today
4944,0,canï¿½t stop loosing worst month result ever bubble two time row
4945,0,lost one best friend iï¿½m sooo sad
4946,0,sassisam agh mine left new york last month
4947,1,zampeachie pange ahahahahaha two could meet drink
4948,0,karma bitch got hung lol still big dawg though
4949,0,seriously bored now
4950,0,hey socialmediatv ugh way video gt blah pout social medium tv live gt http ustre am njv
4951,1,divinediva norwood house party haaaaaa yaaaaaaay smile
4952,1,rozarin whaa really should definitely optional though liked them also crazy
4953,0,robineccles indeed get song however unable listen
4954,1,michael cera new movie
4955,1,tiaantjee btw offend you yeah rockstars pretty ok
4956,0,writing yearbook make wanna cry
4957,1,make wish
4958,0,fell holdin kale hand today i hurt foot amp bruised forehead im klutz
4959,0,god can t asylum really never get anything cool
4960,1,got home dinner really really full mom said dad bought sony ak holyyyyyyy
4961,0,oleg s can t test it my demo license expired yesterday
4962,0,carsxcollide no fell effed arm today back drive
4963,1,shakti s celebrating th birthday today
4964,1,watched coraline last night really good animation excellent creativity inspirational
4965,0,changed hairstyle but good supposed n wealth much money hate hairdresser
4966,1,santoscarmen that s lot mango haha baka naglilihi ka ahh haha joke lang carmen
4967,0,take math quiz on friday booo
4968,1,jonasbrothers omj loved it it good laugh frankie great job guy agnes
4969,1,baseball game whoo hooo banquet yesterday hyhtt sooo fun
4970,0,ether radio yeah s feel funny cause slept enough woke mum cause singing impressed s you
4971,1,star trek grtsat bggeting drunk
4972,0,dusted amp vacuumed apartment think need another new vacuum my entire apartment smoky bought one kmart
4973,1,catrionat yes yes is ima guna lol
4974,0,dangercharlie welcome char glad liked cake pretty simple give try
4975,1,wlcome johiw proud girlfriend
4976,0,perezhilton hey perez good luck well still planning big present given mom love mom
4977,1,jonas rocked tonight going bed write lil bit night bless
4978,1,robinmeyers look like full lincoln marathon yesterday awesome hm tough
4979,1,ryanseacrest god day xx
4980,0,hate sleep alone
4981,1,camillecakes nice called lmao
4982,1,bloodhoundgang aww that s awesome good guy
4983,0,school going absolutely horrible today peace out
4984,1,cheergod yeah tell ha ha
4985,0,day away evicted
4986,1,say hour go uwian na phplurk com http plurk com p sun
4987,0,malcolmmillion nah understand cant cancel wanted come
4988,0,enjoying sun heavy heart depeche weekend spending time man love double gutted
4989,1,also conviced happy dance told adorable happy dance ever
4990,1,what s good working double jasmin
4991,0,pretty damn chipper today even weather rubbish excited thing come xxx
4992,0,listening mendeed discog again still think disbanding loss metal
4993,0,feel extremely depressed right now
4994,1,mozart requiem tonight
4995,0,ashleeadams know say except hug
4996,0,still sick home http loopt u iarprg t
4997,0,would love say tgif working am tomorrow
4998,1,tessneale suppose blog post could u email
4999,0,oh poop stupid twitter let put new picture
5000,1,looked weather greece weekend sunny omgz
5001,1,gonna go bed now night tweeter dont think sleep hahah nite
5002,1,go home usually mr positive one daze well min tomorrow
5003,0,lost friend alone sleepy i wanna go home
5004,1,operation conference call great peep campusadvantage team y all make monday bit easier handle
5005,1,great day night gabberss
5006,0,best day work best weekend ahead hopefully someone go usc with
5007,1,bedimples lmao dimple naww thats cute ok ill try remember first winter dimple day
5008,1,relaxing night home best people
5009,1,lclaurenconrad can t wait see tonite hilarious
5010,0,staying home unpacking crap
5011,1,themanwhofell compliment taken thanks key
5012,0,mall worked turned depressing place
5013,0,nikkibop even fat huh freyalynn friggin huge freak
5014,0,veronicasmusic guy coming back tour oz missed earlier year made sad
5015,1,played bit pool buddy going bed now work tomorrow
5016,1,watching bolt brother mom
5017,1,work hillcats game cent hot dog haha
5018,0,feel actual heartbreak levanah gate last night x
5019,1,pom pup favoring front paw
5020,0,yourfaveblonde could have extra ticket plus two twitter giveaway get next time
5021,0,wanna know what s worse coworker brewed fresh cup coffee think bacon
5022,1,darkgracie nice song come
5023,0,datdoodrace thts kinda young me boo
5024,0,sigh stayed late cause role w assessment tired eye r stinging amp head hurt amp still need word
5025,0,llda lo siento dint enough room
5026,1,my mother city terrell texas district city council seat i m m i a lol happy mother day
5027,0,enough already wolfram alpha next google next cuil http bit ly hesz
5028,0,wanted take photo storm misplaced camera
5029,1,congratulation penjiiii calling soulja boy mcbaby lol
5030,1,watched quot final break quot final prison break episode great farewell prison break dearly missed
5031,0,rumpelwald ne mus noch woche warten
5032,0,tired right get early
5033,0,everytime still hold horrible horrible memory though
5034,1,karolinepaixao epic moment hahahha swear really wanna see
5035,1,super cool dream last night theellenshow asked danify show wooowww hope come true
5036,0,hour sleep last night want crawl ball somewhere sleep hour work till six
5037,1,loven r ftw pvp bac
5038,0,banged elbow bleeding owwiee
5039,1,angee malennaa yes awesomee u follow ur love molly hahah u chat u here
5040,1,btocher http bit ly tvers ever here night didnt meet ended possibly best pizza side chicago
5041,0,mrdeniro wish someone would inspire sexy time right ugh thats gonna happen ugh
5042,1,chromasia saw tweet minute going lunch decided skip today thanks saving money speedy recovery
5043,1,amyqcoocachoo thank yyyyyyyyyoooooooooouuuuu
5044,0,chilliin
5045,1,saramcdonald soooo jelous right
5046,1,got tattoo fixed today hurt much thank god can t wait get next one
5047,0,izzyvideo izzy sorry hear disaster
5048,0,jeremyrylan mobile web let look awesome though and one read tweet anyway
5049,1,search ryan carera amp josh kelley really good
5050,1,ah lovely day bike ride cake making is rooting revising best x
5051,0,drbri sure never used it sorry
5052,1,richa august haha may be hehe might imported love heat love playing football hot day
5053,1,leaving work going crystal search license picking bia up heading vega ugh tired already
5054,1,goodmorning father s going balistic say rather get beat good day please text
5055,0,oh god twitter feed taken geeky stuff bmw brampitolo kodinlanewave kenkeiter funny wish understood
5056,1,insteadofdeath really helpful swear lot realized haha
5057,0,jgooden put way make much sense it rotfl
5058,0,new guitar hero metallica guitar already broken fail
5059,0,agentwill want tell think body odour
5060,0,mmmmmshell miss u roommate
5061,1,cssndr discern request hulu support excellent idea
5062,1,good morning took longest shower ive ever taken life like min shower woah lol
5063,0,trying deny beginning miss more every single day apart need sprite haha
5064,0,http twitpic com fue formerly pretty car
5065,1,idmoore enjoy day too prob see u top glyders pint me gotta drive straight back got dog stuff sunday
5066,1,got la miss hawaii already dang
5067,1,got back gym wanna chat new people let talk haha
5068,1,show time baby bye bye tweeter
5069,1,cassiewho haha problem fun
5070,1,love first monday may bank holiday http plurk com p roxar
5071,0,still lose follower people hate me world hate maybe read more http is gd jgi
5072,0,made little cover iphone bird upside back http twitpic com tp amp http http bit ly fjeam
5073,0,btv suprnatural ok thanx much u send answer private mail u like would sooo cool wish birmingham
5074,0,jay leno s last show tonight
5075,1,vewe haha hope u great laugh laughter best medicine
5076,0,dutchess sad film still fave
5077,0,brett fedex pizza cancel nyc trip later summer
5078,1,madinafire buying copy today excited need learn friday good luck sheffield
5079,1,kiieeeee yaaay u cleaning ur room said hi u day amp u didnt write back
5080,0,psa usuing twiddict last tweet yet show bored bare w me
5081,0,stargirlreads cantttt grandparent here
5082,0,dawnrichard awww that s nice make really beautiful couple balance other
5083,1,installed inav iblue v theme give fresh feel http twitpic com jfg
5084,1,enjoying staying house today
5085,0,thought wuz best friend
5086,0,loribartolozzi oh sorry can t even imagine although know reality soon
5087,0,really sick
5088,1,a double kind http myloc me fkl
5089,1,surprise party today party tomorrow funfunfun but need finish bug project o o
5090,1,hobgoods yeah went satellite beach today flattt good skimming though
5091,1,dreading going work but it friiiiiday whoop
5092,0,crypticirnangel thats bummer got one yet waiting year grrrrrrrrrrrrrrr
5093,0,battery low boooooooo palm spring ca http loopt u sljbw t
5094,0,sitting home wishing didnt work today ask still work
5095,1,having hot cuppa coffee made milk amp fortified monin s irish coffee syrup bliss
5096,0,jvb thanks found article say cannot join uk though
5097,1,hereby proclaim officially summer awesome today stuck inside chilly office
5098,0,oh god cried much watch guy bgt http bit ly txz
5099,0,niecied nice idea m i l gift crochet it good idea looking online youtube video showing lefty crochet
5100,1,carlkr please wear glass next video look amazing them
5101,0,theroser miss much o
5102,0,wanna see mama called back yet mama mama
5103,1,spookygirl great project wish could done dd old now
5104,0,bogwhoppit aw yes week got asked return end wish bought me never mind
5105,1,iamme becuz honest let look big picture my happy ending smile face
5106,0,sleeping street nyc celebrity nothing new wish huge blanket though
5107,0,miss argh
5108,1,missing you amp hoping talk soon i m happy mine again though idea lt
5109,0,spookyjenb diverskynsea stop it makin sad
5110,1,intriguingds you
5111,0,kevinpollak forgive missed you
5112,0,maxicatimus mile essex give plenty warning arrive time get least one free beer
5113,0,davederoo hardly furniture shipped know backordered may cancel shop local
5114,0,food house sugar ant
5115,1,emmilyxoxo wow that must sooo cool
5116,0,jaredque get go home
5117,1,littlefletcher oh yeah haven t seem age got watch soon thanks reminding me
5118,0,wish camping loch lomond right stupid work film watch
5119,0,home sick
5120,1,hannah thanks keep working roshikk lol good idea
5121,1,happy skool let out today last day yippee r i p jackson tyler morris always loved never forgotten
5122,1,duck ily thanks coming out cuz
5123,0,kerry threw ball anand bounced head landed lunch exploded everywhere
5124,0,photogjack yeah price used market hasselblad even close way used hold value shame
5125,1,heading home now yay going buy much needed bottle wine drink dinner wallet mia wine tonight
5126,0,larrybenet per taylor dayne conversation official jealous you
5127,0,miss
5128,0,http twitpic com hvr picture last year freshman year miss tho day
5129,1,annadwan excellent good see
5130,0,sometimes wish thing could go back way beginning last summer
5131,0,last wrte again got bored previous days
5132,0,sooo tired cubicle
5133,0,omg taylor selena broke sooo sad aw think actually like selena now poor gal
5134,1,keza sound like kinda day
5135,1,andrewbravener happy birthday what s better getting birthday greeting stranger little that s what i kid lt
5136,1,listening best day life kellie pickler
5137,0,bluecat absolutely tru the horror still wash ovr sometimes think abt actual last day gd memory go
5138,1,am sunday going meet mom breakfast beach
5139,0,brother wandering around house underwear charming sister female guest sure
5140,0,thought hubby deployed n got blue need stiff drink breastfeeding booze ugh
5141,1,new day new home happy mom day me
5142,1,workout done today time get ready work
5143,0,amandawilk yes unfuzzy prefer fuzzy clear caleb wanna turn back clock
5144,1,http twitpic com jj ari
5145,0,hoe none
5146,0,http bit ly ww noooo go orlando omg gonna cry
5147,0,emmaroo innerchild sarah like cooky sad feel sad guilty
5148,1,peter amp gordon morning gt i go piece wanna hide go piece almost die ever http blip fm yk
5149,0,sad say bye bye beautiful mountain http twitpic com k
5150,0,spacerbunny oh suck thank god laptop
5151,1,lovely day yesterday weather great stupid slapton
5152,0,beverleyknight hiyaaaaaa got back scan wow amazing cried haha xx
5153,0,nickwall im bannished work till
5154,1,dickiea chrisjlovell true chrisjlovell u downloaded tweetdeck yet literally amazing xxx
5155,0,syreeta girl u sit ya double decker neck as talk ppl ur level
5156,0,saranw thank you know happy sad all time know that got quot the right stuff quot
5157,0,jenfidel thanks decided give old hq go account scoundrel
5158,1,sweater sandwich hug sound fantastic right
5159,0,rain ever go away puppy getting cabin fever like going rain
5160,0,kiwilucy ahhh know win entire thing try avoid thing never work
5161,1,year funniest thing dancing sooo happyyyy
5162,0,flyykiddangel lmao need shopping partner today
5163,0,mitchelmusso http twitpic com swx wish calling can t malta
5164,0,flyaarmy aduvall flyingphotog foxwhisperer brief interruption brb goodnight catch u later gotta ck something
5165,0,cold
5166,1,boat way norrï¿½ra gonna chill while party tonight
5167,0,leischenshows always come money least rotten law average
5168,1,bradiewebbstack baked dinner yummy cant wait new short stack tv kind dip shall be
5169,1,great time vacation sure heck want go work tues
5170,0,vukizzle sadly corporate giant employer let get site
5171,1,coliecent later feel good guilty
5172,1,listening miley cyrus breakout cd love it
5173,1,spent evening gala high school drama company s th anniversary lot memory
5174,0,want go swimming
5175,0,wondering misery look like look face cub fan miller park tonite sorry chicago friend tonight night
5176,1,happy juddday everybody
5177,1,yehey summer exciteeeddd balme a a a a a alcohol
5178,0,old pub kickin time whey late stinkered got cub tomorrow gonna suffer
5179,1,musiclove haha thanks history invention television influence america lol
5180,0,pilgrimfamilyuk oh hate
5181,1,hi celebxxxvidsyh aybygw thanks following
5182,0,save pix today show please credit www wireimage com thanks
5183,0,favorite shirt ruined death bleach fb
5184,0,brain hurt
5185,0,miss jeep bum ride dreaded horrid walmart boo
5186,1,love job getting real sleep icing birthday cake morning
5187,0,guess talking orlando magic whoiskenan nothing magical
5188,1,staceysjustfab blackberry messenger rock basically im ing bb user u add like ur friend save text
5189,0,round round garden amazing thing still talking me http tinyurl com dxas
5190,1,davidarchie haha same gonna awhile til come sweden think
5191,1,happy mother s day every mommy
5192,0,happy mother day mother s entire world deserved day u right
5193,0,retrobakery would agree bacon cupcake would rather drive shop instead office
5194,1,kandeezie would love see that
5195,0,mikekang super sad bart etc holding up
5196,0,wish could go meet middle tomorrow
5197,0,time fly and never got right oh why
5198,0,watched prison break special sad ending
5199,0,got hair cut great stupid gum
5200,0,disappointed forgot tweet something really inappropriate graphicphantom yelled whole food yesterday amp can t remember it
5201,1,annabranch let know go
5202,0,oh man my fiance got work start mine hour so fair
5203,0,recession hit veronique branquinho quit company shame
5204,0,refusing accept u holiday over heading woodies longboard diner um hove
5205,1,http twitpic com who mommy gummy mother day posterrr
5206,1,finish line team alpha allstars great day good winning company team http twitpic com jggm
5207,0,ayy fml nothing perfect
5208,1,good morning finally day sunshine summer hol away watch footie sun x
5209,0,said actually said think gonna cry now lt
5210,0,livefreet mean make sad
5211,0,feel sick stomach idkk whyy
5212,1,heather awake
5213,0,ohaigabriella hate it english day everyday
5214,0,sadandbeautiful suck print sorry
5215,1,lisibo quot grace skill newborn giraffe quot great visual aid fabulous language use example kid thx
5216,0,argh
5217,0,gealbhan beag hate cat pee
5218,0,alyssa awww sorry kind fish have
5219,0,effort time put relationship people learn enough trust anyone
5220,0,ah shit chest hurt
5221,1,violent fightclub like sex dream involving heavily tattooed lady wanna wake up lol
5222,1,goldenfish thxx bathroom said it
5223,1,davidarchie watching video youtube funny david oh talented course
5224,1,acummings ecstatic client deed lieu so monday take sign amp lockbox happy another satisfied client
5225,1,mrmarketingman thanks movie review
5226,1,sentimentalizzy lady water pure b remember enjoying film
5227,0,knownhuman damn that s sad then heard new one yet sound like spared tragedy
5228,1,finally home crazy party nite thanks jacksterlope driving home
5229,1,finally eating unagi saving while udon agh realized band playing bear garden today one like
5230,0,bored lonely work
5231,0,wita still think unfair infamous pc
5232,0,ugh soooo much work today trying make train game looking like hour sunday office
5233,0,dinner yummy all still super tired thing went enroll college
5234,0,o k feel like need cry can t believe less year ill walking across stage get high school diploma
5235,1,fabmissk need quicker keep nerd streetcred haha
5236,1,eltonmcmanus amp matey
5237,1,finally holiday
5238,1,dandineen uce pgce went leicester main degree though
5239,0,omg going robinson tyler wfm freakin miss anthony ugh today kinda suck lex lt
5240,1,guinness got new toy mom dad house hooray free stuff
5241,1,woo hoo party here gonna fun
5242,0,shebababy rebroadcast last week pacquiao hatton fight plan night around it said much already
5243,0,fuck elora danan breaking im missing last nsw show def need hit melbs someone come
5244,1,goodnight twitterworld tweet y all later goodnight j
5245,0,philosophical mood tonight wandering round dark
5246,0,spotibot afraid bit fail last two recommendation available uk
5247,0,workout stunk no headphone
5248,0,need friend right feel like mmmm sosad
5249,0,sound input computer stop working mic jack usb webcam mic work either checked input control
5250,0,billiemcfly said nite x
5251,1,shanellelee oooooo no not glad hear incredible though still bookmarked try sometime
5252,0,veronica oh noooo suck reschedule another show
5253,0,happy bunny
5254,0,lonely need company
5255,0,maybe wrong week could stayed good
5256,1,bertgoethals cool used live house left place always something going p
5257,1,yum whole box cooky
5258,0,am can t sleep thought b c im hungry whipped pb amp j milk hopefully work
5259,0,apparently im getting drive school morning anymore well dad left school morning watching twilight
5260,0,dhughesy me oh wait wrong state
5261,1,really cool put topic twitter show if tweeter twittering twit u got luv http bit ly anw
5262,0,well done yet thing left huaaahhhhh jupaa resaaaa awas kaliaaannn
5263,0,need stop sick
5264,1,curled couch like question mark mind like jell o ah ti joy woman
5265,1,madonnacalling fav cd
5266,0,im slowing tweet cuase lost phone
5267,1,feeling nice got big as smile face reason mralister take as sleep right lol
5268,0,hellenbach geek stepson live nanny love bgt can t stand it watch tv upstairs alone
5269,1,followsavvy followmandy funnn
5270,1,excited jam audition
5271,1,yay friend glen here like
5272,0,need sleep can t
5273,0,lost ba enlisted class cr whyyyy hindi naman conflict whatever ang labo ng cr grabe t t
5274,0,coupleocachers trying watch vids audio disabled
5275,1,penpen haha true thankfully regular keyboard job time
5276,0,cry omg fed pain
5277,1,darrendoyle oh lot put desk year guess done would ok back lol
5278,0,apartment emptying amp day sad last week
5279,0,bye bye edinburgh want leave
5280,1,ang payat ko na yes hoping go melbourne weight last year http plurk com p su
5281,1,shaundiviney send one please txtd got new phone
5282,0,convinced always wanted you signal give off damn think lost another friend
5283,1,inflight get bored routine lol
5284,1,here s euan stoweboyd evening drink thursday night london http twitpic com wrrp
5285,0,meli beli haha yeah u did oh well there always next yr chin princess hehe
5286,1,thanks much following keep date much possible makeup line plus new collection
5287,0,nikkilynnsd aw wish could get ready atlanta come work since behind work
5288,0,heard icecream truck took like shot catch it
5289,0,good day
5290,1,officially kindergarten cop
5291,0,got paid nowhere near much thought would
5292,1,lindsayslifee look nice atleast haha lt
5293,0,im tired sick better sunday sing morning night
5294,1,vampire knight music feel special
5295,1,mycaribbeanfood enjoy congrats thanks recipe tomorrow morning
5296,0,momneedstherapy sorry ambien got sick perhaps work ash garden catnip plant
5297,0,bad mood dont feel good bad one care
5298,0,tromboneforhire zune hd e mean game zune hd like dreamed
5299,0,kerlikoiv familiar sorry feeling way
5300,1,everyboy give best
5301,1,hm happy want join drama practice today
5302,0,kofibaby wats gooood miss yall already
5303,1,jonathanrknight btw still can t believe awesome newjabbakidz performance wa u mask i screamed pc
5304,0,pumped bummed time
5305,0,stupid rain picnic cancelled till tomorrow
5306,0,dish train newcastle leave nontweetinggirlfriend behind week always bit sad
5307,0,feeling great today
5308,1,darealsunisakim there s ding tai fung sydney aswell making want dumpling
5309,0,went really well vid didnt work im sad
5310,1,afternoon first rehearsal extremely talented singer songwriter today wish luck
5311,0,ayesham bored class wanna go home
5312,1,yay firday good one everyone way work lot s work pending
5313,0,gaspsiagore quot stunningly beautiful quot quot new piece quot usually go together wish could go
5314,1,congrats dave amp anna surprise proposal enzian theater orlando http qik com video
5315,1,looking forward sunday b c weather warm sunny
5316,0,maybe take drinking again feel massive hangover still yself today
5317,0,hate program freeze installation
5318,0,jacobmaestas think ever one
5319,1,bought new combo printer costco today officejet j cause cheaper ink old one window like fax part
5320,1,lizziechristine thank much miss toooo
5321,1,brush teeth im eating chocolate right ha ha sharing
5322,1,playing acoustic set style bar today hope see
5323,1,emmacl thanks
5324,0,oh miss truck could whole place moved now
5325,1,got back concert mistake kinda failed macedonian test relative serbia here woohoo
5326,1,rocknrollqueene loretta aston welcome twitter let know question would love help
5327,0,sad day beer drinking movie goer speakeasy theater
5328,0,disappointed know got silver award want gold award hate second best
5329,1,feeling great
5330,0,kiso omg feel bad wa good
5331,1,galaxy and god good everyone gone twitter gone bit quiet xxxxx
5332,1,possessed beyond certainty made rite decision
5333,0,ready saddenning depressing dullful upsetting dreadful weekend
5334,0,heading farm dont want wanna stay talk boyfriend stupid mom making go gt lt
5335,1,fuckkk need sleepppppppp lol happy mother day mummy
5336,0,miserable feel like im gona cry sux
5337,0,slept late
5338,0,simple greeting unexpected people actually lighten mood ever happen you
5339,1,blondie hk funny
5340,0,shabooty douchie lol thats hilarious man headache meeting
5341,0,well poop guitar lesson canceled today sad hope son feel better soon tho
5342,1,shcollectibles aww thanks glad appreciated weather much yesterday
5343,1,skingirl yeah excited
5344,1,emzyjonas favourite tv show kid wa banana pyjama teletubbies lol luckyy youuuu going jb concert haha
5345,1,carolecross thank that know it
5346,1,vieriu blessed beyond measure
5347,1,bara boob closet adventure aggghhhh enough muak mcm baby gary ku sudah
5348,1,jolly good last night
5349,0,watching army wife always make cry
5350,0,burfday alone
5351,0,kkkrista cuddle afterwards like cuddle turning trick van buren
5352,0,finally sunny day sick go outside play
5353,1,look like beautiful day and work til sunday yay bbq yet though gonna postpone invitation
5354,0,guess bedtime goodnight twitter bed big empty without him
5355,1,http twitpic com wgoi bus boy poet ordering medici white chocolate banana bread pudding kspidel
5356,0,omg maddie holby dead gutted loved nadine lewington really wanted maddie clifford get together
5357,0,dutchraymond yeah realize bad till
5358,1,kristenstewart wow can t believe u reached facebook limit friend crazy
5359,1,haciendo mi primer app con thin rack crazy stuff
5360,0,amber benson raining am wish wasn t
5361,1,quite sure ace cake are gosh tired loved bride war fun night
5362,0,ohhhbeka p wish coming tonight
5363,0,shortword ah cool yeah see really handy thanks
5364,1,nick carter gotta make video public dear lol can t see it
5365,0,tweet last hour nobody like tweetboard
5366,0,hell going on last night morning sucked moving tonight
5367,1,anyone want really awesome buy one birthday http poprl com vn
5368,0,applecharlotte unfair wanna go too
5369,1,orli snapily famous houston take look http is gd ysah
5370,1,whoa showering session
5371,1,vibeauty work mama sweetdreams
5372,0,time bed oh wish someone laying next
5373,1,fureousangel comedy good luck friend
5374,0,http snipurl com hbpg canalway cavalcade little venice near warwick avenue today
5375,0,nooooo raining had leave beach
5376,1,work happy mother s day
5377,1,day birthday
5378,0,damn plan canceled another friday night home
5379,0,hummmmm ohh miss much really hope nice friend like u
5380,1,cute
5381,1,http yfrog com guyoj bonfire fave
5382,1,great night friend
5383,1,assos eh alright nowhere near quality standard keyboard still useful
5384,1,finished sunday cleaning waiting read next chapter kiyosaki s book hire cleaner
5385,1,omg best roast ever im full haha
5386,1,anthony s pretty wicked too
5387,0,agesthegreat ii either
5388,0,xbellamariex hello bella r going delete account
5389,1,cherrybaby glad like it
5390,1,hanging bff jasminewho today ya ya amandababby old friend prayer hope experience help
5391,1,teg bahah would really funny would really cut haha
5392,0,sad i ll miss grandma angie always like rd grandma me
5393,1,followed compliance great watch say now
5394,0,inlovewitharmy southridge moved week later cause swine flu think
5395,1,jaimedr thanks recommendation
5396,1,iamfakeblood see u next saturday mr atrak
5397,0,boring sunny monday school tired lazy hungry yeah great mood
5398,1,hstreet always good see even cyberspace
5399,1,therealseeon birthday sex great song man something different it that s ppl want
5400,0,irkengir recession
5401,1,downloads quickpwn b cydia thanks playing
5402,1,natsnapper haha booked lie last night woke up must needed it
5403,0,got home im effin sad
5404,1,ï¿½ vancity holy shizz home soon kid
5405,0,work suck big time
5406,1,think thing say make super chunk chocolate muffin kid
5407,0,whuuurrrrr gland really swollen now guess weekend s blow out
5408,0,really really hate biology u u
5409,1,contrarygirl hoooray hooked already
5410,1,haha watch funny as video youtube made day
5411,0,disappointed gonna sleep off
5412,0,darn supposed haiku formatting failed me
5413,0,myronetadrid aw latest quot selenagomezlast day shooting goodbye canada quot
5414,1,good morning world
5415,1,sparrowstudio turned great killer workout before hand guilt
5416,0,pouring outside cleaning locker bookbag heavy back arm killing
5417,1,word call mom lot yall happy mother day love all
5418,1,mrssprousex mee look amazeeeeeee
5419,1,dougiemcfly god peppermint mocha frappachinos amazing addicting
5420,0,beautiful day im working leaving get sun though
5421,0,sf felt way intense tonight hope keep up upset hanging fascinated pearl
5422,0,ncremins thats really fair mean leave like dont even give u party coming back
5423,1,good morning world
5424,0,nellagrl really good night missing little girl
5425,1,booked ticket london thursday exicted
5426,0,sun cool
5427,1,exocetau always champion league party ti awesome
5428,0,piecing photo quilt boeing employee hung huntington beach sadly many people quilt pic laid off
5429,1,laptop grew speaker watch charlie sound
5430,1,thankful rain garden kid starting gardening lapbook thanks heidi http www lapbooklessons com
5431,1,free unlimited ringtones http tinyurl com freeringring usa awesome iphone
5432,0,siwhitehouse work except used word autofollow got followed bot selling autofollow program
5433,1,sevenspoons like mine green somehow taste minty otherwise heh heh
5434,0,watching chicago bambamonline honeyyyy im miss hey arnold wild thornberrys
5435,0,destridoll sorry message yet get thought straight tomorrow try goodnight
5436,0,headache century coming feel fuck
5437,0,laurenbernal make one still craving shrimp
5438,0,last day maui
5439,1,margaretcho learn tw headed boy nutreal milk hotel
5440,1,cheifs beat cane top table wooo and go sky sport virtual rugby point
5441,0,zaidah can t listen music work probably could try start hunting new job monday
5442,1,joyee thanks pp
5443,0,wasnt workin hour id gettin ratarsed point couldnt even see let alone stand up that shit feel
5444,0,sargedunn oh sorry friend katie amp best keep cheery
5445,0,uploading pcd onto itunes xd used certian event caused lt sadly
5446,1,fuzzball fun mother s day http tinyurl com dhpol
5447,0,la unified summer school drastically cut due ca budget cut sad
5448,1,aww heard missed two logieo amp egg
5449,1,friend im deeply sorry moving miss u much
5450,1,mcrsavedmilife haha yes
5451,1,menchuly friday sweldo day
5452,1,terrilpn thanks terri excited pick parker monday hope get along david pixiebob
5453,0,lazy sunday late lunch and forget buy pr we re page
5454,0,columbus blue jackes may movieing anew city play thats sad news
5455,1,ncteacher appreciate
5456,0,tbake crap always forget
5457,1,night dance party fun time amp awkward situation highlight driving w nim annie listening satellite window downnnn
5458,1,michaelsmith lol wen mum used take kid wud always eat bread instead haha
5459,0,first work computer home laptop fucked
5460,1,time sign night everyone great one mother s quot happy mother s day quot
5461,1,coollike http twitpic com jg haha look little like u charlie lol
5462,0,missed ups guy again ugh sad got cool stuff today super excited about looking forward tonight
5463,0,kelleyviolet suck thundering here getting ready shut down
5464,1,early morning golf sunny day
5465,1,happy mother day x amp go docker
5466,1,way see grandparent
5467,0,already miss mohawk
5468,0,hmmm using tinytwitter small non touch screen really much fun
5469,0,omfg head
5470,1,family here hanging
5471,0,robertsemma reply none fan know trust
5472,0,fairyfroggie yeah i m sad quot ravenclaw quot account love account bit
5473,1,love john mayer s update modeling hot sun sweaty jk seriously
5474,1,instant messaging two favourite conversation guy
5475,1,may unintentionally snubbed someone due ineptness shyness feel badly
5476,0,c j stuart unfortunately yet still without licence
5477,0,another long day glad weekend but still call
5478,0,sucky day far hope get better
5479,0,man starting rain real hard
5480,1,reminder anyone ultimatepetshow thepet net award pet friendly business uk awarded pm
5481,1,reading cryin reading laughin enjoying ride enlightened inspired letter young sister thx hill
5482,1,online shopping fantastic
5483,0,first car offically gone good bye turquoise topaz missed greatly
5484,1,frankiero thats amazing quote indeed btw nice weekend
5485,1,follower gosh darn good mood atm might bbq later heat waaaave lt
5486,0,week lonely without gossip girl xoxo
5487,1,can t take feeling away me lt going lay amp watch movie
5488,1,tatylicious hey chick going ja pick hot guy eat jerk pork festival well already hot guy
5489,1,hey hey happy mother s day http plurk com p svwii
5490,1,mariahcarey hr beautey school fix that haha
5491,1,feel accomplished got lot done today http plurk com p stns
5492,1,mellieweena woah haha thank you
5493,1,done watching slumdog millionaire great movie
5494,1,vitriol quot lordmitchnz good evening kind sir bow quot http blip fm zzv
5495,1,yahoo volleyball hiking eating fish eye witnessing sleeping beach jumping rock amp hanging jurassic park filmed
5496,1,gnimsh forgot answer kindle question yesterday honestly used much two paperback book want read first
5497,1,jaydoub hello im good thank tottaly tired working lot today tottaly shattered u
5498,0,santa cruz interview jamba tomorrow morning
5499,1,kidthings yeah doe i fun today i regret taking cup now it awesome i must find one like
5500,0,going miss reemer couple month tour
5501,0,stay away home since part india dnt hav gud wireless internet im fucked
5502,1,niccisnail definitely write it look forward article re if write it fun
5503,1,tracysummers im pleased hun
5504,1,featureblend thanks intro great meet u twitter
5505,0,daynah work iphone yet love simplicity need able sort task iphone useful
5506,1,stephkerchner heard grapevine might see around today looking forward meeting you
5507,1,apattys yes that s said
5508,1,sweetemmaxxx yeeh also thing drummer basically guy play instrument sing im p
5509,0,lesliein said bummed missed it sigh want go california
5510,1,ok shower calling name hour think indulge amp respond allow robin thicke serenade
5511,1,patrickmanning yes pm pm right
5512,1,today will s first baseball game go bat
5513,1,jfb good morning
5514,1,nairtseuqe son one that s really nice know really good three dh late today
5515,1,nice day look like going rain just getting excited taking photo get home
5516,1,work thanks ppl getting freakin starbucks peace ppls
5517,1,think sg wonderful
5518,0,got three shot today can t lift arm
5519,0,many farewell party sad see people leaving
5520,0,eminem can t wait that recently bought metallia guitar hero cant play coz sony tv went kaput
5521,0,disturbed sold baby tiger met thailand exotic pet greedy bastard
5522,1,theexplodingboi white wine reminds vinegar
5523,0,torilovesbradie last thursday yesterday suck missed lunch time ox
5524,0,feelin well feel sooooo weak i hate bein sick summer
5525,1,donniewahlberg quot donnie rock quot u could year old run around every sayin quot donnie rock quot
5526,0,comp mental health take me samuel rogers center city gave appt june th day worth pill left lt
5527,0,zacofficial twitter phone sad
5528,1,well bed cant wait party mother s day like hour
5529,0,gloomy outside making sad miss sun happiness
5530,0,thought going fun day
5531,1,say happy mother s day mom http plurk com p stkr
5532,0,capplegate still sad samantha who
5533,1,plan take nap yea still feeling last night go watch lakers game smwhere fun looking like nap
5534,0,start work missing like crazy i wont seeing till tuesday
5535,1,thank advice work im work
5536,0,guitar lesson tomorrow wake early again
5537,0,sallyorourke mean portfolio sad luck here applied place far
5538,0,sum plz cheer
5539,1,great study time followed delicious japanese meal arty now trying get back study mood
5540,1,hrcolors maybe hot date nice little cesna
5541,0,official worst day called mile away
5542,1,might start spanish any min now nope can t it xx
5543,1,danwarp quot shut up quot line removed locker scene bet could recite speech easily dare me
5544,1,enjoying weather go work last shift jamieallover
5545,1,got ohh baby got it singapore going rock city
5546,1,prism new webtop mozilla lab rock world
5547,1,dressed everything
5548,0,anticipated meet tapan parikh apparently wont pas nairobi head straight mombasa
5549,1,sugafactory omg haha half hour late work whoop hahaha h workin sat mornins
5550,1,janae lol let s find something quickly
5551,0,sarahbellafina sleep need go mum time get there clara bed
5552,1,amongststars awee
5553,1,cocodishman wasssup cocoliciousness knew u recognize me how s ur daughter
5554,0,ugh id better get work
5555,0,believe black personality explain feel boyfrann mine gots sprung
5556,0,done geology really missing favorite sister especially can t go banquet tonight
5557,1,quicheismadness thanks following pretty complicated id lol
5558,1,eating flake storm hungry jack american call it burger king
5559,0,asda ready meal think ever
5560,1,lrpw hey ty tip wifi networking one many talent get bothered lol
5561,1,ciaoamalfi great local stop ask direction even better know answer
5562,1,friend coming tonight hopefully weather stay nice
5563,0,ashantigirl hellooo you gosh miss seeing around thought last night amarula
5564,1,extremejohn flallday hursty caladesi definitely nice peaceful way spend sunday got lil tan
5565,1,aphrosie would still involve standing up lol window high up guess im gonna go
5566,0,never thought falling love cause much pain good thing phase
5567,0,retrorewind wok nite shift tonite miss please dm me promise wont tell anyone else
5568,1,itto dear itto could possibly bad xo
5569,1,robinmatthewfry thats great make sure get copy
5570,0,livin ur iznt nice all miss mum
5571,0,life sad just reminder go phone recharge toothbrush
5572,1,happy star war day may fourth you
5573,0,work miserable day
5574,0,computer slooowww morning think sign go home play yard
5575,0,selenagomez awwww gonna miss you
5576,0,ayebloodyright taking soul friend family watching die nightmare trust
5577,1,am wanna wake up shoo roommate shoo
5578,1,ready go sleep hot room yey first time sleeping huge bed excited
5579,0,really really bored bad know news thats ok brb x
5580,1,ukdavew bank holiday monday rock particularly follow kind sunday
5581,1,happy happy joy joy good enough
5582,1,we d man way yes time wake real lol
5583,1,hard weekend much alcohol fuckin quot weinfest quot
5584,1,super massive sandwich mom made last night ohh yummy btw happy mother s day mom
5585,1,lisaxjbx goodnight trending topic lol
5586,0,valerierenee bad day
5587,1,ah nice back bike commute although three day what google sez called quadriceps literally screaming gah
5588,1,dhughesy safer say cube sphere roll buddy awesome time esp st one
5589,0,naomier bad day actually cd keep spirit lifted
5590,1,michaelsheen well guess think everything thanks much keeping fan loop
5591,0,eating breakfast getting ready go school
5592,1,helping ex student uni assignment via skype gotta love connected world sudying game design even better
5593,0,katrinasummer dude hear ya two week tomorrow feel old
5594,1,happy mother day mom mom mom mom woot woot mom rule
5595,1,solangeknowles happy mother day hope great day today
5596,0,vonstroke heidi finished set stiff kitten aundy
5597,0,walk grand peep lol foot really hurting thought xx
5598,1,betscrr finally pic cya like hr haha
5599,1,oh happy day nice weather smiling happy baby icecream later
5600,1,happy mother s day mrskutcher
5601,0,ugh soooo drag assing today brighter note got g update amp biznesssss
5602,0,gavinholt wish outside
5603,0,lunch fun nothing eat
5604,1,sunday morning bird chirping hoping best praying best
5605,0,elleipein aww honey sorry
5606,1,inkcircles thank you
5607,1,jessums yup working recover anything though
5608,1,working ready go
5609,0,yea headed home change head pelham sad thought suposed heading nkotb concert
5610,0,mrskutcher sorry demi read post attend bgt im sure support sb helped tho world without pap plzz
5611,1,minicooperr yeahh ryland amazing xd get hug booo suarez seemed bit tbh but think woken
5612,0,rawrrgasmic dreary monday morning slept like crap give break
5613,0,heading gym group guy used go quit well except brandon make terribly sad
5614,1,stonezoneshow http twitpic com gwh bwahahahahahahaha nice want doggy
5615,0,petewentz im jealous want octo drive
5616,1,dollhouse saved coming back another season bad scrub
5617,1,robpattinson thank accepting request must take care little girl maybe write back later
5618,1,first day new job yeah
5619,1,khanserai thank hope great day
5620,0,kujakupoet computer got screwed hell virus finished wiping drive reinstalling window xp want mac
5621,0,enjoying happiness special day another day make best one life
5622,1,sexysapphire thanks love
5623,0,esatt wanna see here
5624,1,going bed goodnight
5625,1,jocelynseip thank like please leave comment subscribe chicago another great musical thanks support
5626,1,yay made home feel great back still light out
5627,1,beautiful stay inside
5628,1,tomorrow valeria s lunch going get hair done im arraving late got cousin babtizm whatever spell
5629,1,meeting went well last night they shot promo air weekend mtv tried hide close think caught me
5630,1,ppl year anniversary video http is gd ysbs come break
5631,0,go work
5632,0,gave brother hug good bye took load furniture away house took mattress like
5633,1,scitadel oh well great see canadian math trade getting bigger though
5634,1,secondary school cooking lesson came good use today made shepherd s pie mama
5635,0,school out work
5636,0,can t iphone
5637,0,drmenlo sorry mr grey menlo
5638,1,pink i m looking forward see hear norway live fast
5639,0,fed pain
5640,1,meant say yardhouse waikiki lilredbow s bday djjmytaco mixmasterb mcfloppyears she dj amp dozen others
5641,1,mcflyyerr yes came amsterdam th april best night everr you
5642,0,mannyishere awww he cute wish could ve gone
5643,1,like heavenly blushhhh
5644,0,theerealfdhc sorry hear man bullshit cant reach now heart go family
5645,1,chillin rent looking hilarious old photo well funny
5646,1,woolsery morning hopefully see north molton u clinch north devon league title lovely day
5647,0,harneet rangitanandy kid remember searching local video store owner godown got video tape fungus badluck
5648,0,shrunk favourite cardigan hubby said buy new one practically lived gone shall say word
5649,0,fuck kind bug house dont know
5650,0,freyalynn dude fail know exactly place
5651,0,tummy ache
5652,1,drivin home listenin fucking lightweight left stag bullshit love though especially toesha haha ha
5653,0,hate quot out of nowhere quot stuff
5654,0,dreading work tomorrow wish one day
5655,0,lynnftw know exactly saying cool tape better p
5656,1,wooow charged ipod touch day today still alive that s coolio
5657,1,way burial
5658,0,approaching weekend quite quickly much work left do
5659,0,miss one would anything spend min me one used say tell
5660,0,stratus going bye bye today loved car high school fb
5661,1,later normal morning got attacked swarm mini fly s opening veranda last night took hour get rid
5662,1,itsonlywords welcome
5663,0,thehebrican trade weather gloomy today la
5664,0,mickster rub in
5665,1,vixx haha whole world lol
5666,1,omg seen sun moon place disproves theory person
5667,1,fun airshow boy today exhausted
5668,0,kirkfranklin therealmarymary yall auntie jus got n bad car accident pls pray god s b done
5669,1,soon new job start happy
5670,0,awoke completely freaked frantic frenzy going long night
5671,1,jajmiami happy monday hope great week
5672,0,beautiful webduck feel badly neaby gran see grandkids amt can t go luck
5673,0,knew confessed using phone look answer pub quiz shame upon
5674,0,pinkbunny awww thts good hun i m worst day sick
5675,0,jenn jenn jenn oh oh u pas ur itunes knowledge onto me
5676,0,rainy monday better day work home thankful
5677,0,wah fav whattaburger location closing st damn good thing moving damn mon fri
5678,0,driving work running late like always time starbucks
5679,1,yohanik hehe found wikipedia page movie last fm confirms it thank you http is gd iprr
5680,0,waking ungodly hour go work starting get old least coffee good
5681,1,liveinlove yes haahaaa break jellybeaniesss
5682,1,two fantastic show row
5683,0,trying blend know suck there s harm trying
5684,0,become one pathetic girl feel lonely without boyfriend hahaha miss josey already
5685,1,goin mall gonna see movie ghost gfs past hope good top im goin alone ilook cute feel good
5686,1,ikostar well twitter year think lot easier monetize less need differentiated pay nopay
5687,1,degree tear happy moment http mypict me zpf
5688,1,iced coffee vanilla ice cream uber sick mix
5689,0,realdawnsummers haha quot work quot can t read anything
5690,0,young love come end
5691,0,senior s last day
5692,0,tysondueck bad
5693,1,erichalvorsen lorenbrinton nicksantino say tour again lineup with austin gibbs
5694,0,taylor swift joe jonas looked really good together kinda sad broke up
5695,0,watching original sabrina teenage witch movie different series rad
5696,0,grr fatboy slim edc lineup
5697,1,rockstar photographer shoot went great tonight little different usual stuff nice
5698,0,can t believe preseason start august football drawl
5699,1,foot hurt finally bed will forget crunch over very productive day today though
5700,1,mikefoong lol like challenge impossible want try
5701,1,listening p nk tunage trying teach cat dance it think getting backing dancer next tour
5702,1,kimble yeah jus glad thunder stopped
5703,1,nighty night ya ll tweet dream
5704,1,went eastgardens saw lot hillsong pastor im going nick dinner cant wait talk soon sherrymacs
5705,1,stealth shopping got wife b day present mall together notice buy hide car back missed
5706,0,xxpat not school wouldnt suck time
5707,0,dae man suck feel pain local buy cup coffee
5708,1,oscarrplz thanks oscc changing lately like layout lt
5709,1,zef car illusin kool
5710,0,rarecandy wanna go car here
5711,1,mrhollaout hahah u know mannnnnn trust ima freak proud
5712,1,yay back home
5713,0,krisreyes btw bot
5714,0,erica know right
5715,0,va weekend youngest son turn tomorrow it make kinda sad getting big check twipics
5716,1,howie d pleassure making smile nice day making smile well twitter aahhh nice
5717,1,joek okay thanks job yet keep going get one actually following yet btw
5718,0,lowestformofwit
5719,0,spencerkeasey yeah suck working nano take music off sad
5720,1,time kathleen go bed waaaaay past time expect hear noon lol blessed morning
5721,1,good morning get ready go hospital get cat scan best wish you
5722,0,bout get ready work ugh hate workin friday
5723,0,falselove oh that s good top are haunted house sound one bakery inside ralphie s body amp forget
5724,1,bradiewebbstack every time write tweet always make smile let
5725,0,dad quot no trip lahore you quot me quot i live dc amp nyc also big target quot bummer pizza hut chicken tikka pizza
5726,0,sunmess performing lifeball vienna year unfortunately get chance see her
5727,1,really wanna go school monday honest
5728,0,lisibo ooohhhhh sorry sad never noticed dollar sign oxteach
5729,0,need hater ball today like dave chappelle man miss day comedy central new episode
5730,0,fuuudge movie store closed
5731,1,newyorkchica understood pre coffee tweet good
5732,1,http twitpic com ar post guitar hero as kicking
5733,1,look like got new job
5734,0,laurenyant mean spend time alone friend family sad
5735,1,awaiting watch lfctv am liverpool v newcastle game yesterday
5736,1,delicious sushi niko niko vermont hollywood mm
5737,0,rvds dammit wanted ask someone might shooting cant remember name
5738,1,good morning ti rainy monday morning blahhh
5739,1,bro light g soll cheer http twitpic com wjrs
5740,1,leighannirvine thanks hun wearing new goldmine e s big false lash show
5741,0,fun sun im seeing tan yet though want chocolate
5742,1,stereophonics http twitpic com p feel really emotional great seeing pic keeping you gonna
5743,0,brodyjenner u watch hill london u realise tourture week week late watch itonlinelol
5744,0,jerrib sorry mom mean to tweeted that already hard day love you
5745,1,oohnoo that s great weee visitor
5746,1,bztak actually friend gave file today lol cda file u know convert mp
5747,1,jeff right call duty pwns gotta figure xtra copy wolvarine bought earlier week
5748,0,mycaricature pleasure sorry hear pollen thing
5749,0,sound like there s party street guess forgot invite
5750,0,jordanhowell nah iplayer listening back it working
5751,0,want whole day hurry up
5752,1,polaroid film today hope so green tea yum got appearance quot job quot interview much cleavage
5753,1,aboutlittlerock wow mhenslee constantly ranting love genghis grill too never there colorado
5754,0,lolzyluvsjb yeaa sad watched live performance peru etc epic wish come n i lol xo
5755,0,ahh yes obligation vampire kept away twitter but back amp try update much possible i lost donor
5756,1,thanks carry craziness again
5757,1,goody bagged car boot including cute cross stitch bird craft room man selling sweetie
5758,0,kellykfog totally unsurprised dave coming back annalisa wrong it opposite big warm mellow dave
5759,1,happy bank holiday
5760,0,jazzy vega w team
5761,1,fun night needed break p love man effing hilarious good night twitter world sweet dream
5762,1,paulbay bit lie in eaten bread way good giveaway
5763,0,fudgecrumpet saw deforestation so surprised bad back mrsfudgecrumpet moan back you lol
5764,0,rawr yeah call dad mom brother either mom phone dad phone card expired brother work
5765,0,djgigidred fare lady body nap work
5766,0,saw favorite surprisingly way sad
5767,0,mitchelmusso can t call cause portable sais number excist want much talk
5768,1,erinhosborn thanks legolas betterlesson fellowship re google wave like bing demoed http tinyurl com majl mean quot disease quot
5769,0,pff life suck sometimes
5770,1,foretdemichelle need physical presence energy already
5771,0,prepchik p s uv ray strong cloud regular sun sometimes stronger fyi
5772,1,wishing happy mother day wonderful mother there
5773,1,marcihearts sending get first check make enough lol worked like hour far
5774,1,glorianatheband hey guy saw st louis loved you would ever play ct met outside u nice
5775,0,doggy sad cheer jessie
5776,0,shi gaming thingy mine finally died year rip
5777,1,joepolitics last night awesome thanks hard work put it get coffee now
5778,0,raining can t go jogging house gym
5779,1,http twitpic com wcy cracking amp up phootoboothingisfunforbunny volumen eins
5780,1,jae thanks holding mini laser light thingy lol u
5781,0,going bed pain fell shoulder today good night
5782,1,assembled ive haha
5783,1,good morning wishing everyone great week
5784,1,chillin christina diana
5785,0,yesterday missed live chat internet problem ï¿½ï¿½
5786,0,rakka oh no gonna break w your ups guy move
5787,1,tiiiiiiired going bed drinking lead making boy later forget name drink kid goodnight
5788,1,member cf check facebook computer immediately sweet video gulardi waiting all made teary
5789,0,rosecharlotte oh gosh tomorrow well god lucky might put yet another week
5790,1,friday gotta work tommorow tho
5791,1,absolutspacegrl could feel excitement tweet watching launch nasa tv love directv seriously
5792,1,ha ha point men
5793,0,still sick sigh
5794,1,found ride yes liquor come
5795,1,amyyvee aww really great blog thanks mention hi form philippine h
5796,0,anomalei well glad one mine s bad resort pulling old hairband disguise
5797,0,agesthegreat ugh amp didnt hit up ok lol jk u doin here
5798,0,neeeeed plan one hang tomorrow booo
5799,1,nice mother s day mum liked present wondering ever see one again talking sisa
5800,0,chillin break eatin grub pretty burnt eventful day wanting go movie ian happening though
5801,0,miss hubby already
5802,1,dirtyrose told you would sweep haha p
5803,1,little happy wine jeje ok it sm free time care jaja love day
5804,0,also really missing sami thought would throw one there
5805,1,made bomb blew mouth just made best f ing dinner
5806,0,pappadeux yummy strawberry lemonade
5807,0,sitting myself everyone took good seat
5808,0,fudge b d whole paper tired ugh hate school time sleep
5809,1,excited bout going nite bummed cuz im da designated driver drinking angie
5810,0,one call anymore
5811,0,mulla oh noooooo sorry suck hard
5812,1,yay work haha
5813,1,drew haha want another bagel blueberry cream cheese left bagel
5814,1,vice president social cultural affair southwestern college
5815,0,where s enthusiasm meeeee
5816,1,finally back dinner party fun alice wine proposed we re getting married next week may th
5817,1,csi ny come back au sex lie silicone se evryone east coast tune tonight pleaseee
5818,0,samm xx awww suck
5819,1,long day work stood home sleeping another long day work tomorrow amp happy mother day mother
5820,1,good morning ready start week
5821,0,ogvenoe can t die lunch date rocio coming plus new shoe ugh
5822,1,hi blowmefool thanks follow good luck friend ha
5823,0,blerg damn monday must always come decent weekend new glass hair color got carded gamestop awesome ego boost
5824,1,thanks everyone twittering me still newbie friend would like invite here please help girl
5825,0,realblackwidow dun wanna
5826,1,natalietran really like http tinyurl com cmhr reminds little favor hfw
5827,1,thrilling time da joyride roadtrip nice driving pai paulo http plurk com p rrg
5828,1,mansur rahal thing living always undeveloped picture future
5829,1,oh monday also mean new american dad glad watched show funny make monday even better
5830,1,learn fly higher http tinyurl com tool
5831,0,ooh lulu bell whatchu goin a monsterpalooza s weekend u ink stressed contestant year miss u x
5832,0,funny said never make look far come im back heahhh um yeah school
5833,0,gfalcone britain s got talent cute little girl feel sorry her hope simon find time xx
5834,1,lovely lunch curried rice mussel baby octopus yum
5835,1,meredthsalenger ur cute i m fan dream little dream kiss appearance like dawson s creek make flick
5836,0,also hit chin something fell hurt ugh work gonna suck
5837,1,woke delightful nap can t desribe much success involved am nap sat night need rhubarb
5838,1,club no party ive spent friday saturday night workin music quit content
5839,0,puppaz really suck feel bad least woke eight
5840,1,mikedignammusic coool thanks lot xxx
5841,0,room hot sleep in
5842,1,back reality tomorrow think dig cigar smoke good one yes bought box quot good quot one
5843,1,itsneet teehee i know too
5844,1,watched adaptation interior woman all good movie night breakfast dad kelley morning
5845,0,everyone seem leave weekend sigh bed
5846,1,perfect show you enjoy
5847,0,today wrote two song one temple probably never perform ever one mother day happy vesak everyone rena xoxo
5848,1,last day college today
5849,0,artfuldodga love it sakey usb stick gb australia
5850,0,god want sleep
5851,0,still feelin like blah hour
5852,1,meditate feel vast vast know it what think about
5853,0,whoa mean sleep hour
5854,0,tapulous where s uk love
5855,0,california sunny make kinda sad
5856,1,law week gonna go fuck excited
5857,1,strandell several day ago great though
5858,1,believe it tomorrow night jay leno s last episode tonight show encourage everyone watch welcome conan
5859,1,excited enfest yaaaay
5860,0,bummed missing rock climbing trip next week
5861,0,evaluating people dont like part job
5862,0,friday night never fun work saturday morning
5863,1,awww bought mom cutest thing mother day woop woop mee expert shoper
5864,1,heathernkotbfan knight sweet dream
5865,0,ugh poor beautiful girl went new tire inspection sticker there s repair still tire
5866,0,mpellegrini hurt you sunshine weekend get play that s sad
5867,0,ooh feel sleepy a m dont wanna go school day to
5868,1,inkrediblenyc hey lonnie next weekend can t wait
5869,0,ever told absolutly hate writing email status pdates fine email much finality to
5870,0,surrounded negativity good thing fly guy give hope something better thank u jesus
5871,0,want go home
5872,0,feliciaodg screen dark click it hang whoever im talking
5873,0,yelyahwilliams noooooooooooooooooooooooooo can t
5874,1,finally im back online miss lappy many thing follow up starting ning haha
5875,0,skykemea yea u max jenrolton poor trivun
5876,1,watching everything illuminated dreaaaming lt
5877,1,yes minute sims plus season fun fun expansion
5878,1,bgt aw bless her stomach sank first whimpered good trying carry on that s nice simon take charge
5879,0,watching scrub season oh gonna miss show
5880,1,shelleymcarthur cambie slightly event leave waiting feedback though keep u posted
5881,0,trying figure whole quot twitter quot thing thanks scott amp allison now can t concentrate work
5882,1,goodnightirene thanks lady
5883,0,agent m gave sick to my stomach feeling ppl like belong regular society ever
5884,0,leg broke waiting untile go
5885,0,suzydunkley sorry bout cat
5886,0,well get call back oh well
5887,0,im heading home gotta work sunday
5888,0,joaniemaloney yep suck thought somewhere said wa
5889,0,ladybug oh yes sure will sad cause miss view house leaving actually
5890,1,devyra know anyone believer never die tour going warped know can t wait haha
5891,1,mynewgroove said drink tonight say drink sam adam
5892,0,lbutterworth know twitter depressing tonight
5893,1,http twitpic com woxi btw concert freaking awesome
5894,0,shanelapoint hey hunnie u miss talkin u ty follow
5895,1,digging idea behind railsbridge http railsbridge org
5896,0,following twittbitch cause gerhemi ordered
5897,0,booo dario let tk get hair cut
5898,0,person online msn feel lonely
5899,0,phone passed away yesterday jumped table searching new phone
5900,1,jegjeg yay coutch couch
5901,1,liesx xd send it
5902,1,aileenu yep converted blip great hear lot others suggestion pretty great stuff
5903,1,got home state honor choir hour drive payed off amazinggggg
5904,0,karamat could ever actually allowed stay
5905,0,home sore knee
5906,1,seeing star trek tonight super stoked
5907,1,watched new t mobile advert youtube love quot hey jude quot
5908,1,artcon http twitpic com vfcx awesomeeeeee
5909,1,comedyqueen lol overcast otherwise ok tired otherwise ok
5910,0,say power went out which rarely ever happens and saved sims game while http plurk com p xf
5911,1,getting puppyyy name him think romeo cute
5912,0,dammit cant watch stadium music
5913,1,janice know lol grin bear
5914,0,stupid freshman ruined theatre class get play warm up game rest school year
5915,0,follower
5916,0,misscaseyb know mean rain suck
5917,1,proud b trekkie new star trek movie ruuullzzz
5918,0,today dan bought bio dome reality bite soundtrack needless say get mayjah point also tummy happy boo
5919,0,bondean sad thing wanted work year dream job crushed saw crappy wa still bitter
5920,0,rina spn boyfriend even say bye
5921,0,jenhp bummer get book signed sigh
5922,0,meljachin eww dislike
5923,1,misseileen hahaha really trying figure last time fb looking friend page
5924,0,heard single waiting month hear and im disappointed
5925,0,awkwardtown fuck already thinking show going miss broke
5926,1,want cooky breakfast luckily adult that
5927,1,wp cheer
5928,0,wal mart orientation it s work seriously this suck
5929,0,rip robin washington park library
5930,0,greenlabel aww that s awful make sad
5931,1,lvl v lvl owned useing crappy armour
5932,0,madush oh my im offended ha
5933,1,catsinthetree listened eye fire enjoyed it thanks
5934,1,happy starwarsday
5935,0,everybody need time thier gun n rose x http blip fm zkz
5936,0,bad mood
5937,0,tinpanalley sorry bro that s rough
5938,0,saying good bye ronald today difficult sad well miss yuu
5939,1,welcoming cimmarongirl proud
5940,0,krooyakkers thought ur going somewhere that s invitw u
5941,1,ive chosen grease
5942,0,pharriell nothing let s stay quiet together p cry
5943,0,weather let morning ugh hada gd nite tho
5944,0,forgetmaine there s year waiting list get appointment
5945,0,think need new friend
5946,1,fanboy uk yeah myst
5947,0,verb n noun ikr parent take cake tho grocery shop go eat time
5948,1,show amazing cold hope give victoria card get dvd back ha
5949,1,tadasauce good time
5950,1,im awesome
5951,1,happy mother s day wonderful woman there great relaxful day
5952,0,hypernyck get ticket picking lookin slim soo prob
5953,0,exhausted can t sleep like night
5954,1,froggie one quot groovy guy quot time shortie short photofollows
5955,0,wish could heading la e le sigh maybe someday
5956,0,lauriedriscoll finish twilight did wish wasnt
5957,0,stevechaiguy steve chai sound awesome wish one now stuck with idon tknowwhatdamnbrandcoffeethisis
5958,1,daniellebean peace amp quiet enjoy last
5959,0,kellycombs bummed miss you hope enjoy writing conf tho
5960,1,great time talkin mike tonight three hr
5961,0,murray got broken
5962,1,nungguin sista law lahiran di r asih kayaknya sih sore ini lahiran yeayy another baby girl family
5963,1,supernatural back tonight
5964,1,hahahahaha rember riped william picture one claires mag beated zoe
5965,0,althearicardo hr go pa ako
5966,0,g night world vacation end day
5967,0,good day sigh
5968,0,really weird night last night miss friend
5969,0,wished didnt spend money last night
5970,0,awww wonder ima get married shawna damon cute
5971,0,gosh freakin bored talk me
5972,0,sure real state market moving confused either hold go ahead plan
5973,0,waaaa ran machine problem yeah
5974,1,bbq andrew sister jeff much fun
5975,0,running errand geeta feeling like plague
5976,1,patsytravers http twitpic com sbz thats actually adorable ooh miss dude
5977,0,running annapolis half marathon weekend failed meet registeration deadline amp completely filled
5978,0,still office and sun shining
5979,0,last day senior bye bff
5980,1,emillyschwindt thanks lady bummer sure
5981,1,aclockworktoad take lot pic really pretty there lot palm tree
5982,0,askegg sorry andrew wish something could do
5983,1,stress recital gone went well star trek new favorite movie wish space
5984,1,morning hope lovely holiday monday whatever goin to
5985,1,good morning everyone
5986,0,jennifalconer would like swap i m sitting grumpies
5987,1,fun webcamming caroooo
5988,0,ok now popped say hi check thing probably head guttah later tonight
5989,0,hitting sack now fellow twitterheads so treating mom today
5990,1,mattmccoy interview view away thanx reading ppl http tiny cc gmkbt mattmccoy
5991,0,rain rain go away cancel pool plan tragic
5992,1,r u b y l tote gonna fun bi otch yeah it make her
5993,1,hey thanks follow wow exciting new tweet
5994,0,tiffany in va getting update phone trying figure make sad
5995,1,amazinq qirls niqht out quess always qreat excuse wear tiny dress amp heel
5996,1,forgot much really needed music barely week music now yay
5997,1,new favorite group j davey hi amp low shit really flygroups come miami hell florida rock bell
5998,1,sarahhlouisee thankyou ur night
5999,0,unitechy wud like to actually free weekend time family visiting staying put next time
6000,1,aimzsta hehehehe oh love purate english sooo much
6001,1,lovestruckxo simple know use hahaa glad okay x x x
6002,0,paaaulaaac even life pretty good always say shitty
6003,0,guttered ruby got eliminated nzntm supporting local haha hosanna better win
6004,0,miss jp know iv given headache thinking it make want cry
6005,1,wanna better already
6006,0,working late house love company want summer evening people
6007,1,gossipboy hahah really guy said looked dont look young
6008,1,maaaan way nice outside working
6009,0,lmhustlelife shit none yea last weekend crazy think partied hard thats im sic
6010,1,jeseekuhluv yea think waited long oh well thats cool signed already done core class
6011,1,happy imma get see lovely lady
6012,1,nylana an happy mother s day
6013,1,dewz pingpong awww teaching son when one manner many boy lacking those
6014,1,good morning
6015,1,leehongrui hahaha ok hire mom paiseh haha shall washing
6016,0,daysofbigwheels wish could see first hand
6017,0,miss feb rd best night whole entire fucking life rather re live night win million
6018,1,jwdilla glad fun babe
6019,0,sleep deprived hot sleep
6020,1,toddkashdan thanks todd enjoyed reading blog little cheer good old alfred wallace curious read book
6021,0,please vote sympathy bgt
6022,1,better way spoil mum let kick back relax nice meal bottle favorite wine wine red
6023,1,iamdakota oh cool gonna van thats cool live victoria well ur pree awesome girl
6024,1,dorothyjburt well nothing flash different chocolate change good meet u yesterday gr atmosphere amp discussion
6025,1,rettema quot might interested quot thanks wa came saw winced much like flatland http bit ly fy
6026,1,rosieroserosie can t believe following you anatomy prac tmw tonight structr lwr limb
6027,0,new nick name arosh i like like
6028,0,going entertain request reducing shipping cost using registered post instead courier on
6029,0,skateramps omfg whyyyyyy suck r wtf t a i getcho ass
6030,1,christhesoul well look fab even say myself
6031,0,lot catch weekend bhr host busy busy busy http plurk com p rqpl
6032,0,ivanae love to knw gna cut stuff tv
6033,0,sinse dis thing not reply message nuffin pshh care i know im special x
6034,0,im sick sad cold
6035,1,vbnavarro love song happy monday
6036,0,well gonna go now goodbye all
6037,1,keza comedyqueen morning
6038,1,rather excited hospital placement starting monday get give needle take blood
6039,0,mcrmy lisa one online yeah
6040,0,dutchcowboys huh pr
6041,0,still stupidly sick cancelled philly trip sad day
6042,1,hivemindmovie miss fizzy duck love hive mind
6043,0,mommy like quot whyyyyy quot
6044,1,getting fab portrait ready upload today
6045,1,starting integrating twitter forexforums org look like great partnership welcome chat room tomorow day
6046,0,jessiemayumi shame job thought working yourself there s big money paid http bit ly ml
6047,0,h themovie that s get writing halloween interview w danielle harris darn late contest
6048,1,courseofhistory vancouver classy canuck
6049,0,kristenhaulser yuppp gonna get top didn t soon got nd hole instead
6050,0,waking star war end title song sorta awesome also kinda creepy
6051,1,orgasmic sandwich
6052,1,welcome family new pillow im going lay head tonight
6053,1,going shopping sunday dinner round two p
6054,1,huhuhu still working get new client motion graphic
6055,0,ugh car got stolen sometime yesterday evening morning husband due go work like afford this
6056,0,bout go work
6057,0,strabismus try ignore just noticing new m o s love sonic drink cherry limeade mmm
6058,0,morning all wash car remind me choose white again http bit ly ymb
6059,1,lilbumbles happy mother s day mother list
6060,1,happy mommy s day
6061,0,thatchmaster miss place miss wegmans even more whole food wegmans
6062,0,depressed again ugh help
6063,1,rhettmatic happy birthday
6064,0,christy edmonds oh sorry lot fun though great time
6065,1,stompthewalrus oh ok good jump joy m made day
6066,1,new week new legend make
6067,1,fun day boo short fun
6068,1,cba exam left
6069,0,iamchrismann sick stupid guy moment u make believe suck get back reality
6070,0,people talk gone
6071,0,hbsexeced class keen on guess wait next summer bummer
6072,1,beardburk optimistic
6073,1,loris sl happy sunday
6074,0,poor little mba fire
6075,0,dam missed hollyoaks nite
6076,1,beautiful monday morning happy http myloc me tct
6077,1,jaztwitta welcome home babe
6078,0,pinksealight oh lucky u need send mine away get fixed
6079,0,much blog time
6080,1,nickchien chaubella glad break twitter virginity two
6081,0,stephmccall ugh worried history wednesday freaking much
6082,0,loulou de b email get people want site shame trouser
6083,0,gloomy outside
6084,1,mrmaxroi hey good see here follow you would nice photo
6085,0,alices hey can t make maker tonight
6086,1,happy mother s day fellow montreal blockhead mom join club one day lol
6087,1,delicious pav bhaaji finely chopped onion little dash lemon yummy
6088,0,joannaangel im strict diet ugh feel like cheat one day ill throw everything up
6089,0,itslisali bad can t come enjoy urself tho
6090,1,ok star trek fan given new movie good review getting excited
6091,0,dragging low point slowly wine assist prob v sensible low hit often
6092,1,jbrigante haha drink cheat day
6093,0,threefromleith poor you bank holiday monday today
6094,1,best purchase today yard sale large dog crate refrigerator office buy anything old
6095,0,t isfortammy sad tweet sad
6096,1,emmmaa haha good bet
6097,1,elengrey yay lucky what d do
6098,0,http bit ly ce got bit face doberman four year old wanted kiss neighbor
6099,0,ego assassin soooo sorry love kitty know much become part you
6100,0,lonely day trizia baguio http plurk com p xapl
6101,0,justdarline darline miss
6102,1,fun b day celebration
6103,0,lilvanillafrop that s funny
6104,1,trekkerguy already great day enjoy weeties
6105,0,mobileech looking new sm sending solution http promotion itagg com get ï¿½ free sm every itagg
6106,1,chainsawchelsea consolation definitely one hottest gg s imho
6107,0,sigh it s always sad watch series finale no green wing left watch
6108,1,jhnnywyatt amazing tonight glad could share baby sunshine
6109,1,happy mother s day mommiies owt theaa amp ii think ii got thaa hang thiis thiing yay
6110,0,whenever rain hard get motivated
6111,0,forget much miss tribe til limited access talking them spotty internet country long
6112,0,mitchelmusso sad missed calling time got home practice late
6113,1,getting ready launch podcast chapter quot turning left albuquerque quot morning know excited i
6114,0,dougreport checked worked sorry
6115,1,bunnydrumming hi bunny recently subcribed channel youtube make great stuff kinda wanted say hi
6116,0,fam back big island said vog bad can t see ocean sad
6117,1,happy mother s day
6118,1,last day holydays gotta get back work anyway great week
6119,0,writersblock bev too sometimes kind day need relax
6120,0,jenkellytisdale good luck haha loved character bring on win movie
6121,0,kixxa somehow totally distracted shirt even know why suddenly like guy next door
6122,0,ultramegaman never done friday digest today anomaly usually schedule friday leave time it
6123,1,zindaret http www thinkgeek com book nonfiction b lt get one maybe next time
6124,1,woke end got bored
6125,0,jackalltimelow wish could go melbourne show parent let cry
6126,1,mission wale find world greatest welsh cake kendalloneill success none better nan s
6127,0,angiebeyince damn dublin
6128,0,lame deland favorite people
6129,1,watched bone finale last night uk amp rocked oh much missed zack ericmillegan freakin awesome lt
6130,1,happy mama s day lady good day
6131,0,lost follower oh well probably one mute one anyway
6132,0,sorealcru gloomy la sun nice
6133,0,even nooooo secret namerebecca please
6134,1,home see bloody movie full booked night museum fun though
6135,0,got crush issue tomorrow friend going india whole summer im back sad
6136,0,mummy need
6137,1,good episode top gear tonight
6138,1,tonibrockliss fyi connie carla totally awesome preview make seem sorry one
6139,1,karlixpaz hmm miracle using twitter fun so tweet
6140,1,staying home work linoleum block carving project due tomorrow probably picture
6141,0,glad friday two class lazy afternoon bad isnt nice warm today
6142,1,tommcfly glad co u wouldnt lose fan anyway get see guy saturday evening leicester better good
6143,1,dannywood good morning dan bday plan getting exercise today love ya see nyc
6144,1,gericaquinn lmao haha nice lolz good though wait lol
6145,0,savfortomorrow thought pretty good guess not bummer
6146,0,marley saddest movie ever never cry movie movie mad cry
6147,0,kinoflyhigh fuck shouldnt left
6148,0,sobbee naw pretty tame guy costume voyager style quot medical quot uni disappointed costume
6149,0,courtpet oh sweet definitely check get chance
6150,1,jjkraal thanks fotoreportage coming soon
6151,1,cultural tour loiusa s family kangaroo sight seeing cemetary lovely
6152,1,dad totally rocked offspring pretty fly white guy haha
6153,0,put dog sleep love abby rip lt
6154,1,juliannebritton ohhh really want see coraline seems really good
6155,0,poor imissbradandjen s mom told looked like hooker skirt short degree out
6156,1,workyy trying get point smile lt lin man tonight
6157,1,spreadingjoy hello there thankyou always seem make difference someone s life everyday
6158,0,felt like crap behaved like son ate compensate pigged home roasted sugar almond painful tum threw up still feel sick
6159,0,good morning folk day go sadly day giro mean tour far away
6160,0,oops meant tr sorry lol
6161,1,flashlight tag love playing game dark
6162,0,bobbiepen lmao man bummed stopped braiding
6163,0,damiencripps awesome shame though mark fiddle player died last month fab version good riddance i album
6164,0,tantra anyone kirki know sad is drowning sorrow
6165,1,finally leaving place woohoo school time
6166,0,finished english final just one step closer end
6167,0,asdquefty yes are gone enjoy yours
6168,0,arm hurt
6169,0,meg sorry megan sure find something quick
6170,1,yinawu happy mother s day http bit ly ijm my friend made video
6171,1,wish came true see u
6172,1,spending time mommy later today
6173,1,skinnymarie guess ive got wow impossible
6174,0,reaaally need
6175,0,hobosexual lol went buy new laptop feb already knew lol looked anyway walked away sadfaced
6176,0,am foodshopping cause sick day hospital alone blow
6177,1,mrsblue reli gdd ty am lol im sleeping o im watching tv alls good lol yours
6178,1,day going well far meeting though
6179,0,finally back stupid holiday missing fit bar men though
6180,1,photo got print day ago ready norskart exhibition http tumblr com xhtphgl
6181,0,esull great camp wish could there
6182,0,home sick
6183,0,oh pw done wrong signing time ur child s article wrong and neil gaiman tease me bea
6184,1,teamwinnipeg gerry thank following me help spread news further i think cool thank u thank u thank u
6185,1,nothing like charley biggs chicken am
6186,1,first compree completed exam hr instead alloted
6187,1,amhartnett sound like fun
6188,0,michael scholfield more dead sorry
6189,0,jelz want house gt
6190,1,tmills aaawww worry fresh start work growing
6191,0,watching quot week later quot good day
6192,0,retrorewind buff guy unfortunatly alot people dont know danny s name either sad sophie sweet
6193,1,haha exciting wat look like
6194,0,dont wanna miss laker game tonight sad
6195,1,st place competition superior
6196,0,crossfit running today agitated right leg
6197,1,finally bought new house
6198,0,sunny morning big k lawn mow mile run attempt urgh
6199,1,zipvojames well minus related greg lol just kidding
6200,0,fun time broke usb stick like literally broke it
6201,0,aholston homework bound whole weekend fun
6202,1,uploading lot photo priceless memory
6203,0,anjeebaby snap reality show watch first hooked sad
6204,1,guess what mom adopted kitty today month name corky
6205,1,kimberlysmoore good realistic still like thinking it
6206,0,cacaubrazil that s great guy related
6207,1,joerup think like casual attendance instead review might another issue felix then thanks
6208,0,analystalterego bad news go take dog walk they re upset w me
6209,1,watched star trek liked making mother card listening tunage copeland exact
6210,1,date vaahedh well atleast last one
6211,0,really stop relying family say going get lunch
6212,1,still pumped concert saturday come
6213,1,thomassmith yo thomas thanks follow social medium director disney that s awesome like learn more let lunch
6214,1,liking window release candidate far also liking new video card terabyte harddisk
6215,1,augustine ty friend yes ur right daughter daughter forever
6216,1,idiot hahaha work strip club know alrighty mister done public may dancing today
6217,0,burning tongue ton soup
6218,1,bit soul time mama visialize next living environent speak soon
6219,1,renegade last day today and well gone catch gutted closest came greenock kilmacolm
6220,0,mgiraudofficial give anything there bad tennessee
6221,0,duncan finally got order leaf iraq september open invite stay anytime year gone
6222,1,getting ready awesome service http tweet sg
6223,1,last day last time visit parent unmarried woman http bit ly moqn
6224,1,listening music home alone lol want come amp hang lol
6225,1,diannemr like that
6226,1,conorp yes one final party better make good one much mpre stuff got go
6227,1,oschmid cool that thank much luv it
6228,1,thebraysmommy thx hoping good week
6229,0,might snob friend follower ratio
6230,0,four hour fifteen minute three day packing spree ugh work
6231,1,ok going outside wish playing basketball oh well
6232,1,justlikethem would lime them lemon deal sound fabulous me text back
6233,0,eightwednesday emilyhilleren lost membership got boosted club lonely
6234,1,tomboytigress thanks sweet dream too
6235,1,candyconquest yes are thanks haha do field flower exist singapore well one frolick in s
6236,0,horrible day
6237,0,im really tired much time sleep
6238,1,sarah leann make feel better im studying sat night w o blackberry
6239,0,feeling bad muemerry didnt get see
6240,1,third date went well moving fourth
6241,1,amazondotjon http twitpic com jcd whoaaaaaaaaaaa ryan see smile
6242,1,happy star war day every one may fourth you
6243,1,mmm much better day far still quite early last day uds
6244,0,ohh tooth hurt ohh im sad hurt
6245,1,cherryblossoms yeyyyy maddy fabuloussssss god bless
6246,1,mafeinberg least large vocabulary benefit writer hope well sister
6247,1,ggeastldn im cool cant wait hear story xoxo
6248,1,cybercabz take lookie sound great
6249,1,redrobinrockn next one you
6250,0,lexiloohoo sorry today s nothing fucking heartbreak
6251,1,joined twitter hiya world
6252,1,got eminem tix friday
6253,0,ziggy friday feel boring too time fun today much mood either
6254,0,head hurting
6255,0,homework friday night lame
6256,0,stephenjerzak awww didnt pas speech
6257,1,park slope brooklyn working bust photoshoot exciting amp no fever tonsil size golfballs
6258,0,damn wish botcon everyone
6259,0,wish cali wit mari nd lupita seeing vfc fair
6260,1,sorry sanderschenk misspelled twice already im notgiving up run http blip fm jjxr
6261,0,lilxcutiesworld played song send request
6262,0,thebigmac cool boob itch got sunburned volcano
6263,0,oh storming gotta get computer
6264,0,trash repops getting tomorrow night suppose
6265,0,fell think knee broken look fabulous
6266,1,watched yes man good http tinyurl com dbrc
6267,1,ddlovato demi say hi it s enough replay please love much
6268,0,want transfer naini trip picture my comp upload thm web bt dnt hv usb snt via multimedia r pic expnsiv
6269,1,happy mother s day
6270,1,hanging school last day senior
6271,0,bad friend
6272,1,alone weekend
6273,0,ddlovato caan t iht earlier icant wait long ahar
6274,1,pub garden boiling hannah likey
6275,1,first night sleeping new home
6276,1,http twitpic com jdkq got new belt sheriff star
6277,0,holy wow think could ve slept day soooo tired
6278,1,jy looking forward mandarin album hope come singapore
6279,0,hey dude turned flyer poser nice
6280,1,happy national star war day everyone
6281,0,fell stair dancing sword fell bum hurt
6282,1,good morning gonna clean house bit maybe clean more nothing rest day
6283,0,cat missing day freaking out
6284,1,sammythewizzy oki great best
6285,1,dressjunkie oh no horrible lol better singer even cry u think made cry haha
6286,0,bored kinda lonely parent went lake friend bring knew bored go
6287,0,ddlovato demi pretty bang everything you look grown picture liked bang
6288,0,again wish could share problem someone
6289,0,miss daddy
6290,0,jewelinthesky able create itunes acct longer redeem kris allen album note said got canceled
6291,1,sarah mcglaclan song background please donate jpnnbak fund quot dinero cable bill quot think make
6292,0,erickaditioner noooooooo miss sooooooo much gaah
6293,0,there s something area make tonsil swell everyday get it feel slightly miserable ff done now
6294,1,sooj lol know ya mean watching everyone else act fool much better remembering acting fool
6295,0,everythings sooo messed up life suck
6296,1,today lost
6297,1,lilrainbow hi thanks following me u much long time since last chatted u
6298,0,sigh going bed feel right anymore
6299,1,kimmimcfly think start david archuleta might throw glitter aha xx
6300,0,kurliedoc poor grace need date cute male nurse
6301,1,debbiezachry relaxing thank you hope get put foot tomorrow enjoy day
6302,0,stressin h core supposed cleaning room feel like crap
6303,1,good morning peoplee look like going nice day today better last week raining
6304,0,miss boo
6305,0,heading graduation like this oh nick i ll looking you
6306,0,clear intellectually severing relationship best yet heart seems b complete disagreement hurt much
6307,0,slept in woke iced coffee lazed amp went late lunch bf sweet little laid back saturday
6308,0,idk cant shit
6309,1,chick fil morning final that must amj
6310,1,hellenbach sound like best sort work then jenni seems lovely so nice hear meeting in flesh too
6311,0,smell pancake or maybe toast something delicious one place cooking
6312,1,evanmcbroom sure mayor brainard thrilled hear fan
6313,1,work thanks dear neighboor also gave coffee needed it best
6314,1,know sunshine wonderful today alright day text twitterer
6315,0,sick tired rain
6316,1,yay go wyattt totally amazing im happy you yay
6317,1,realchrissystar back sunday play horse last night mex miss
6318,1,jgurl thanks
6319,0,heatxsink screaaaaaaaaaaaaaaaaaaaaaaaaaaaaam never freu zu frï¿½h
6320,0,debby alone im gutted missed convention too
6321,0,reactiveretro yeah agree best aww leeaave
6322,1,sambennington hey samantha welcome happy mother s day
6323,1,djunity thanks
6324,0,eekkk back work
6325,0,donniewahlberg feeling inspired today i suppose b ham concert tonight
6326,0,get sucked true life steve o documentary intense love shit nice see people get life back
6327,1,katie noonan think ill that well wanna go out go one go loveyou xx
6328,1,look like sun making comeback midwest happy monday
6329,1,p got ben button today completes best picture noms got now great year
6330,1,whoop got prom date today knew ha ha can t tell who
6331,1,xodedexo course come join sleep over bring big dill pickle
6332,0,man sinus r really buggin morning
6333,0,oh antiboyle work either never much bad thing eh uk eh
6334,1,officially celebrating th tweet wow proud great
6335,1,so finally got twitter let s hope make good use site
6336,1,lifeincyan randoms about love star war day realise can t believe almost over
6337,1,aahhhh new pic new moon brill think wait month
6338,0,sad see deb two day
6339,1,hosamkamel thanks follow man
6340,0,missin ia guy really
6341,1,far gone much better expected sure help raised dog feel im thing right
6342,0,wish eating lunch w laddiecatherine ophieracine
6343,0,kingsrockandrol bit zoe co bed soon miss gorgeous weather today x
6344,0,summerxoxo that s exactly feel hope start feeling better soon
6345,0,hate taking lily doc get shot make super sad
6346,1,going watch tv crazy night am work tomorrow live somehow least mean finish early
6347,1,jackalltimelow lucky that s awesome
6348,1,happy mother day mother world especially tweeter mom
6349,0,worm either escaped died bum
6350,0,innonate juliaxgulia can t figure reply tumblr sorry get nyc can t go event b
6351,1,travelrants that s cool happy contribute future article enjoy rest weekend
6352,1,like taking dog car run errand always excited go anywhere like morning krogers
6353,0,jamjar that s mean them
6354,0,bus almost hour late crappy alarm clock leeuwarden
6355,0,received phone call new patient i guess mean work tomorrow
6356,0,http twitpic com ov martinhiggins ahte stress supposed friday make wanna cry
6357,1,alliemunchkin youtube love hd video well maybe
6358,1,jessmcflyxxx would idea haha xx
6359,0,got get ready work would rather fishing
6360,0,new phone zero contact poo send message name save number thanks
6361,0,bored barely even tweet nothing talk about boredboots
6362,1,im full subway bomb waiting nd shift start
6363,1,watching one fine day eating cereal start good sunday good movie
6364,0,thisisbenwood wanna go see edinburgh happen though haha yir lucky funnnn xxx
6365,0,dfizzy lucky week summer
6366,0,eddievedder luck u coming detroit luckily seeing u crew chicago
6367,1,stoked spring amazing wild food nature abundant bless up
6368,1,pool party sherraton n brodi blast friend made evening bbqd home great conversation funky n lifted day
6369,0,disapointed good evans sound really bad tune britainsgottalent
6370,1,cant contain myself tooooooo excited
6371,0,sodakan sorry hear wait list
6372,1,jerrica perez that s great hope study bff live together well we see
6373,0,exhausted
6374,0,fab day placement working weekend
6375,1,wiseleo got named since recco peep felt pretty honored gotta talk blowin ego like
6376,0,poor girl britain got talent god love forgot word cried get second chance perform
6377,0,dayna aka rowan could talking he s probably though
6378,1,back best party ever
6379,0,rosellyanna forgot word started cry stopped singing carried cried stopped
6380,0,laying bed listening opticon miss joe veneck
6381,1,updating resume
6382,0,min bej semanggi traffic friday siggghh
6383,0,prchels be heard yellow light maybes put great show saturday sorry missed it chelk
6384,1,get see hopefully meet guy next week rotr wait adelitas way invincible http blip fm ynxr
6385,0,emzok miss u m need tae catch n
6386,1,getting ready go read pray go bed enjoy rest night
6387,0,staceyi awww missed twitpic
6388,1,happy mother s day favorite mom
6389,1,singapore warm here blast already
6390,0,sad
6391,0,think unfair miss sun place work closed writing essay allowed sunny
6392,1,michaelbchevre chevre please follow elishevabalas chevre using eliseven public tweeting thanks
6393,0,supernatural http twitpic com k awwww poor boy cry sad
6394,0,hit sheet
6395,1,claramattos yea know tell everything p send direct message telling haha
6396,1,follow dream chase them richard dumb who think smart
6397,1,http tinyurl com cnlzh forgot much like song
6398,1,watching jonas nick s beautiful voice put sleep
6399,1,donniewahlberg toronto waiting you day go
6400,0,youtube working
6401,0,heavenlyriot girl confusing
6402,1,mmm eating tostitos amp amp piknik spinach dip s amp r lt
6403,1,eww gross amp lady keep looking weird ha ha another smiled amp asked company me army lol
6404,0,put dog tomorrow
6405,0,redbaff alright joking said wine fool maybe don t like drinking
6406,0,nothing lol
6407,1,plsdontgogurl that s one wish video compilation jordanknight s thrusting
6408,0,think mowing lawn allowed done teenager suck well mow
6409,1,blondiepops oooh sound yummy get chance take pic please add website many pie
6410,0,respect fresh heineken man bag http twitpic com jdrg
6411,1,markii eeee hiya spoken age doing enormous hug
6412,0,shaw guy want sleeping
6413,1,thecharmquark hello happy bank holiday
6414,1,mr bill good morning too
6415,1,thanks raspberry laced vanilla cake
6416,1,supprintdesign oh like let c
6417,1,retrorewind working station cool love yer music kk back sweating part lol la xxx
6418,0,impala guy past ok since iï¿½ve got appartment car itï¿½s difficult save money
6419,0,mig say why kge last day job today wont saying around anymore
6420,0,http twitpic com b miss bestfriend left school
6421,0,dontletgo home im lonely here
6422,1,cub wow big close top rd bang bang play st amp starting rain
6423,1,vancityallie shall win
6424,0,last day exeter last session gym last breakfast last meeting coming
6425,0,mattthewhoare please tell cut price macbooks although photoshop reduced that d great
6426,0,mowing hate lawn
6427,0,jennwadsworth sad school close
6428,0,can t even gift money away day re http ff im lqux
6429,1,casndra okayy mail thenn lol im hyperrr much candy amp amp jello x
6430,0,spending weekend working even sound fun
6431,1,starting day little northern light
6432,0,megfitzgerald heart hurt too
6433,1,mingo suffication breathing okay there ll more invited mine can t promise fun time jinx
6434,0,miss baby
6435,0,marnixtfn ahahahah hello welcome twitter got hang already xx
6436,0,feelin right hope feeling pass stupid stomach
6437,0,bye daddy see tuesday
6438,1,afish awwww jim jam good dodging meatball woo
6439,0,animalbehavior sorry dead as gonna
6440,1,juliannerowat hahahha lol true that always remember bd never remember date even day
6441,0,heavily medicated can t sleep ugh
6442,0,misssammibaby sad
6443,0,chumfm oh ok thanks dont know courthouse id either i ll learn though any nkotb twitter stole pic hate
6444,1,cannot sleep super duper duper excited pour la paris love city
6445,0,show tonight plan ughhhh
6446,0,jaidenkhat damnit sorry hear dude
6447,0,pm fri night amp sitting home alone
6448,1,fun had
6449,0,wish get least day off row day enough rest day on day off day on day off ugh
6450,1,playing guitar hero waiting abby text prom
6451,1,hellerrr new followers tricina amp uhhm cool
6452,1,deplurk too buhbyeee http plurk com p rpir
6453,0,kellz making cupcake say can t kelli bad sister
6454,0,tcwmatt oh no well get back lot picture
6455,0,work day tomorrow followed date tit jayden gave mom mother s day gift midnight cried
6456,1,igortizz hahahahaha u look really good ur picture
6457,0,gialovescece ghost whisperer going without j love
6458,1,eating tito s home made ice cream yum
6459,0,happy
6460,0,xoshayzers knoww thing samee lt
6461,1,song called stolen soooo amazing dashboard confessional
6462,1,missxmarisa haha yeah think bit
6463,1,dejam well gotdamn girl dont know else sleepy again grrr
6464,1,interesting show say least recap tomorrow first must sleep work am
6465,1,queenofspain good night erin say early old
6466,1,theolykos omg want go beach
6467,1,crazy people sure
6468,0,xulap consider lucky rained age depressing
6469,0,feeling better today still sick
6470,1,seems like everyone u watching x men now feel like started revolution feel nice
6471,1,mastersavage cool saw link thanks
6472,0,idea im completely lost
6473,0,fyi ruin hollywood closed last friday closing night
6474,1,back gym checkin email gonna go watch old movie something little cool sit outside read
6475,1,aprilllllx hey girlie
6476,0,feel kind well right
6477,1,new shackletonmusic single bought awesome well done boy
6478,1,yay bannerbomb wii finally out run homebrew wii
6479,0,home ill work man flu hell
6480,1,happy star war day
6481,0,teeth head hurt
6482,1,new baby well attempting quot painting quot weekend
6483,0,finished mtml assignment like all feel like missed lotsa point word limit hmmpph
6484,0,feelin lonely spendin last hour friend
6485,1,sure people hangover glad know hangover free fjkeogh hope fragile morning
6486,1,nkotbworshiper too go phone night long sometimes phone blowing up nice wake to
6487,0,jobo s tired getting work
6488,1,irontec thanks support
6489,1,sunmee hope studyin went well
6490,0,kraeth really love ride she bad recording
6491,1,always get really excited steal kiss ben harper come ipod great song love beat boxing beginning
6492,0,ac building died like past day
6493,0,emulley missed today i know must feel tired give massage tonight
6494,1,paigeebaby hahahah lols fun aye div experience love spongebob l
6495,1,pinkberry
6496,0,goodbye picnic classmate today weather fucking beautifuul
6497,1,justinsxe woot woot super cool
6498,0,miss seeing firefly
6499,1,justinphillip awesome kind
6500,1,aimeesays aww hope fly jt episode usually really good and early far ep hassn t disappointed
6501,0,mitchelmusso wont work uk
6502,1,howie d wish leigh happy mother s day me midnight ny
6503,1,iamtam light concern me lol stay safe
6504,1,good morning people great day
6505,0,nisher yeah yeah heck anyway sastch year bail lack expense
6506,0,two page assignment weekend go chance relaxation
6507,0,puffffy leavinggggggg nooooooooo
6508,1,yum mother s day lunch food business burnside delicious gorgeous day
6509,0,storm system looked bring u rain today going miss u
6510,1,watching ryann gonna grand day
6511,1,bitchface well im hving another one today yey
6512,1,ruthieor thanks
6513,0,sadd last night fl going back ar tomorrow
6514,1,looking website working
6515,1,time get ready work
6516,1,cosmicgirlie good luck exciting
6517,0,thevowel d version suck
6518,1,born barn would like hay youtube mother song
6519,1,accepting maid application would nice start first thing tomorrow would make wonderful mother s day present
6520,1,philritchie boom will boom saw movie last night really enjoyed
6521,1,snowbear finally come out congrats che warren
6522,0,nippysweety thanks much ff nippysweety one today
6523,1,maryrivss hahaha funnyy
6524,0,somehow managed sober remember crap felt pre drink
6525,0,cant sleep again couldnt sleep last night eather wabble wabble
6526,1,bus nyc http yfrog com kaifj
6527,1,yay live demo rhodes loving euruko
6528,0,recovering hard day homeschooling dd chemistry go well
6529,0,http twitpic com q so i pe pocket artoo
6530,0,paulusveltman ja deze interessanter text message limited character http tr im kpgg
6531,1,tweet later wonderful day
6532,1,midsomerlover o come seen excited hope get love interest soon tell doe
6533,0,always sunny day can t possible outside life get
6534,0,wish knew put through she stole heart never gave back and occasionally like like look have
6535,0,the law rence amp simplysarah why head feel like surface sun underneath beaver pelt
6536,1,senior ball hella fun good night
6537,0,emilyhall awww bless indeed coming day woooo you
6538,1,trying figure twitter thing out quite excited
6539,0,gergtreble trailed street sheffield find pub number landline go it
6540,0,jonjordan wt glad hear it though missing watching outside igloo day
6541,0,feel super sick
6542,0,little sad school ended today moving going miss new friend year got hair cut
6543,0,holy shit super sunny friday whitsun tube deeeesearted wish park http tinyurl com nsl
6544,0,mitchelmusso really want talk mitch live indonesia cant call least give shoutout please
6545,1,dannnnnniiiie lol brandy mr whisker
6546,1,got home school fun oh btw music school
6547,1,chrisdjmoyles get lol time eating id hate late
6548,1,got home went totoro cafe finally first time ever liked it colorful place happy atmosphere
6549,1,may th
6550,0,lunch forrest baron fpu dead
6551,1,osocash hi thx following teach chinese lesson youtube pls feel free look www youtube com chineselearn
6552,1,dinner ali tonight celebrating first day new job near trader joe s might stop
6553,1,happy mother s day mother
6554,1,princessdeleon awesome feel fulfilling it gonna work soooo many people summer totally excited
6555,1,u missing ur frnds hear quot manasellaam quot kulir degree movie amazing nanbargale miss u guy
6556,0,someone feel good
6557,1,ddubs ky monkey hope u amazing day today monkey u deserve it cheating dew amp looking picture lol happy bday lt
6558,0,least day
6559,0,acmcwhale really good definitely s many people getting burned alive
6560,0,shit s depressing
6561,1,gonna get sunshine
6562,0,hey guy nm half bored
6563,1,isapersefone well got dvd get book too
6564,1,pureelite thanks someone sent another text morning saying happy birthday number told last night lol
6565,1,theasterik better be also yes unf unf lt lisa still gotten any btw smacked
6566,0,dj cm drink enough hangover tired worked
6567,1,going away party amber road trip tomorrow
6568,1,danijelabaron good morning lincolnshire could use exercise also
6569,0,dying hair back pink missed cupcake miss sherry melanie
6570,0,stuck work stuck work hungry
6571,1,happy bank holiday monday twitter bath time spring clean movie marathon lazy day
6572,0,raining phl delay flight schedule bummed missing jay leno s last tonight s show today
6573,1,fluffdoodle lol triplet haha glad morgan got bag even ride ride
6574,1,ktml nice work buying coda dude great app unfortunately bought full usd jealous
6575,1,firefly weekend scifi channel happy man
6576,1,afiaa afaya who the handsome blue beast hhihihuahauu
6577,1,today happy got got school early bored
6578,1,halden thank you
6579,1,frama c oh yeah point taken
6580,0,aw one fishies died
6581,0,gt gt why blonde keep failing driver license test gt gt gt gt gt everytime stopped jumped back seat
6582,1,awsome know know know
6583,0,favorite spotter last tweet go phone
6584,0,got clean bathroom today
6585,0,remnant missed everyone tonight
6586,1,ipat hmm idk song
6587,0,japanese exchange student cutest thing ever seen seriously haha want put pocket amp keep d
6588,0,sh t getting even sad currently library j think last one tooooo
6589,0,xdjio ware se fast enough x x m ssd raid mhz iop hpt might try adaptec ghz
6590,0,subville snuggle back everyones telling get but ive year x
6591,0,work work kind o orc
6592,0,lathargic definitely need today rest sad bout havin call mentally needed
6593,0,feel really really bad sorry
6594,0,rain finally arriving drat guess mean picnic living room instead wolftrap tonite
6595,0,always feel sickly wake up well got busy day ahead me yippeee
6596,1,hangin home watchin twiligghhttt readin again lol school sukked today bahaha
6597,1,here s big moan dave leyrock im hr pity me coloursfest ahoy xo
6598,0,wanted see story acorn tonight glen beck missed
6599,0,hate bringing ipod school
6600,0,laura mckay sadly no sitting inside mobile signal work garden opening wine bang pm though
6601,0,look like office tv get mlb network look like mlbn televising det bal game today wieters
6602,1,hatzmusic got guy chat lol
6603,1,pretty happy thing changed past month definitely best
6604,0,sad cant go friend house
6605,1,oh andremichelle s birthday happy birthday andre michelle
6606,1,omg meant realhughjackman lt perfect wolverine sir hehe
6607,0,computer died
6608,0,another friday night in man skint rubbish
6609,1,stuntazian still them yay gonna eat
6610,1,bored um song day quot i caught paramore quot quot no good deed musical wicked quot oh fully alive flyleaf
6611,1,today better panda eally cheer up dont know happy like legit happy
6612,0,quinztar oh no mean able get pwned shottie weekend
6613,0,well that s last fabs gone
6614,1,english class working interactive oral
6615,0,net died yeah sad
6616,0,confused angry anxious top everything lonely
6617,0,beccachan happy birthday sorry blank one sister messed up
6618,0,think gonna able go see jb d concert wrong time close
6619,0,chocolovere feel way every day
6620,1,chicagogirl gotcha place atlantic side better surfing plus like close crazy foreign restaurant mmm fl
6621,0,watching qi dave still quite bored even adam davis cheer up quite funny
6622,0,impossible
6623,1,lay pool take nap agenda day
6624,0,orion girl ooc sorry keep missing other
6625,1,formicadinette yipe sorry hear
6626,0,billohbill s amp r devon horse show gettin mostly rained out lot event ben cancelled incl coach
6627,0,emo moment many tear love family sorors
6628,1,watching bleach
6629,1,lol woow okay big deal
6630,0,damn paid like first slightly stoopid show charge pop make sad
6631,1,doctor office woooo much fun go back wotk cant afford off
6632,0,alexandramusic morning alex hope tweeting lot today miss xx
6633,1,bemeaningful thanks ff wink
6634,1,adam carter good film
6635,1,moredays moredays yay yay taken nearly finished better good
6636,1,mskiannathediva awesome worked before good friend
6637,1,yay bought american dad volume also seen australia dvd could lot cheaper going
6638,0,lexie kevin can t leave work
6639,1,well making dinner making dinner wet hair
6640,1,jaiash anytime that s im giggle
6641,0,shonali hello like little chat can t dm you mail id
6642,0,wtf getting now hm tm today that revision revision revision
6643,0,ialejandro aww thought forgot last night hardly twitter phone text evening ok
6644,1,mkasper thank
6645,0,iaretanja forgot put something essential day
6646,1,ate much vegetarian pizza dinner good
6647,0,psylentmike haha funny mikee probably mike ever like sad thought
6648,0,interesting evening amongst homeless people venice beach last night wishing camera me model release
6649,0,gah buddy k must hang person right miss him along parker mcphee
6650,0,song make want cry
6651,1,watching loudquietloud documentary ever awesome pixy realised joey santiago david lovering twitterer fantastic
6652,0,robpattznews die gosh die til movie award
6653,0,got smashed face th grader thowing football twice bleed
6654,0,ran outta bathroom pass maybe mr french nice today
6655,1,emilyyoung havin fun x btw isnt bowling x xx
6656,0,xoxojennxoxox feel lost keep running in head staring face haha basically headache amp eye hurt
6657,0,female robin flew window watched die bush think going cry now
6658,1,dayteed cool linux
6659,0,hello thank followfridays people always forget sorry
6660,0,dorritos repressd get migranes repressd leaf either arthritis and or gout
6661,0,miss mom quot may angel lead in quot
6662,0,batman sound bicycle suck cant ride
6663,1,cake sister s birthday
6664,0,nicole http twitpic com rylt ur lucky there stage close theem think dangerous
6665,1,yeaaaah tangerang vacation
6666,0,think book gone forever mourn forever shit
6667,1,hey tweeps good morning wussup america talk tell wut s ur mind
6668,1,babyexpat commercial shoot tokyo much time play quick dirty
6669,1,commander cool yep here s hoping
6670,1,maddiewan maddie start working watch world
6671,0,got caught rain outside im cold bbbrrr
6672,1,u friendster add me email adress add loco crime st yahoo com add leave comment
6673,1,hit view myspace thanks everyone
6674,0,sooo lost without car truly depressing pregnant people never stressed out
6675,0,rafealanthem yes ready go got here ugh sooo pretty outside
6676,1,sellputs agreed take little find way stocktwits did cant imagine working w o
6677,1,taylorswift created account get chance chat admire you amazing inspire write lt
6678,1,im exploring home xd back vacation nice home
6679,1,daftlikejack seems totally awesome me know two real reason celebrating
6680,0,clubbing weekend due busted knee lt emo gt life s unfair lt emo gt
6681,0,im still devastated manchester united losing ucl final
6682,0,flucio jerk can t go dammit frank suck bad
6683,1,gabilicious hahaha probably sorry got thing around house and go jared s parent house
6684,1,ddlovato second episode sonny wac new zealand tonight and still are amazing ily xx
6685,1,day cellstorms like it
6686,0,giblahoj oh mother day france germany usa
6687,1,bryybryyy lumberjack http twitpic com wqe
6688,1,weekend great if work them
6689,1,jenniferdodd town next week party get back happy early birthday
6690,0,weirdest hive leg arm heck allergic to itch bad dang it
6691,1,waiting amy me reecerentboy go see hannah montanna movie
6692,0,day cant go slower
6693,1,chill n babez
6694,1,sherylloch too happy mom s get rule kid take day
6695,0,waaaaaaaa kicked u bank getting monday omg chilito
6696,0,dumbblondy bad u always change ur profile pic
6697,1,enjoying bank holiday meeting real estate agent offer amsterdam apartment rent
6698,1,sitting gatwick going home week cant wait see family
6699,0,moonfrye working extra hour
6700,0,lcpromotions doubt it boo always leave behind awesome roadtrips
6701,1,jmascia yay found u great time tonight
6702,1,jenniferlai aww too today good like
6703,0,twitter eat dm s happy
6704,1,planted flovers school garden yr old very mucky great fun
6705,1,good monday all still wet outside inside sunny feeling surge warmth energy good day
6706,1,serenity thanks hun next time go
6707,0,poor poor mouth
6708,1,good show sleepytime goodnight moon
6709,1,flisstee think late night friday hit town meet friend soon ice cream coffee
6710,0,awww daddy got car accident pray him shook n lil
6711,0,happiness chinese totally disappointed food usually good fail
6712,0,kimp know already two week
6713,0,epmorgan know read bt can t sit outside coz gota answer phone
6714,0,corona bad craving mexican pastry go uptown get
6715,1,morning im ready weeee sunday
6716,1,o happy mother day
6717,0,sirhova clownin since got flooded htown april got repaired thought
6718,0,gonna laundry never laundry hotel before i miss r even though ignore even check me
6719,0,cant hear anything outta left ear
6720,0,going sleep now gt happy mother s day amp happy birthday me
6721,1,watching alien boobie craig rise house early bedtime grown ups
6722,0,ok passenger one alive dead know til end cry
6723,0,one bad day migraine today st since neck surgery month
6724,1,ellisnyc earth none u walk water horny nerd trying find way thru life lol
6725,0,well official strep
6726,0,neeeeeeeed music suggestion one give
6727,0,tried audioboo recording it distorted due high volume ob
6728,1,wordydirts thanks first lol
6729,1,terrencetaps yeeeeah i much better off think
6730,0,elena left morning nine month spent living probably year till see again hmph
6731,1,oowweee china club wuz poppin lipstic n pump full effect
6732,0,jhaywardbenzal ouch hate happens
6733,1,missshell eeeeep jealous work um u receive viva broadcast online plz
6734,0,reemerband hiyaa tour really disappointed make hope dandy xxxxxxxx
6735,0,fast amp furious excellent movie andy great guy time lol
6736,0,scarymommy sure entire blogroll terribly updated could motivate update redo it
6737,0,back home moment iï¿½m speaking aunt telephone darius neighting backround miss little horse
6738,1,jessmcflyxxx gdgd well better go get ready work haha fun tonight x x
6739,0,suppose get go find sumthin wear tomorrow can t get
6740,0,havent age sorry twitter tweetdeck broken
6741,0,plus janessa hurt feeling
6742,0,baby left gonna get ready again leavin chili full
6743,1,cheese toast ham get ready go london
6744,0,poynterjones join jealousy l
6745,1,new golf vi tsi hp fast
6746,0,well thats day watching panther tonight beat saint finger crossed cause qld team playing round
6747,0,zo e aw well im sorry like july reason
6748,0,aliceqfoodie wow mom lot energy getting tired reading tweet ur living it
6749,1,finally found perfect matte lcd cleaner i nix screen cleaner ftw
6750,0,follow mzthave cause really shop there even though showin love
6751,1,traveling alone make meet new people new circle stranger become friend
6752,1,tommcfly read online article mentioned meh happy stuck guy just try get rid
6753,0,pd aw poor you ironing eek lol raining too prob try get kid later nt exciting im afraid
6754,1,sittin home hellllllllsssssss yeah got girrrrrl boysssss amp mangy cat good time life goodnight twitter
6755,0,gotta go going circus real circus britney s tour sadly
6756,0,blackout city never good
6757,1,less hr graduation going tonight celebrate
6758,0,hollytheboss lol sorry bout today did u get them amp else r u guyz doinq cuz c im eligable howeva itz spelled lol
6759,1,petiteantoin oh that s cool thanks
6760,1,joechacko thx became ibm master inventor really enjoyed blog particularly vegan tag
6761,1,starbucks lovin
6762,0,damn missed xsparkage s blogtv hope funsies
6763,1,vinylvickxen kno doooo yall partyin
6764,1,found baby cousin gonna dad least married already everybody getting married kid
6765,0,epic ocd moment deleted sims file spent hour building set favorite food wrong
6766,1,finally packed thinking time sleep ready chicago
6767,1,robdelete yo think last night good see ya
6768,0,wreck getting real sore now fault insurance planning go wedding tonight
6769,0,awkwardtown know think going miss it though sacrificing money job happiness suck as
6770,0,last day ko olina north shoreee
6771,0,seoulbeats romance zero funny
6772,1,jakpedz come out
6773,1,fab sunny day
6774,1,thanks feedback everyone
6775,1,lollipop really good interview read really enjoyed x
6776,1,brooklyn suppose sleep in i ll call ladybug
6777,0,bit dump today awful day maybe good time write song y
6778,0,jonaswebcast missed it
6779,1,love two favorite show acronym lol
6780,1,picked copy printed brochure bwrc excited
6781,1,joshcough also dense treatment cps continuation based interpreter design sicp good
6782,0,dbdc lol hate happens hyped know it lunch sound nice hope nice time
6783,0,overwhelming finally catching cousin bff since three seen year ah memory miss
6784,1,ang cho con hamster m p t p th d c b ng cï¿½ch b vï¿½o banh ch y lï¿½ng vï¿½ng trong phï¿½ng
6785,1,ddlovato wish there live holland going see paris
6786,1,food look amazing dessert frozen grand marnier souffle course eat bar
6787,1,dinolich know still want see
6788,0,pink wow now your really kickin carey s butt competition see soon
6789,0,hr say ca taking tax check
6790,1,got macbook
6791,1,free unlimited ringtones http tinyurl com freeringring usa awesome iphone
6792,0,selling bonnaroo ticket can t get time away work anyone dc area interested meet up
6793,0,summersunrays that s sad
6794,0,mitchelmusso can t can t can t sad venezuela
6795,1,got alot runnin around today get job app completed file glad got job
6796,0,day allweb i m still tired
6797,1,going see sweeney todd stage best friend bday today i know going one sings along
6798,0,absolutely gutted going badu tonight guy fun got home need head downtown now gd heat
6799,1,gamerbabe feeling little sleepy now reading gunter grass wonderful tiny print eye done
6800,0,iaquarian heart mela much cept last time went booked u saturday instead friday feed u
6801,1,ladyredcrest miss hazy safe trip indy home
6802,0,didnt leave voicemail inlove
6803,1,last night fun w lightening thunder today s
6804,1,good girl school today wa it yayy
6805,0,wish hanging kobe right
6806,0,can t sleep throat dry hell ugh still gon wake fabulous
6807,0,keep trying hurt me tear cried past month enough
6808,0,know rule say always point knife away you learned lesson one straight finger
6809,0,killzonedotcom ti sad day
6810,0,yea baby im gonna miss much
6811,1,show gratitude someone something nice you small quot thanks quot go long way mike wesely twitip
6812,0,gonna sound really sad amp depressing really really miss uncle sam
6813,0,modem offline week now god bless g network tim left again may schedule brutal
6814,0,got new high speed machine stuffed latest technology development office z crashed
6815,1,new twitter coolness conversation neighbor http is gd ybd thunderstorm
6816,1,thanks steph must keep updated ur turn
6817,1,rgoodchild yeah made great noise tripped house circuit breaker good time worth part
6818,0,unopened pack goat cheese starin face starving din til
6819,0,strained muscle lower back today amp amp hurt hurt running weekend
6820,0,redstarfuture awww no ugly
6821,1,get plane come drink cristal
6822,1,hoopsiscrazy u think web design wld go well international brotherhood magician maybe magic success sxswi
6823,0,jwalsh damnit all suck one one thought drag back lol
6824,1,today check day week artist s way hurray time celebrate another good completed journey
6825,1,happy mother day mom
6826,0,people txting sorry phone dead can t resurrect it hopefully verizon replace back tonight
6827,1,scapersuse hey song that would like listen
6828,0,missing meldibiase day can t pas quick enough
6829,1,tinas fun meeting tina definitely soon
6830,1,arizona abby thank you check
6831,0,bored freakinspecial hope wlan go today
6832,0,oh usual warn new follower tend over tweet canuck game apology advance
6833,1,like bride s sense humor wore wedding gown once by accident http bit ly tnshf
6834,1,punnie use it heard powershell nice
6835,1,omg rat ewwwww omg cant wait tha marra ecxcited annabel cant go tho
6836,1,aloliver am going hike today
6837,0,billbathgate any sorry wahh lub u toooo
6838,1,shaymonkey comin wit u
6839,0,doctahana can t really anything that i
6840,1,rachaelphillips wow really pretty talented lady impressed
6841,1,ok found way now think tonight let s let go dance time
6842,1,dinner awesome im happy mom enjoyed bday able spoil yay lol
6843,1,ctakeaway great remix it double wow
6844,1,happy star war day everyone may th xxx
6845,0,hungry
6846,0,got home downtown dead plus im kinda weather gotta get work tomorrow
6847,1,rikmach yeah remember hug
6848,0,second year
6849,1,nice night golfing
6850,0,luck goin forum im person earth goin
6851,0,jessiimiica like saddest person jtv right
6852,1,say goodbye karenbrady agneslikaite two best intern elevate ever
6853,0,kezzawezz want dinna hink get shown elgin n got nae go with n
6854,1,cottonandcloud moooorning fancy coffee
6855,1,senior done day woohoo going night
6856,0,feeling stressed strung out awake am mind buzzing mr dr talking
6857,0,one people wrong world blame people there great world living in shit
6858,0,time chat sorry girl miss y all new lawnmower yeah today s highlight tomorrow is
6859,0,oooh battlestar galactica channel rebellion episode man feel sad became gaeta liked
6860,0,last day working uni today sad time
6861,0,hip wide rock mario kart short bone structure year old boy
6862,0,parboo lol birmingham st love time move on good morning
6863,0,lovereed thx girl woke up cnt believe sick fever wish could pound nyquil suck
6864,1,ksidney wolverine great must see
6865,1,nope get nice also
6866,0,really tired work whole day tomorrow thought depresses me uncoooool
6867,1,home beach foot burned proud sunscreen
6868,0,going panahra dinner miss guy
6869,1,ubernostrum really ought pay attention phone tweet sure moives better
6870,1,yay last class semester
6871,1,jonathanrknight awww sweetie hope mom wonderful mother s day
6872,1,look like yet another beautiful day london
6873,0,woke missing alabama terribly dad say moving there soon thank god
6874,1,junelover email em email gave u thanx awesome person
6875,0,working weekend
6876,0,feeling really dizzy soo good
6877,0,last full day high school today sad may never see lot friend ever again
6878,1,wishing good night everybody
6879,0,epiphanygirl upset get ticket time fav artist one venue
6880,1,faninfo absolutely good backup romo december
6881,0,jovenatheart never follow sad lol
6882,1,nice win dodger giant
6883,1,happy star war day
6884,1,first lie in month great mooching house
6885,0,miss th floor view
6886,1,happy friday not happy rain
6887,1,relaxing fragrance soo in latest love still lavender amp chamomile the basic one trying find flower scent
6888,1,impaulgriffiths pauly wallly made life fucking happy hell love x reply back
6889,1,enjoy hols xxx
6890,1,went see priscilla ahn last night amazin band actually
6891,0,dont like random gloomy weather
6892,0,tryin fall asleep work
6893,0,hot texas ac upstairs broken really hot house
6894,0,joycewaddle like almost sholders
6895,1,right need breakfast let s see make tweeting thinking bloke multitasking lol
6896,1,srmpromoinc lol sound fun
6897,1,tomfelton http twitpic com jam oh beautiful happy great time heartz
6898,0,didnt get hug today
6899,1,sydeni f babei best two second movie
6900,1,spilled beer leg wasted half beer home now met cute girl good conversation
6901,1,good morning ate pizza breakfast
6902,0,crisis forgot fringe comb men no one help
6903,0,tahninial nothing make up last time checked jar curry sauce pepper inside disappointed
6904,0,mitchelmusso allowed call live uk parent say cost much suck
6905,0,queeniecyrus morning miss sarah cyrus what s up x
6906,1,guy follow ginoboi rx twitterwar dd go ginoooo
6907,1,friday freakin happy today annoying day buuut weekend tgif lt
6908,1,missxtatti thanks adding
6909,1,miraihl sound like great day enjoy
6910,0,kat yeah done work weekend sooooo bummed
6911,1,asks thnx griting take care god bless http plurk com p rqo
6912,1,sabrina yes cant wait hope vip pass help since people already campin hahah
6913,1,joycsc thanks motivation returning rate inputting coffee
6914,0,wish work today
6915,0,jaz paige aww hey know you lol sick outtie me
6916,1,whatever workweek s over time go play new phone sim card transfer contact list
6917,0,smellthecheese know sad
6918,1,dougiemcfly hey cant wait u guy come jersey woop hope ur lookin ward coz r x
6919,0,kesoleil oh man yogg today worse last week
6920,1,finally working subbed copy pika nichi heeeee
6921,0,yomama go room first time week cleaning
6922,0,marvelvscapcom doesnt work already
6923,1,oh watched third episode jonas awesome
6924,0,jjanebb include getaway music fail
6925,0,first time going home early suck b single one call
6926,0,want part window clubhouse wl space blog random place share window stuff
6927,0,bunnybridget would love learn trapeze wanted since kid sadly there s place live teach
6928,0,seagull hate im utterly depressed it miss him
6929,1,fatz galore aaaw bad good mood phone someone lol
6930,0,hamilton get hockey team really think name hamilton team name not sad
6931,1,cool lil night berrie s eat pizza waitin noelpresident
6932,1,woah awesome show glad back hotel though nightie night happy mother s day mommy s
6933,0,early
6934,0,shower taken room right bed yeasterday shower balcony sea wiew bit nicer
6935,0,feeling fab today missing boo
6936,0,greggrunberg showin love ya really gonna miss greg beeman s directing next season ya ll s commentary r funny
6937,1,quot nappy s quot da new quot n quot word by da way ilove quot nappy quot braid igot quot hang time quot homie lol
6938,0,leg hurting standing day
6939,0,riley alphabet fashion show today forgot camera cute
6940,1,chelsea anstee hope expo would amazing im trying hard make perfection is
6941,1,wookiesgirl thinking quot i never see tweet quot well duh follow you can t can
6942,0,aaaaahhhh friday but funeral
6943,1,finally gonna try fall asleep goodnight like morn sleep
6944,0,tgif also sad last day get work favorite tv reporter
6945,0,rain almost perfect day clothes wet
6946,1,mathewdavid iknowww many people know tho like keep little secret
6947,0,spend lunch murderin hit
6948,0,tina beanz damn sorry hear tina
6949,0,cross cause stuck twiddling thumb now ugh
6950,0,ng got it poor thing gonna choice much longer though
6951,1,watchin family guy
6952,0,helloinsightful cereal doesnt come toy anymore jus thinkin buyin wrong kind say aint mo
6953,0,iamnauj can t wish sleeping gotta work less hour wait what re u up
6954,0,tommcfly hey tom happy enjoying brazil sad cuz goin see show
6955,0,mathewhulbert there s film tv job especially wmids can t afford move away yet sorry missed
6956,0,missing hobo slut tramp way life cooking mother saturday night mama luv u
6957,1,galacticfaerie sound great looking forward
6958,1,watching freo sunday arvo good hobby
6959,0,clumsyflic kid got second chance shudnt have mowgli didnt gutted
6960,1,archnialeitl hello friend you found gbw doing glad see twitter learn german
6961,1,stopped raining fuckingtastic
6962,0,mizzlalabaybii kewsboogie im lonely right now maybe sade got feeling like
6963,0,juicytots getting ton spam mail inbox too driving insane
6964,1,jtimberlake thank happy mother day mother also snl tonight
6965,1,car home yay boo paying mom installment gave today need win lottery
6966,0,cab slow probably miss first beer
6967,1,way take photo park
6968,0,little mile run done minute exhausted impressed hrm
6969,0,jessereed u watch day earth stood still u see bye u got d c im sad left ur gone ily lt
6970,1,emily glad hear weather s nice rained every day last five day fun exploring
6971,0,get tonight s sytycd online anywhere streamed like hulu paid like itunes missed favorite judge can t sleep
6972,0,miss rich
6973,1,new star trek movie awesomeness unnecessary brief underwear scene pun intended besides that awesomeness startrek
6974,0,usually creative mother s day lately feeling creative o k good night uh morning
6975,0,kirbis trusted matt life picture funnnn night though
6976,1,well interesting attempt commute work exactly plan end though great
6977,0,taking brother airport gym
6978,0,headaaaaaaaaaaaache
6979,1,bugmum oh twas brilliant idea say say idea woman
6980,0,katrinalmoreno im idiot missing last show
6981,0,kelauli sad right now
6982,1,serenajwilliams hi serena want say good luck madrid paris month
6983,1,bos night out
6984,1,chilling feeling really nice
6985,0,peep coming chi twn today weekend hang w dont time always workin
6986,0,saying goodbye jesshowe year awesome helping fit team veritas
6987,0,today feelin like crap
6988,0,found quot friend quot isnt actually hey shit happens
6989,1,oh memory http blip fm yxd
6990,1,and accumulating money again use fancy finance app thinking getting another cd ira saving house crazy
6991,0,even bother anymore everyone makin feel like im waste space
6992,0,burnt zuccini
6993,0,cuterain following follower not nice
6994,0,finger hurt
6995,1,arnaudjacobs haha yeah improving nite big time make skype call soon tho tear away
6996,0,oh check stock port marketing unable buy ticon best price
6997,1,yvasquez thank sister
6998,1,williamduncan archetype thing comm class studied archetype popular medium reading link now thanks
6999,0,back work migraine lingering can t wait weekend
7000,1,ethanrock thanks head up ethan watching
7001,0,wonder karma point turned http plurk com p wxj
7002,1,bass drum head breaking equal bust need ticket may th you
7003,0,ugh miserable looking day degree summer go
7004,1,poeticblasphemy see finally got set avatar cool
7005,1,time bed hope saturday lovely mine wa
7006,1,paula deen look like delicious recipe try tonite
7007,0,twitterberry hate
7008,1,hey fun friend now cleaning
7009,0,o looking old stuff found record old band well a band month ever heard
7010,1,geramie yeah thinking ahaha
7011,0,full moon lovely friend family b day wish came true lt addition gray matter one cutest movie ever
7012,1,primaveron need would ve made picture much cooler mine bottle green eeyea thooo
7013,0,finally got call marriage counseling day late
7014,0,got english yay d math
7015,1,another fun night chilled wit homie green turtle n park good time good time
7016,1,new stripey top day
7017,0,every saturday till work suck friday monday july th either
7018,1,got home city light show yeahhh
7019,0,lucysiebens think disgusting
7020,0,really want see up one want go
7021,1,broooooke kk s fun eating lol remember shaun love haha
7022,1,signing night watching quot the reader quot sure snooze point good night
7023,1,marano aww thanks babe plan tomorrow
7024,1,havin much better day today finished last twilight book yesterday class start next week get yall
7025,0,work missing miami fam anywayz abigaildsouza mrohboy carolina jonathan prtyprincess jessdosil amp amp amp
7026,1,going littleskillet lunch today earthandy who s in still need hit atm
7027,1,used last dvd r window iso next batch lightscribe dicsc want see work
7028,0,computer alllllllllllllllll day
7029,1,rodsmack k much appreciated yeah sure challenge great reward trade anything
7030,1,fantastic saturday
7031,1,good day today tomorrow even better
7032,1,hey robluketic back robluketic live gt http ustre am wv
7033,1,raining fine rain u know fine rain wet
7034,0,angel oh totally want see star trek kristine already seen hubby
7035,0,home feel like going work tomorrow
7036,0,slept hr body aching
7037,1,great talk tony afternoon going give another go
7038,1,havin friend hangin christian tonight gonna roast marshmellows chocolate cramcrackers
7039,0,brainstuck didnt get joke
7040,0,hey everyone guess what rooney coming today
7041,0,amypredsfan oops too late already popped bridge since missed tv i lt blair amp jo too
7042,0,got cofo late close today close monday back meet buyer tonight show home
7043,0,pretty cold outside today got another exam
7044,1,misskittymarie event writing song finished tmnt v mmpr song excited record wednesday
7045,1,finally got twitter follow tweet lt
7046,1,ah bank holiday morning reading elle bed getting excited roast dinner sheering later
7047,1,family bbq today amp fave cousin come
7048,1,tribal cafe watermelon slush natalie singing ashley quot s birthday love around
7049,0,dinosuit idk stupid th grader
7050,0,http twitpic com p jthawthorne ohio lover tattoo got design shirt haha lost shirt
7051,1,it back pakistan http bkite com kbp
7052,0,low low low low low low low low low
7053,1,th month
7054,1,yesssssssssss rocket moon going warped
7055,0,stomach cramp sat bed hot water bottle hot milk amp toast feel like wi girl minus stomach cramp
7056,1,good day
7057,1,shufflebite im gunna juhs another way talk ta yu lt
7058,1,love time starbucks
7059,0,noo xbox got red ring death
7060,1,buckhollywood hey buck love u load love quot what buck quot
7061,0,dougreport read floyd article say private
7062,0,raptorsforum sigh know am
7063,1,finally going bed everybody whatever doing blessed
7064,1,got back footy thankgod eagle
7065,1,want greet mom s happy mother day may enjoy day
7066,1,good mornin today end early woo gonna work rick s surprise project due tuesday
7067,0,bored miss everybody already
7068,1,thriftymommy enjoyed seeing everyone presented saturday clark howard event especially pre clark speaker
7069,0,ti died know why
7070,0,doonytime minstrel might grab petrol station head back work delicious
7071,1,peoplebrowsr nice new profile picture glad see friend
7072,0,slovakbrewer yeah wanted bottling sanitized good taste like choc orange
7073,1,dinner crown south moreton david stroppy teenager
7074,1,davejmatthews concert tonight fenwayyy hopefully rain stop
7075,1,beautyholic woohoooo both retail therapy surprise visit two thing love
7076,1,oh yeah grill out it bbq tonight house
7077,0,splitting headache
7078,1,sunnyphoenix like no n tha dj comp hella wack gud dj got free gud
7079,1,can t wait november jobros concert examination
7080,1,moving today excited
7081,1,really really getting excited
7082,0,back reality boo
7083,0,head cold
7084,1,taylorswift welcome you taylor although raining can t wait concert x
7085,1,michaelmknight good morning nothing particular meeting people drink evening monday
7086,1,bwmson you know say w nothing love dude
7087,1,lonely gosforth gallery excited meal six followed antony johnson tonight woohoo
7088,1,nice pre mother s day dinner out cocktail retiring evening
7089,1,mint choc ice cream whilst studying now thats good
7090,1,mileycyrus quot i wanna go prom one day quot i wish u go prom even though im guy but thatwouldmakeof myfriends happy
7091,0,dtballa want forgive forget this please dont like promise going live without drama now so please
7092,1,one day pray get better
7093,0,bah still work lol foot hurt nose stop running
7094,1,oh joy gong long weekebd yipee â¡
7095,1,happy google wave trending can t watch video it certain flash video blocked company s network
7096,1,chesterbaker really laughing loud seeing limo front macdonalds funny
7097,0,okibi ah found weird screen name name war jazz
7098,1,happy monday going tavares today hope everyone blessed day
7099,1,eashmore like real time guy ha g night amp happy birthday kid
7100,0,sad casue everyone going seperate way never going see friend again
7101,1,brookeamanda yep awesome max haha
7102,0,meant mama
7103,1,thanks much everyone came speakeasy last night hit wonderful see fun june awesome
7104,0,theerealfdhc welcome glasgow felix sorry cant tonight
7105,1,danni really wish could go
7106,1,theolifants de wereld need ppl like you
7107,1,frozenthesword yay hope day work wonderful si bank holiday england today everyone work
7108,0,itï¿½s ffa evil grin iï¿½m busy work today wonï¿½t get anything done
7109,0,downside getting tdl day early time read til next week anyway still hurrah clutch close
7110,0,cindyefolson signal make internet quot go quot pretty bad getting tech get fixed up though
7111,1,kristensavage knew it use love show happy weekend too
7112,1,darenyeow oh wow really good think im going use one lol
7113,1,wondering big rumored new large screen kindle http is gd wyfi and start seeing k textbook
7114,0,millys yummy asian food haha listening let go sad song
7115,1,gfalcone tom u hahahahahahhah bff
7116,0,man daddy left work never see lot miss daddy
7117,1,mrsgizara fort belvoir base hub stationed pentagon cant wait pug pup looooove mine
7118,1,thanks ksatnews doublepunching update tonight vote
7119,1,six foot theme jjj
7120,0,woke late amp trying get sh t done work
7121,0,empty house ine share
7122,1,taylorswift oh great hope blast there
7123,0,lulion praying you sorry hear bro man
7124,0,feeling pretty tired lonely
7125,1,pleasebemine australia get may th off enjoy
7126,0,writing word newsbites http plurk com p wybh
7127,0,robertpound groom think die old maid lol
7128,0,bushidokan class got canceled sign karate someplace else
7129,1,goooooodmorning
7130,1,happy star war day everyone enjoy holiday uk
7131,1,bunnymousekitt hahaha yes discussion always seem jump around randomly
7132,0,upset left phone home
7133,1,diy dying mg clothes black again save money
7134,0,saschaillyvich guess mean beta read either story huh
7135,0,hate watchn thing make sad n wana cry
7136,1,iamkeshia happy birthday keshia keshia bo beshia
7137,0,paper work friday afternoo
7138,1,stevensmith indeed twitter mate happening here enjoy hope see arou http twurl nl joxe
7139,0,queenbofmakeup need post time tour apology supporter
7140,1,listening olivia play lol
7141,0,blah car repair almost dollar shopping around better deal
7142,1,utterhip u r welcome pal u truly deserve followed
7143,1,good day going get bed
7144,1,pcsketch actually wanting buy bus one day amp turn motor home imagine whopping big blokeslib logo
7145,0,heresmyhello hate change course fan life lt oh met rob something went horribly wrong
7146,0,feel like fish im big glass car dealership looking world people walking fun sun im stuck here
7147,1,snl hosted justin timberlake startssssssssssss now woohoo
7148,1,watching justin timberlake snl
7149,1,skinnylaminx saw whole lot stuff africa joy casterbridge farm white river mpumalanga wa quite thrilled see ur stuff
7150,0,god piss always enter comp amp never win i sore loser
7151,1,maydbs looking like june nice right
7152,0,wishing could go boulderdiaries soco go climb instead stuck work weekend
7153,0,fuck can t feel like cry bit realy want bothering sooooooo much
7154,0,omarjdavis lolol i trying morning sadly couldnt
7155,1,hotpants two month something kinf prom really excited contact her
7156,1,currently enjoying work bank holiday frasier jeremy kyle far enjoy extra day tweeter
7157,1,good morning everyone great monday thanks following
7158,0,suzi meow yeah u better
7159,0,cant believe venus lost real shame smh think im getting sick crap week doesnt look like wknd gona better
7160,1,dhughesy host next logies laughed bit really
7161,0,pistol bee busy talk buddy yahoo
7162,1,making german apple slice nom nom nom
7163,0,lunafactor kinda wish went now can t fall asleep
7164,0,got people let skip sci pratical becos skola impt dont waste parent money nt fair
7165,0,sad day love maï¿½ year ago
7166,1,cocodemerusa joined facebook
7167,0,locked house shit thank god there s internet
7168,1,coool weekend wasnï¿½t great eeeh whattttever friday better expected be i http tumblr com xiqwu
7169,0,feel bad kid sick
7170,1,mariaandros gun rose baby yay hopin would blip fm
7171,1,stephenfry hong kong great crazy quot english name quot friend work quot miss chewbacca leung quot
7172,0,really miss photofiltre photoscape gimp damn confusing
7173,1,http twitpic com uq hotttt weather getting blackk start rain
7174,0,itxi itx credit unfortunately
7175,0,ok home made pizza tonight horror run anchovy
7176,1,watching twilight lt watching audio commentary sooo funny
7177,0,george sad can t go car ride dad http apps facebook com dogbook profile view
7178,1,thx tip figure one out
7179,1,good morning gym go
7180,0,the wockeez donniewahlberg wanna miss show you guy kick it sad say my plane shop
7181,1,can t wait home again let sun shine warm frozen bone please
7182,0,working allll day long
7183,0,iamdiddy think sale ciroc stay damn thats luck
7184,0,checked bank acct mornin got lil sad then decided would imagine end make smile whateverworks
7185,1,dhanraj good luck final
7186,1,met sarah kelly wow amazing woman god gave free t shirt gotta love free merch
7187,0,miss k renee saturday cool friend job different position let know town again miss u
7188,1,khali blache night doze well
7189,1,woke up hopefully going see xmen film today
7190,0,melissa paige amen clearly know you able say that wonderful get too though suck
7191,0,comin back mall didnt get anything cause money stuff tuesday pay day ilu joshy
7192,0,grandparent cat may die love cat swear go
7193,1,barbsaka love finding regional group twitterer glad could connect new people
7194,1,england summer holiday year yay
7195,0,petercoffin maybe pas lay making swineflu illegal law abiding citizen get
7196,1,gave homeless lady named ruby ice cream sandwich cigarette gd deed day p
7197,1,sallylfc best sunday
7198,1,http twitpic com jdtx springtime nice
7199,1,need cheer up
7200,0,zhighlife people r weird
7201,0,josie s surgery officially unable procreate way it poor medicated baby
7202,0,whopee tgif fun job
7203,0,mom woke u p mad dreaming shoe whants go river stupid
7204,0,got home wanting read last chaper breaking dawn cause dont want
7205,0,superstarnikki one day
7206,1,ok hit point relaxation heading bed sleep well happy mother s day mom there night
7207,1,quot leave piece quot wrecker hmm
7208,1,babi pangang friend tomorrow working time
7209,1,early lunch getting dressed amy s confirmation
7210,1,lovejones haha lol one effing cool you got wu tang p e t shirt gorgeous represent time
7211,1,littlefletcher saw play here amazing
7212,1,washed clothing type xd woooo
7213,1,capemaybooks alright want overdue now lol funny nite nite
7214,1,eating chocolate ready break
7215,0,braid free miss thee blond come
7216,1,spending qt hubby
7217,0,grovesyrmi sorry
7218,1,hairrocks happy birthday
7219,1,love jonas brother trending topic maybe taylor turn next
7220,1,spending girly day wif four big sister shopping pedicure dyeing eachother s hair ohh yeah
7221,1,roast yummy think mum impressed
7222,1,jefftracey forward starting teaching new student hypnosis plenty laugh sure
7223,1,live pv migrates vmware vsp exam magento config quiet weekend party central
7224,0,called blown yet again
7225,0,pain earlier gym session necessary evil much beer past year
7226,0,trellthms r u tonight bro i wanna go
7227,1,jerricklim lol yes took awhile get accustomed it back apple v a x c btw apple amp still home end
7228,0,want goto lonovala frenz wedding bt no transport arrngmnts wrkg
7229,1,colbertobsessed lucky mom paid everything me take shopping
7230,1,going jack s dinner bff
7231,1,tferthomas thank you
7232,0,im home on friday night good
7233,1,mshollywooddiva hahahaha watching too miss ocean
7234,1,oo studied today outside ben jerry s wearing sundress hopefully get awkward tan line haha
7235,0,possibly going tonight anything lancaster miss baltimore
7236,1,see evil starring wwe wrestler kane watch
7237,0,thenetimp yeah gonna long me
7238,1,oh god cheesy disco music started everyone getting table need wine
7239,1,capone island day summer starting
7240,1,blokeslib absolutely quot his view quot section site know busy welcome guest post
7241,0,asiarain expensive worker welfare shit
7242,1,discovered great site
7243,1,last montday s award ceremony http twitpic com jkvl
7244,1,gkwo did didnt really watch haha
7245,1,good day selling feria urbana lady love laser cut felt
7246,1,cause effect me currently loving hey monday thanks lot alexrellosa
7247,1,it claire lol buy u big star war pant xmas
7248,1,quot we oh yea yea yea eating tonite woo eating tonight eating tonite diet quot finding nemo
7249,0,farewelling employee tonight
7250,0,cheetham ala can t broadcast lunch bandwidth room
7251,0,excited visited twin best friend dinner star gazing movie cool http gykd net
7252,1,chilled room baby book missed bro leavin really cool stripper shirt said suppoort single mom funny
7253,0,djcrmix raining every single afternoon s florida fair hehe
7254,0,wish school but sadly still like another month left
7255,1,know mom gave clean macbook white now tinted grayish blue black desk
7256,1,proudkiwi thanks message worked see reply
7257,0,went athletics carnival today tired tired hurt back jumped second time high jump
7258,1,maybe could drill hole me lol oh snap sorry resist
7259,1,happy mother s day wonderful mother world included
7260,0,oh gosh hollyoaks sad tonite
7261,1,phil download iemoticons appstore ï¿½ cool
7262,0,laurenbakarian miss
7263,0,ticked cause can t go see quot drag hell quot melissa amber staying home friday night thing
7264,0,theyre sappin mah sentry errr yea without power home right
7265,0,found swing set sale block home super cheap want kid one answering phone listed
7266,1,woop bought elliot minor album itunes finally working me
7267,1,mom came home finally got guitar strap yay
7268,0,indysawhney seems like u r pushing wcm site really cant beleive pro havent heard joomla drupal
7269,1,corrina bitch miss you
7270,1,tizzik thank you hope you
7271,0,boy kill boy would really great except im allowed talk boy phone long story my fault
7272,0,watched ten pound last night brilliant movie i couldnt stop weeping
7273,1,flisstee oh fabulous ta coffee too obviously although cup large enough embrace deficiency
7274,1,ralfrottmann thank s see i m back smiling
7275,1,madberry testfest weer een groot succes
7276,1,morning everyone hope great sunday
7277,0,alo sad quiet empty tonight
7278,1,knatchwa buenos dia sweet thank
7279,0,think may cry sold civic longer mine
7280,1,sweetnote smooch well great day
7281,1,thanks prop
7282,1,radio active never get old never th time listened cd it repeat today still love it d
7283,0,really need put laptop amp start getting ready melancholyjeans shindig but missed twitterloves day
7284,1,happy star war day everyone may th
7285,0,working graduation shame
7286,0,frank ups last day today sad see go best delivery guy ever hope new guy fucktard
7287,0,matrix online shuts next month wow i feel kinda sad
7288,1,thanks synn
7289,0,dsml dont depress mother in law staying weekend someone else wait kid
7290,0,miss nicc today
7291,1,shopping beckyyy going starbucks minute
7292,1,got rite ear peirced brother got first peircing left ear also got new septum bar one black c bar ball
7293,0,chuybe left first left bed look
7294,1,f amp star trek what great sunday
7295,0,catching last bit later jools last series sob cry
7296,1,time life
7297,1,acousticalt listening
7298,0,ecorazzi grrr people suck cry animal die nature show people sick hunting endangered specie
7299,1,sleeeep good day nice night comfy bed
7300,0,rather beatweetup instead taking cue vromans shutting down wirechairs annacarollo reprezent zent
7301,1,butler watching dr farmer rock w hispanic jimmy hendrix drinking cosmos
7302,1,bean toast breakie gotta clean room study final cisco exam watch lost can t wait
7303,0,got home work tired
7304,0,im soo bored im deffo missing music channel
7305,0,ksegiii cousin moved like year ago miss much looking facebook im sad
7306,0,feelin depressed miss soo damn fcking much besties i wish wouldnt left yt
7307,1,wishing everyone blessed amp beautiful mother s day
7308,1,sabrina thought simple one found hilarious
7309,0,porter making sad panda
7310,1,morning twitts heading home great sleep w bf tennille
7311,1,another week begin one got better last
7312,0,still pool key wth even hot today
7313,1,dalekwidow hearing lot good thing new trek movie see dad quot a fellow treky quot would like see
7314,1,timmytenga awesome looking sourcing well
7315,1,quot dream better world coming quot someone could live word dude
7316,0,ugh hard upload picture twitter
7317,0,meowmeowhotmix chick wont shut stop chirping sit bloody thing
7318,0,yagulmez yea got outta one too i want back tho feel way i m cool dude lil
7319,1,watching best movie ever neverending story wish babbby me though
7320,0,selenagomez bye selena bad didnt get talk u u
7321,1,glad good job
7322,0,sophieveronica ha ha abbreviate bulky
7323,0,jamie poor baby need aloe nope sorry hint
7324,0,davecandoit dude honest god happens time minus trail mix
7325,0,jhonenv need horror lovecraftian actually enough weird horror movie
7326,1,steffaniyu haha see go wear blue heey ur watching jonas hahaha watched ep yet hope show soon p
7327,1,victorglenn saw pic awesome
7328,0,tummy ache probably helped eating that many tic tacs
7329,0,traveling l a see grandpa hospital another road block family cross
7330,1,got vast show amp kicked as mindblowing live cd sang fave song im n awe
7331,0,generaltekno getting rotf toy till much later tell anybody isn t is worth getting
7332,0,fayewhitaker shame freud can t follow implication
7333,0,nathanblevins maybe next time can t away weekend much like jump car go pout
7334,1,ashika sunshine figured that ended taking cousin work rain anyway hit
7335,1,doodleworld thx great day amp gonna long weekend excited yet missin tweeple badly
7336,0,bigggest headache
7337,1,okay day hanging brianna saelina good
7338,0,sitting katies house jo two away stuff swine flu bronchitis thats diff story
7339,0,austincarlile sad want go sd zoo say hi giraffe elephant polar bear me
7340,1,writer quot they make wonder why foisting little pipe dream story head onto people quot like writing
7341,1,aspaphoto same well peer trained peer taught peer learning
7342,0,gray hat python book reminded many security tool python version specific pain need use
7343,1,quimo haha mon do really want send it
7344,1,thelovelyj lmao back queen
7345,0,summer one texted called me im loner
7346,1,devyra haha love hmm lol need good band
7347,1,quite amusing watching pangaea sing quot f killah priest quot guess featuring album
7348,0,fall asleep know feel lol drag hell tonight quite excited
7349,0,hate cant sleep
7350,0,paulamackay think thought it sneezed
7351,1,giogadi hey luis thanks flash prof s code thank that cough
7352,1,picture burn taylor swift great song
7353,0,susiegroove yes thank you contacted ce response
7354,0,high azza bitch day goody missed u twitter
7355,0,getting bored walking stair
7356,1,thequietone went well andrea
7357,1,mother s day family dinner rainy sunday night
7358,1,spitphyre well good luck twpp hour time think way home fun
7359,1,donniewahlberg sound like great night glad successful
7360,1,pj dayy doesnt happen veryy often
7361,1,yay good way end night
7362,1,phone ultra fast latest firmware update installed
7363,0,switch cellphone huaaaaa cant sleep buzz bebe
7364,1,elephatt lol thanks you nice meeting aswell looking forward tweetversation
7365,0,anyone know watch prison break tv movie itunes
7366,1,yes really back wait day arrive finally here gale back po http tinyurl com dzzaf
7367,1,deepaprabhu thanks thanks
7368,1,mangointhesky idk original great
7369,1,finish sketch und go skate yeeeehaaa got new deck
7370,0,thatkadygirl every day life lately feel ya girl lt
7371,0,awake anybody else awake wish lived u since fun happens asleep
7372,1,horrible thought go back work monday good thought work minute life good
7373,1,went outside picked flower marina love picking flower haha
7374,0,knee sore physio
7375,1,ton fun yay prom lot fun horayyyayayay
7376,1,fionakyle thought pretty funny
7377,1,georgiaprincez like enjoying hell it
7378,1,jordie little bit
7379,1,http twitpic com wdgr yay blonde again feel girly
7380,0,musecrossing much a sugar b taste lord put ya down fun way
7381,1,happy mother day
7382,1,sunny feel really well today yippeee
7383,1,day start moving
7384,1,theunclean thanks busy fuck good book
7385,0,can t beat time low soooooo want go metro station cheap shot wont able break bone
7386,0,cant girl like whats walet
7387,0,wish laying sand listening wave crash shore
7388,0,bummer missed taylor swift today show plan day
7389,0,talking vincent miss baadly
7390,0,pay sale tax great even worse mom pop business double pay business license
7391,0,cbobcreson silatjunkie so kfrieze pointed able involved convo lack iphone
7392,0,book read movie watch n stuff buy i m bored
7393,1,got home nice party tired yet
7394,0,eminem am freaking awsome im going back too seam like something big inside me no is alien
7395,0,got really sick today text later nap time
7396,0,tired friendster account
7397,1,trswift yep meeeee awesome hahahha
7398,1,new phrase you never doubt mo williams six game win streak
7399,1,soapylove congrats invisalign need get refitted mine got lazy stopped wearing them
7400,0,loved one leaving sunday sad
7401,1,morning sunshiines
7402,0,many good show coming money buy ticket fmfl brand new troub
7403,0,work apparently sun shining valid excuse stay home
7404,1,finnished double cheeseburger good ready watch spanish f
7405,0,davestyles haha yes b men lie show one marry
7406,1,what tha lol congrats
7407,0,jus chillin doin hr friday afternoon tend end quot busy quot
7408,0,prettyrd feeling
7409,1,wow hugh jackman totally bulked wolverine movie but helloooo nurse dreeaamy yup crushed spirit mend
7410,0,facebook farm town become slower slower
7411,1,wanna see upppppp
7412,1,rcc that s funny well say bye b c really delirious lol worked hr think crazy anyhoo bye lady
7413,1,http twitpic com we summer here
7414,1,mother day shopping wow big thanks sister coming me sorry getting drunk though
7415,1,cooked lunch todayy givin mum relaxin dayy
7416,1,mcdonalds car http tinyurl com onoger
7417,1,better come time count else bam
7418,0,annieareyouohk no annoying make u girl follow sport knowledgable look dumb
7419,1,jessicacorban stellar look great
7420,0,want go home senior
7421,1,got new follower yesterday yay need til
7422,1,good morning folk ya gonna today mother day
7423,1,today day twitterland house closing begin get start moving new place
7424,0,comfort food day pan mee though didnt taste good
7425,0,waiting danny text back xoxo
7426,1,andreashale yeah
7427,0,selenagomez come back canada soon miss you
7428,1,ishanikki congratss
7429,0,guillermop should
7430,0,tv arrived can t play co go stupid work
7431,1,karaoke small town bar wonderful time
7432,1,rossianson invite sent invite collabs too pas word around
7433,1,maxizpad hahaha guess reinforce skate haha remember u r friend semi god gluten intolence
7434,1,sooo pleased sun shining today garden come
7435,0,can t bothered working tomorrow
7436,1,charliestyr hella worth it even need full now
7437,1,got told got good chance gettin job excited omgggg come back want too
7438,1,donmcallister need find keynote one least know go screencastsonline
7439,1,linooo ahhh knowww saw may th th newcastle good soo excited th june bday aswell
7440,1,dance gavin dance attack attack a skylit drive tonight exciteddddd
7441,1,parislisbonne glad liked want more
7442,0,flossalini panasonic charger sorry
7443,0,hummingbird brendonjwilson gregeh leftcoastmama right like cape breton coal mine lesson learned
7444,1,mellalicious call stevie reschedule competition yesterday launch sims luna park day pm
7445,0,itttt
7446,1,cup tea cold tasting really good
7447,0,feeling good all happen today day going friend tonight
7448,1,an other excellent analogy
7449,0,ilovefal b c quot we quot baby phat phat farm applebottoms amp fubu come pretty weak double
7450,1,waking early go gym
7451,1,happy mother day mommy exspecially mine love mommy
7452,1,aussieboby like masterchef
7453,0,mosquito truck waking
7454,0,woke nap ate nasi padang pisang cokelat
7455,1,pimplepopper get copy wanna watch also
7456,0,tom pollard never banned court order
7457,0,oh tired
7458,1,going dinner bb
7459,0,sad
7460,0,mynameisdon always miss out wont able commence foolishness til fall come fall visiting yay
7461,1,today best lt eff yeah lt ohbabyitsashley
7462,1,b wright thank you quot return mack quot jam
7463,0,smiley steph boo miss you age get internet back try fix alo haha like act time time
7464,1,may fourth you happy star war day
7465,1,retrorewind dave thanks playing happy birthday nkotb today bday lonely bday today
7466,0,uggh everything sending you keep sending twitter forward you suck life
7467,0,going fail art final fml far worst semester life school wise otherwise best
7468,0,everytime send email coach feel need practice shitty ball lol
7469,0,chris sab comme estas bitch
7470,1,kadi rude going cabin drinking without lizlove im proud momma finally learned properly twit
7471,0,say everyone busy http plurk com p rouv
7472,0,back salvador wish sao paulo see second concert
7473,1,weekend relaxing one cousin s place watch tv series quot tru calling quot really cool
7474,1,krystania thanks mine bad made card mom nice nap finished work wrote bill surprise
7475,1,jtimberlake snl tonight going hilarious
7476,0,sixjaw sympathise
7477,1,peacehippie loser baha dude gonna come amp put picture myspace really quick
7478,1,akashathekitty read those cool definitely get one
7479,1,josemarques feel like reboot osx supported hibernate amp reboot bootcamp
7480,1,ryanseacrest coffee lifeline thing good
7481,1,megspptc remember cause watching many youtube lol get back
7482,0,lilyroseallen britain got talent rather disappointing year
7483,1,brgd oh cool coming berlin
7484,1,ordered new shirt
7485,1,feelin bit dangerous watch tha vids http bit ly xus
7486,0,neesabear early happy day birth case make it tired therapy today n taking medicine misshu love ya
7487,1,watching snl ucsd girl laughing twitter blackberry joke thought tweet that
7488,1,jbcp separate desk computer side room short divider but thinking need extend ceiling
7489,1,nice dinner mom started chicken roll going cook overnight rest tomorrow
7490,0,shaaqt primaveron mast ladki patata hai chal jiske sath bhi jaye khush rehna will miss u love twpp
7491,1,greegreece thanks gifford lecture page
7492,1,treiz do still twitter com monicafrancesca see gino drag monicafrancesca ginoboi fun
7493,0,day open know do everyone leaving today
7494,1,good morning tweeter happy monday grab big cup coffee new week
7495,0,pilmorelee beggar making feel homesick
7496,0,feeling well today ugh cant go home
7497,1,yaaaay think might aced history test today
7498,1,elliot think bear cuteness early day kudos fair empress
7499,0,oh dang drag hell came today it man wish remembered would gone seen it
7500,0,extremely bored
7501,1,elvishsiao website developing http woo sh let also share video document map event later music
7502,0,triniaguirre miss
7503,0,tummy hurt go away cramp hate chuu
7504,1,best night while
7505,0,meganduffy aww miss u too ate
7506,0,undeniable truth suck talking people good making connection come either strange distant
7507,0,took property
7508,1,paulacampbell happy mother day paula
7509,0,danni haha that s stupid thing still getting gt
7510,0,ingek blip can t get work iphone
7511,0,going miss roomie staycy longer roomy starting tomorrow
7512,0,dorkita buu get right plop close quot urban quot
7513,1,last song american reject amazing song
7514,0,ready weekend sad office tomorrow morning
7515,0,home marco island missing girl already back work
7516,1,chelsea playboy yehh signed
7517,0,ready weekend yay me even though over im lucky person get work day row till get another one
7518,1,watched another episode jonas better hannah montana much true
7519,0,back had great mad monday meeting tomorrow
7520,1,vogleratmizzou yay breaking
7521,0,linkedinbrian unfortunately nowhere near beach fam area too
7522,0,hate pain
7523,1,certainly spring vail co raining snowing mother nature know mountain closed ski season
7524,1,karriedaway look sooooo pretty love dang wish ny could c u ur thang
7525,1,goodnight twitterland hope weekend going great
7526,1,jojowright thank you god bless im going eaat
7527,1,nothing better going chinese supperinn fave cousin am
7528,1,thrilled prom went well
7529,1,ooh lovely ridiculous amount revision left
7530,1,mrfloydnl thankyou much rock
7531,0,bloody exam next week
7532,1,billbergstrom look like great time happy birthday bd girl
7533,1,rap battling second sat moviesss haha quot i swim lake sex quot matthew m ghost girlfriend past
7534,0,annoyed missed mitch benn lemon tree damn what s on
7535,1,holy smoke star trek freaking awesomeeeee
7536,1,jon made one greatest dinner ever roast pork tenderloin bed wild rice bed mixed green amp yummy sauce wine
7537,0,waste life http tr im mlou
7538,0,ninjabetic oh no hope get soon make feel better hug coast
7539,1,maybe cell phone soon yeah
7540,0,missed jonaswebcast
7541,1,inner desire go isle middle mediterranean soak sun good night dream inner desire
7542,0,decaydance nothing
7543,0,hernia hurting way usual tonight way able go out
7544,0,mrsucre lmao sure did luck though
7545,0,kathleen bee coincidently friend cancelled movie date
7546,1,ayende lol army starfleet rule meant broken get job done that s get medal
7547,0,tired
7548,1,went metro diner first time awesome
7549,1,yessss got twin lock welcome twiin
7550,1,welcome nephew christian world
7551,1,queensapphyre so matter bet would great it do love right go it
7552,0,could kill him hollyoaks made sad
7553,1,greatttttt day taking liz home now lt
7554,1,yay me good com final needa step next semester forsure tho distraction
7555,0,car car hospital nxt day gotta go pick loaner car b bein without wheel day set back heavy
7556,0,little boy drowned yesterday lived subdivision went nicoles school sad
7557,0,brookeleeadams hang there health priority right now hate seeing good people get mistreated genuinely sorry
7558,1,socallove yeah get better though know it
7559,1,marycateomalley like simpson that s like asking quot so like breathing quot
7560,1,awesome pedicure today
7561,0,got as kicked tripoly lol got bad card suck
7562,1,list park closure calaveras big tree sp headed weekend glad visiting late
7563,0,set chuck bass new york palace hotel bad filming today http twitpic com nht
7564,1,saw xmen origin sat far best xmen movie amazing
7565,1,cookiemonster ohhh yea film one fave longgggg time any humma humma
7566,1,love boogah anyone contain lebron james talk sick
7567,1,peacepeaceout totally go amazing reason bought tix song blood bank
7568,0,feel sick like wanna get bed bothered go work turn da light off pull da shade n tv type sick
7569,1,morganh thanks great night dear perfectly completed weekend
7570,0,shaundiviney u point pointing yesterday ppl wait til midnight kinda pissed
7571,0,melissapan awe yeah fun revising others get distracted easier gt lt yeah tired revising history
7572,1,aidadoll think gangsterrr as even fit g unit amp know
7573,1,tgif rainy blah outside need sun trying figure tonight want go prov hookah bar
7574,0,sometimes wish hair back
7575,0,crazy night lost key walked home missed papi s call swizzy sad
7576,1,cadistra ah brilliant thanks bunch
7577,0,sbcvandy omg know give stroke everytime go getting mad them quietly window rolled up
7578,1,wooo recovering running race life yest managed min sec bad absolutley trianing
7579,0,going funeral today friend classmate died car wreck last friday
7580,1,ashlierayann ashlie thank you made feel little better
7581,0,bummed retrorewind contest state hawaii
7582,1,hi charlie thank following me nice know there s another ollmann new world
7583,1,jonbongato haha interesting haha
7584,0,hardcore damn frat that s bad good show at least hoping so esp since bk
7585,1,licking chocolate crumb twirl wrapper like zammo smack
7586,0,alyssa milano local pet store get shut last something like that it s horrible animal go through
7587,1,packing trip ascari track thank bacardi
7588,0,cancelling javaone http ff im nzth
7589,0,excited blowing another candle today a kid
7590,0,ugg want go kaylen house cant finna bored weekend uuurgg wanna spend da nite go see go shopping
7591,0,siggidori sorry creating new comedy style quot bad joking quot
7592,1,pen jam cleared click
7593,0,ravenlar s ok trying plot alternative speak sigh
7594,1,chillin roomy can t wait zombie clwn cr gonna week
7595,1,monday blue today me
7596,0,idk im hyper im jumping everyhere ugh let let friday sweeney todd cinco de mayo il party
7597,0,tyefighter sell guitar hero p fund splitting ex
7598,0,surgery effin hurt
7599,0,davidarchie want hear something funny radio right now
7600,1,mintyboi smack head
7601,0,dizzy already third page chapter plop head
7602,0,feeling sad dont goodbye z
7603,0,hate sick especially there s one pamper
7604,0,nothing really going well however currently there nothing else look forward may aswel make best
7605,1,watching cavs
7606,0,crizzoid cant stand summer fever for me weather get really humid lol
7607,0,drive tweetie crazy miss big blue selected tweet highlight can t tell tweet selected anymore
7608,1,perezhilton well even breakdown better act unfortunately britain s got little talent
7609,0,sweet dream i m tired excited might actually get golf morning family tradition
7610,0,definitely od tired but backstagepazz com joke i think want groupie tell tale
7611,0,sampad till ice cream
7612,0,happy dont know reason
7613,0,sorry tweet bgt poor wonderful crazy weird greg fair silly little girl never going cope urgh fair
7614,1,one greatest day ever spent whole day besties amp celebrated installs friend love oh much lt
7615,1,new baby arrived yesterday fab baby boy kilo proud happy
7616,1,mr nickj um nick voice smile eye laugh and he great rolemodel
7617,1,robm retweeted jesus post made laugh worry subliminal code
7618,1,can t stop smiling best mood right now
7619,0,miss talkin turkey really miss talkin turkey
7620,0,got work working night shift hospital hr day starting get me
7621,1,moveout fun thank vt student working make vt best possibly
7622,1,aussiecynic lol yourock
7623,1,hyperopia feeling better it breakfast time
7624,0,oliyoung
7625,0,follower sad
7626,1,theshoctor pezhore ovisuals nvls victory need reinstall damn apps
7627,0,dans public transport decided everything north london that s utter crap southern train alright
7628,0,ugh wish school year would go faster move life
7629,0,wish concept time right now adjusting well obvs
7630,1,night night twit im glad waking saturday work printer broke though
7631,0,music soothes soul
7632,1,monday morning bathing soooo relaxing lady luxury would start every day like
7633,1,http tinyurl com dtb nice photoshop effect
7634,0,way lake geneva miss laura
7635,1,fun tonight make up pillow fight skin wish could stayed
7636,1,raining missed rain much grateful
7637,1,like catep already new follower join midst zombie mayhem
7638,0,going get full night sleep tonight arm get better fun forced use left hand
7639,1,oh oh going shopping best friend today yaay going much fun need get alot new clothes
7640,0,waiting table exhausting foot sore note self never become waitress also kudos george awesome tri tip
7641,0,katebuckjr sorry reach either url
7642,1,sueveeyall haha wish could
7643,0,saaaandra want go tierd
7644,1,watchin favie themandymoore said so then catching much needed sleep goodnight
7645,0,dinob ask mark still old blink sense humor miss
7646,0,right street market rain good idea home fire bacon sandwich yummmmm
7647,0,dont mind long line there super cutie front me bad wearing gay bracelet girl name
7648,0,pretty dang tired chamber class napping
7649,1,http twitpic com hus that s baby
7650,0,either always train work
7651,0,thinking life dream seem appealing give up im jealous every band artist living
7652,1,hit leaving conti boooooooo
7653,1,meghanian think got fixed woo hoo
7654,0,turnitgrey computer broken broke laptop use phone ahh still cause fucked order
7655,1,straighening hair going straight want bummerrr
7656,0,lost dollar always lose money
7657,0,experiencing pain paginating asp net listview control
7658,0,lobster dinner mba folk tonight terasse pouring rain mtl
7659,0,mumalot corrected
7660,0,ezrabutler headache morning after instead
7661,0,one bringing snack
7662,0,barbschaefer yearling pet home died sad whole family
7663,0,waiting someone s sm week nearly month
7664,0,wow feel like ish really feel bad ignorent aholes wont overturn prop
7665,0,wow realized limit quot more quot button suck guess two day max sign twitter
7666,0,amazing hollyoaks poor warren lmao
7667,1,greatkingrat hey forgot that ask steve take mine mate look like liam shameless
7668,0,flashlight hah wait till turn
7669,1,txp hi there nice meet
7670,0,working a p today hour lunch hour work overtime good fact already dead tired bad
7671,0,tomorrow roomy gone
7672,1,byeeeee
7673,0,zobi haha yes hard work too get home am like sleep haha
7674,1,wake early goddam last day bummer
7675,1,http twitpic com jaw frog who s attacking chelsey lol funny
7676,1,dmaul yus really nice
7677,0,st period hate class can t wait home b happiest person world wen home
7678,0,gengenw know make sad lol
7679,1,carolina won yeah
7680,1,home tonight much fun goodnight twitterbugs
7681,0,can t find trusty hair tie hair spill place run mom s band work me normal one hurt
7682,0,kevholditch good director said could go home said back work boo good lasted
7683,1,m nigeria oh yeah know met taking trash hhaha
7684,0,danielbachhuber so tmobile g hummer h wish battery life iphone
7685,0,deanm hey twit watched poor holly britain got talent poor thing people mean year old little girl
7686,0,sad discontinued sesame tofu salad trader joes
7687,0,got little much sun today
7688,1,sentimentalizzy yeah hope so excited
7689,0,jonathanrknight without ur tweet feel lost hit something
7690,1,leahita sweetie lucky too liberty
7691,0,sick kid trump advance planning bummer
7692,1,pink congradts ur show even tho wasnt lol
7693,0,irishjonasfan lol making feel bad coming lol
7694,1,watched star trek a well done think see again want join me
7695,0,hungry if arm core diet would eat it guess wait dinner ready
7696,0,missing used
7697,1,chachada yeah im following you hun goodnight
7698,0,toki wee girl started cry mum came on shame
7699,1,take mum jewellery shopping coffee mother day
7700,0,anant unfair good rock show happen b lore pune
7701,0,sass hahaha sadly one s supposed done individually chance social loafing lol
7702,1,susancosmos speakgirl thx sharing
7703,1,dianaray know excited them
7704,0,got back nom nom s favourite restaurant haarlem sad miss eating there food incredible
7705,1,jae aha thanks jae
7706,0,queetsss thanks babe guess find right person one day til better alone
7707,0,miss dog r i p batman yeah batman i really hope all dog go heaven true
7708,0,lisabernart great meet you thanks use umbrella i hope ate got sleep
7709,1,personal trainr thanks link made smile
7710,0,aweekes haha nope altho train back leeds booked hour early let change
7711,1,school arrange design blog friend think look good http xoxoeternity blogg no
7712,0,doh rush get puma open got pulled over sad
7713,0,cried whilst watching hollyoaks need life lol
7714,1,tottie thank you thank you thought cool kid hang now hehe xoxo
7715,1,sunburned face amp leg fixing arm tooo
7716,0,time house chore ugh
7717,0,xkaraxcupcakex sorry sad
7718,1,saturday partytiiime
7719,1,twitter fam i m hop back aim went ghost y all lolz sowwy
7720,1,awesomeness she come way lol dun dun dun
7721,0,kjnyc depressing
7722,1,jaisey aloha jaisey im excited supernatural back tv tonight jensen fest tonite
7723,0,jennabeaniscool need hug anymore
7724,0,roar fear me samee suck
7725,0,missss friend plav time long day work hahah
7726,0,starving alyssa s mom would bring subway
7727,0,mac user completely given google chrome
7728,0,bored well like one see havent got friend
7729,0,leaving nola today counting second til start cry love place much
7730,0,mshady courgette
7731,0,need play infamous where s free blockbuster rental coupon need one miss coke reward
7732,1,dougiemcfly http twitpic com uc awww shame flued apparently realllly good stuff good luck f
7733,1,heading office quiet stockholm least sunny
7734,0,sensualbodyrubs hope get car today hate anything stop work
7735,0,ha give kristen plenty free hug sigh could
7736,1,good morning all fabulous morning here
7737,0,ready
7738,0,pageoneresults seo voodoo google cache noarchive hide user
7739,0,rodmcnasty miss
7740,0,jenny gorgeous pffff love style want outfit
7741,1,somebody smuggle sydney slave eternity
7742,1,larrywalksfast cool that d fantastic
7743,0,another qi start i ll missing next
7744,1,praxilla kid count day till saturday hope something remember life
7745,0,agarcia r u defensive bus mean me make sad
7746,0,woke amp can t go back sleep txt bff sayin call me sound important hour ago
7747,1,car shopping kacy yay
7748,1,morning everyone
7749,0,th time month spending time garage broken airco time sigh great weekend weather
7750,1,carlie came fell asleep
7751,1,left work inventory way easy got put highschool musical cd amazing goodnight goodnight everyone
7752,1,jason manford awww thats lovely thing u say u manchester x
7753,1,dream world battle evil spork horde later folk
7754,0,roxeecruz ur linky worky
7755,1,avrilchan course u mind old ppl well
7756,0,ekardmatt well man truck many mile away
7757,0,yasminegalenorn depressed already isnt want book
7758,1,last night went really well got cracking shot
7759,0,cashric miss u ceddy
7760,0,bed gonna read new moon little late night night xxx
7761,1,joshwaleigh walk home look amazing
7762,0,wish sun would shine
7763,0,rorzshach wish good tbh
7764,0,miss daddy much
7765,0,head starbucks gonna take bus paradise starbucks missed minute
7766,0,tanning emily bad prob gonna rain
7767,0,judez xo pretty took like hour ursssss
7768,1,lizscherer cheer buttercup rain go away heart always mend actually bet that
7769,0,gatorsnow feeling hurt
7770,0,realrobbrydon hi rob coming back show wale soon missed first time
7771,0,listing old jb music going bck amp lt miss tht
7772,1,yelyahwilliams love haaaaair
7773,0,redhotcopy fell asleep plane watching frost nixon hope work better
7774,1,cbmagazine thanks reminder hope great time
7775,1,devyra hahahaha definitely still writing
7776,1,missjerilee welcome twitter friend
7777,0,shoot mile
7778,0,lilmoever mad wont there ughhh
7779,1,despite rain fantastic day
7780,1,gettin ready hit mall w my mom amp jayden thing w faith
7781,0,panera eating bacon egg cheese coffee http twitpic com jip
7782,1,boopboopboop still talking ashley amp brittany talking ashley forever convo still go place awesome
7783,0,home school shitest day today
7784,0,season lie serious damn come wait
7785,0,sleepy feeling weather ugh damn tonsil need company somebody talk too
7786,0,book today well could bothered work weather good
7787,0,there much light pollution see star
7788,0,sulking home rained poor strategy watching sun shine desk robarts reference room
7789,1,chillin home day yippee wish youngives keep company
7790,1,lennykravitz hey lenny waiting bulgaria soon concert last year wa omg
7791,1,wishing blacksocialite happy mother day
7792,1,sarahnd nearly month exciting
7793,1,andeedrummer yeah go always brings u thing let last something called quot bird milk quot
7794,0,last class scott julie today going miss them bought bottle champagne congratulatory gift
7795,0,thank google adsense payment aussie dollar strong
7796,1,jords good morning early feeling enthused design life thanks manics phrase
7797,0,rebeccablack sorry ahahah rachel look much like
7798,1,yummy yum cha mother s day mum dad arcel egg pant yuuuuuum http twitpic com wx
7799,1,charmainelhs must insist write essay twitter way character
7800,0,pool fun without tim it
7801,1,uhandbag enjoyed peg bag adapted design tote bag bit cuter normally
7802,0,omg icecream
7803,1,danielradcliffe nice see tweeting sunday th may celebrating mother s day today nice yer mom
7804,1,strawberry margarita baked stuffed shrimp
7805,0,soo tired head hurt love andy sooooo much
7806,0,friend s son got visit daddy yr denied cuz daddy lost job amp could pay ton support kid want parent
7807,1,evidence conviction absolutely hilarious make day every time http bit ly lrolj
7808,0,good morning today last day quot freedom quot back work tomorrow sorta stoked not stoked well
7809,1,iampritty oh outside glad see melt
7810,0,beyonce help day starting get sick
7811,0,survivorqueen can t shes taken key muh car
7812,1,xstaylor lol considering recent debate dl touching bad boy thing like logical one
7813,0,banged bloody foot ow
7814,1,happy mother s day
7815,0,asombroso bahahaha love gabriel absolutely fucking hilarious
7816,1,mzjennx uhh congrats two year anniversary
7817,1,star trek sooooo awesome spock kirk hillarious im seeing again sooon
7818,0,last day tv up front w colleague sydney paris london
7819,0,powerdvd want play pushing daisy dvd want screenies make icon with copy protection gone bonkers
7820,1,gfalcone def cheese onion however back state month finding bag salt amp vinegar they tasted great
7821,1,wolverine much fun gambit bit disappointing neither smooth cajun enough taste pretty though
7822,0,definitely working sunday afternoon late evening
7823,0,uploaded new blog painful story s year old man cried wanted die sad
7824,0,decided can t stand guykawasaki s alltop spam longer
7825,1,divadivachrissy lol wat u making come da way overr for v
7826,1,oops forgot shave leg byebye favorite cousin bklyn two night row go hardd
7827,1,finally home tomorrow day quot amazing quot
7828,0,soooo cold amp ugly out
7829,1,playing munchkin today talking cake getting ready yard sale tomorrow looking forward
7830,1,charley bum lol minute slow sec fun tearing old poster putting new one
7831,1,tommcfly wishing could sï¿½o paulo show fortunately went brasilia one haha
7832,1,mornin world hmmm supposed early oh well
7833,0,awe gotta go mom command sleep already
7834,0,grahamcoltonfan hahah too except haley get hit car yay leyton
7835,0,school over gonna miss bunch people
7836,1,finished ysc runthrough service gonna awesome http tweet sg
7837,1,vengeancechrist hey girl sent ya message myspace
7838,0,sad tea oatmeal cold
7839,1,journo at work agree totally think though take point everton liverpool beat man city happy day
7840,0,wanna watch quot up quot badly
7841,0,way many people cry school picnic decide want go back go public confused sad
7842,0,go school reviens ï¿½ h
7843,0,eddieishere walk street london town no field
7844,1,blanquis morning hope super day enjoy
7845,1,another amazing day ever since got twitter great day
7846,0,lakers stu lantz awesome miss chick hearn tho
7847,1,steven morale like you mean random person obviously know you but think alike
7848,1,eating chatting computer really bored think going tea haha listning s music wooho lt
7849,0,despinacook least firmware upgrade buying time get tax return really
7850,1,planning install window tomorrow probably new post another day least
7851,0,dont wanna work tomorrow get paid
7852,0,truss failing http yfrog com upj
7853,1,already finished chatting haha
7854,0,hey guy sun make day gloomy
7855,1,mistressb happy provide backup support murderous rampage
7856,0,just cal work or hehe mind gutter sittin doin student loan thing
7857,1,sabrinabryan hi name chelsea respect opinion come dwts great too
7858,0,nite tweeple tomorrow day work
7859,1,isabellacane thanks gonna make joke say look like mine
7860,1,hi friend ummm thanks follow enjoy ride make many trip i will u u gotta go get
7861,1,alkaline trio sweet save day sucked great time anyways awesome seeing everybody hangin
7862,0,tracybelle hang you but tennessee
7863,0,nileylover well i m little bit sick i m fine
7864,0,bonescrazy week too but biology exam revise bone time limited
7865,0,curren y spitta caught traffic around howlin wolf min wondering wth going on musta nice
7866,0,went shopping sport tour yesterday garley funny need brunch shower
7867,1,wildflowersweet lol hell yeah
7868,0,ever realized never fully everything want feelin down
7869,1,scary hooked wire n printed sum graph ohhhhhh
7870,1,davedays heard one song amazing voice stunned
7871,0,bye plurk muna back im done reading book http plurk com p rqc
7872,1,beautiful morning mountain
7873,1,tagaytay family happy mum s day hot momma s
7874,0,andyschwartz nah actually sleep data recovery place called woke
7875,1,getting hair done bout hit club ha see u later smooch
7876,1,yummy taco jack box
7877,1,neilmcdaid look class water splash look real looking forward review copy
7878,1,fight club th anniversary re enacting nice tattoo http img suicidegirls com medium album jpg
7879,1,happy mother s day
7880,1,feeling really good performance ap government amp politics exam morning going lunch krista
7881,0,fjdskal im really frustrated
7882,0,darynjones youtube account down
7883,0,oouchhhh pinched nipple accident trying fix top
7884,0,screaming like maniac thing u scream ride sucked fun everything so
7885,1,good stuff smile back go concert too o wish could instead working music failing lol x
7886,0,kmaco probably bed depends aide today
7887,1,enjoying new car
7888,0,lol stay hour keep missing tila s last post
7889,0,saw amazing heeels big
7890,0,head hurt
7891,0,oh no read going remake girl wanna fun stop hollywood just stop
7892,0,gonna happen
7893,0,pcdnicole sad u cancelled silverstone show better see u sandown park
7894,0,realllly miss parent backyard hammock reallly bad
7895,0,don iain well team
7896,1,stday dude eerie good song though good movie
7897,0,prncsztalia hate me
7898,1,im really really excited try guy
7899,0,aldenpolicar sad saying fat tear
7900,1,jaysodmg heyy jay wat s going witcha amp want twitter background already know gotcha need anything
7901,1,ebassman got two ticket one speeding one tinted window
7902,1,lopezwilfred yeah course
7903,0,noiseporn would defo done im already booked t other side country
7904,0,watching quot sicko quot utterly digusted country
7905,0,dtothealex really alumnus know myself mac yet there
7906,0,owww think tore something leg
7907,0,amymonzon booooo senior yearbook suck thanks memory bh
7908,1,filos elliottucker thanks r t hoping classy follower
7909,0,tummy hurt
7910,0,getape bad net issue wed broadcast tonight tho tune new anthem bad mixing
7911,1,phone w chantellie lt
7912,1,gdrage lol teach blindly trust amazon search result without reading
7913,0,ac fan doesnt swing way sweating hot humid day
7914,1,great exercise sunday morning quot stopping wheel karma quot r a w transforming negativity love life
7915,1,lifebychocolate alredy chocolate impossible resist
7916,0,running around town kathleen she s leaving month
7917,0,freaking bored bus hate poor ï¿½ return min train ï¿½ return hour long bus ipod battery
7918,1,dannywood good morning hope enjoy run amp gym workout morning can t wait hear new song lt pennie
7919,0,pic wont load twitter
7920,0,working home today back killing doctor physio later today
7921,0,jovialhoney guy adopt me yall always fun stuff y all take trip miami go arkansas
7922,1,finally blessed see moon
7923,1,lovelylu nice i cleared head
7924,0,view flickr account maybe much you happy yay http www flickr com photo bonassin
7925,1,finally going bed woo hoo gotta work am lot love all
7926,0,missing ontario
7927,1,quot bad word crutch lead tattoo peircings quot hahahaha
7928,1,dmcox fantastic day az sun
7929,0,get callback play cried oh well guess back techie
7930,1,feeling happy despite amount work need today happy time
7931,0,kev watson sorry address wrong put samuel address sam stupid brain day today
7932,0,spiffums near him
7933,0,bored always much fun companion missing bff alreadyyyy
7934,1,latinavanessa sooo ready beautifyl day
7935,1,robtsmith good morning well rob great day
7936,0,hot sat office wanna sun shineeeee
7937,1,someone thinking good luck lynny tattoo
7938,1,live long prosper fb
7939,1,keepinupwkris hope great day tomorrow happy mother day let u know
7940,1,big shout home girl know
7941,1,thanks mosskat little star offered come ja weekender dunno afford go looking now
7942,1,kinahboo imma miss dem kobe nd bron commrcials wen cleveland get knocked doe wer funny
7943,1,rayamartin http twitpic com wlpv whooooooooooooa ang ganda ko dito ha thank you
7944,1,snarkandboobs lol liked log ride reference think think ride wet get
7945,0,traffic jam rubbish anyone know what s going a cowbridge cardiff stuck direction
7946,0,listening opeth trying think missing show san antonio failing
7947,0,work tonight get paycheck
7948,0,sadly bprohibiting tweeting tonight sorry
7949,1,jaimemcknight yay mark issue too you ll find lot issue lmao
7950,0,want join drama practice today can t
7951,1,markman happy mother day mark
7952,1,omg brings back high school day http blip fm ygpg
7953,1,morning got coffee
7954,0,pinkpop weekend amp got ticket meaning bruce springsteen oh well wwwwweeeeeeeeeeeeeeekkkkkeeeennnndddd
7955,0,watched bgt catch up aw felt sorry holly
7956,0,kenyaimagine much injustice imagine now get worse get better afraid doubt here sorry
7957,0,http twitpic com tw square b sad she s well square crocheted bee poly fibe
7958,1,want food
7959,0,heading home could really done without banging head way bus
7960,1,finally left house gloomy outside
7961,0,dam vote gonna win anything
7962,0,tummy kinda hurt
7963,0,sadly know lot woman like song http blip fm af
7964,1,beautiful day hangin guy graham josiah lol waiting others wanna stop come food
7965,1,yay go taylor swift come australia again
7966,1,allearsdeb http twitpic com wyj wow fancy
7967,0,theemptynest before sometimes turn thing felt forgiving remould cut re form
7968,0,tinylegacies sigh ah well maybe second email clear get approved
7969,1,st ty follow back nd grrr don t cuz mess able follow others u want ur
7970,1,http twitpic com wsm love family guy hour work go
7971,1,way home aloha good night everyone
7972,0,mssbxny artery tomorrow hagen daz
7973,0,anachronous miss
7974,0,jeremybeguhn fun without meee going missss youu
7975,1,back home had great day http plurk com p svkc
7976,1,skipping school w carleigh today u barley got hr sleep last nite got new bby kitten shes black
7977,1,happy birthday mommy
7978,0,im watching tv home wishing could get chicken shish delivered go enough penny
7979,0,im dreamin loud cant mine know
7980,1,ifelixgonzalez really look like going rain gray la bummer sumtimes
7981,1,oooh apple trending topic again xd yay apple
7982,0,somebody get work tomorrow
7983,1,omg mummy bought ice cream
7984,0,dagnamit latest power twitter update pant clickable link
7985,1,people mustache get super power mustache fair
7986,0,hate working night co really able enjoy gorgeous weather asleep
7987,0,living ignorance
7988,0,gonna go brother show still feeling like poo
7989,0,n dubbs curse you igloo dweller
7990,1,dotboom defiantly watching it work streaming leave
7991,1,word minute speech s teen movie due wednesday blah blah can t wait glenn ball
7992,1,still awake doing assignment playing virtual farming
7993,0,sars really got down
7994,1,finishing giraffe getting sleep super excited tomorrow
7995,1,bookaliciouspam hey welcome va lol muggy dc too worst part summer say
7996,0,sirhova supposed go philly well bailed last minute
7997,0,asked sing yet again aha coffee mornin time psychology past question amp revision suck
7998,1,packed amp leaving canterbury office amp fab qa amp v colleague last time great bunch people miss xx
7999,0,got text guy like name guy do disapointing
8000,1,ceemce home friday make too
8001,1,excited see samantha amp denise http plurk com p rrid
8002,1,worth spose
8003,0,iï¿½m jbobsessed xd miss soooooo much live web cast bookface every thursday xd
8004,0,head ache tom s call time really early show start pm recovered like photo already go
8005,0,hour left teenager ill sleepin hour depressing
8006,1,i dulay swear took hour get bel air alabang yes loved reminiscing hk trip amp cdeocampo
8007,1,grrrr cant even enjoy b e a utiful day finish damned essay philosophy
8008,0,today going normal day hope group pilot large airline come last night much drink
8009,0,someone stole new laptop airport even used it guess u economy breeding new set quot opportinists quot
8010,0,dragonblogger pleasure really enjoy random word poetry disappointed miss participating
8011,0,enjoying nice couple dad brother bad never really see anymore
8012,1,may human kindness day
8013,1,zobi cast true blood
8014,0,oddo s grandfather passed away sleep
8015,1,feel home back church
8016,0,watching dr phil s special same sex marriage sad ignorant people
8017,1,eagle make saturday night much better
8018,0,binstruct suffers update mib package developer package holiday
8019,1,kevinriley heh thanks adorable plug cough info at www samstephens com cough cough
8020,1,theonlysv haha nuu solo qoincideencia en seriooo
8021,0,storm electricity gone
8022,1,justinbazan maybe got hour ago awesome night nah can t it
8023,1,ouvindo quot the wonder dream quot melhor banda mundo que nunca existiu pra comeï¿½ar bem dia
8024,0,eshsomajor dare u love making made email im stranger u never replied
8025,0,sweethomebirth link working
8026,0,happy bunny
8027,0,lip pierced minute died
8028,0,aww anyone see hollie steel bgt tonight wharra shame
8029,1,dougiemcfly good show guy wish could see
8030,1,art show dee s place woohoooo
8031,0,morning again hate morning offensive
8032,1,short work week
8033,1,exhausted great weekend looking forward week
8034,0,can t get bed
8035,1,tuffyr cute manly cute course reminds scion
8036,0,zachsang nina picked call lastnight didnt know talking like totally didnt answerr
8037,1,follower more for twitter party
8038,0,last night bad guy tried enter garden alone really got scared now feel really stupid funny
8039,1,love sunshine happiness brings
8040,1,alexarpd nice action shot http bit ly mzfx miss working pole dont see client everyday lol
8041,0,want korean bbq baddd one come
8042,0,hubby went pick fringe comic today store work store business too comix houston web
8043,0,sibling left alone bored
8044,1,mahnameisjerik thank
8045,0,outta shower bad justin spend night haha
8046,1,good day tuanyia mirandaspazz augustblossom amoremotore http blip fm yomt
8047,0,redbaff popcorn fruitcake now but chocolate
8048,1,work gettin paid sit arse guest yet mum comin eexcited
8049,1,say new layout cute x see cuties hahahah http plurk com p suqp
8050,0,crust there s air
8051,0,dreading hearing even worse news tonight
8052,0,jessner suck majorly swamped so twitter i know but still golf tournament
8053,0,kevincl here going browse sa get bored
8054,1,kayles yessss doe yay told awesome
8055,0,itsfrankybitch dont make sad agree tho need sa s magical lyric
8056,0,where s poss miss
8057,1,tschryver ahh yay gonna get it
8058,0,trying spending time away reality broke heart
8059,1,angelemotion yayyy new video amazing people
8060,1,joined twitter thanks m amp m
8061,1,got home another wonderful night
8062,0,dont want ugly anymore
8063,1,redheadlori happy mother day
8064,0,im hungry nothing eat
8065,1,azmomofmanyhats rocknrod gailelaine sarahstanley good morning pretty outside today
8066,1,painted nail metallic blue iï¿½m really sure look itï¿½s pretty weird color think itï¿½s cool
8067,1,cryswinchester hahaah cry blowing fuse typical move
8068,1,marisette weird maybe update sent phone haha
8069,1,iced coffee christ tasted nasty
8070,0,wish bank holiday could radio afternoon least another week come idea
8071,0,lost voice torture
8072,0,feel really sick
8073,0,antidepressiva get motivated fact know wake productive go sleep in though
8074,0,majorspoilers majorspoilers com problem cannot get site working
8075,0,crimsondreamer bueno hollykins need feel better asap p s miss you done uni soon you soproudofyou
8076,1,salute chapel hill north carolina sy http blip fm jgj
8077,1,thanks concern guy stitch later well whew
8078,0,got caught rain sand monsoon way home even though looked like complete idiot
8079,0,mitchelmusso wish could call live uk cash call
8080,1,first up make lost time jelly jalan jalan u rollerblading pumpkin happeh
8081,1,charavel nice gimmeh nice stuff
8082,1,havingmysay dude favorite sandwich place ever ummm take picture
8083,0,summerkristine want go walking me still miss satan
8084,1,who the heck haha lol english work doo college
8085,0,aonir awww sad download copy you
8086,0,orbicule wow great promo orbicule english translation somewhere norwegian good
8087,1,mrssunshine big now vanessa going september going fast hard cuz im workin much miss alot
8088,1,steve berra happy birthday
8089,1,jodiontheweb hilarious hope saw crosby douche shirt picked wore bc it
8090,1,questcon gave great smile nice way end day right
8091,1,bryonycatrin hey hey else twitter
8092,0,wossy killer best bit disappointed last song cut short watch full iplayer
8093,1,mood way much fun lol love dance techno lt life love stress amp amp set back lt gnite
8094,0,kristphr anything sgelectra sorry man patsy generally
8095,1,aub dang too hour drive bad daughter st bday party hosted donnie
8096,0,devontebrown cuz love me dont make sad
8097,1,manang back great dinner super busog o
8098,1,okay really going now stop making laugh like that
8099,0,chezery im going work married wud never see
8100,1,falling asleep listening james taylor
8101,1,woke up breakfast online every morning except holiday weekend haha bath school
8102,0,smiley u lot bad thing r gonna final next week
8103,1,wonder thomasvanvliet is maybe help me inherited can t withdraw
8104,1,met mother scrub role yeah quot cause fly
8105,0,good day till twisted ankle two mile run
8106,0,cinemachic failure using lacie drive
8107,1,shaylasenzafine haha yeah th may lol im greeting advance haha
8108,0,desperate need tweet cheer
8109,0,feel crappy today
8110,1,danacea happy star war day
8111,0,shower time
8112,0,ssisch hmmm sisch amp sound design say soon mean week
8113,0,hammett wish could time xbox project tied
8114,1,need write really bad someone go get diary flat
8115,1,today goal tweet work im good start havent left house yet welcome new follower hope bored yet
8116,1,doctor death well impressed technical skillz
8117,0,ashleypeaces left sad waiting mom come home want papa john dinner
8118,0,gfalcone ino o near cry sometimes forget actually live tv am talkin sme thing sxxxx
8119,1,lgdadon make perfect sense guess earth thanks reply
8120,0,finellskii fun sad guy
8121,0,bill pritchard come dont see u come dont see u better question lol need change mister im sad
8122,1,moonfrye happy mother day
8123,0,serenity fair
8124,0,drinking instead beer airport beer least carbonated http mypict me zu
8125,1,officialtila thanks interview mama enjoy night
8126,1,loveloyaltylife impressive way
8127,1,mother drunk grrrreat okay mother week
8128,0,juicystar man wont home co host you xo blair
8129,0,shipwrecked weekend license suspended got cancelled can t take risk driving one life near
8130,1,watched movie holiday forgotten feel good movie wa lovely evening
8131,1,xjamx lol wow that s good haha still can t believe mother s day
8132,0,fall in love aww too miss you
8133,1,travel blog running http charlenedianetravels blogspot com can t wait start filling entry
8134,1,ohaigabriella o aw frank like movie cool fully understand think that s cool
8135,0,mraeannon thank u know miss u ill take pic soon get need email txt something
8136,1,played okami hour today
8137,0,sad duck day
8138,1,good morning everyone
8139,1,week mine easy finally over
8140,0,sad panda hulu elephant show skinnamarinkydinkydink sing alongs me
8141,0,slicksean love that and think easy think enthusiastic
8142,0,start least favourite chore mopping floor
8143,1,lccsweetme haha that s way cool good morning
8144,1,isuhin dear going fucking kiddoe going sit doing nothing awesome wheres shopping lt
8145,1,good nite everybody lt baby boy gt
8146,1,micar yup get better s
8147,1,kitankhamun pitty wasnt arnd huh wld rlly wet myself otherwise wedding gr gd time amp lot smiley face
8148,0,long sunbathing burnt
8149,1,umm yeaa go like watch movie link com something like pretty good quality
8150,1,msknitsox thanks amy full hotness
8151,0,costume shop cleaning starving bring food
8152,0,jonathanrknight welcome back stuck jury duty today
8153,1,chriscuzzy now going back bed lol enjoy time gym sleeping
8154,0,going bed watching bit qi wake tomorrow face start last summer bath bit gutted atm home
8155,1,jaimie tv lol girl young college yay congrats u downtown graduate at
8156,0,going sleep
8157,0,lightsresolve mad cant go that you re like hour away me
8158,1,playing skate two hour need get actually skate late
8159,1,jami hirsch thanks follow wish plan open shoppe tc economy turn
8160,1,ah thats better snow patrol stuck indoors still weekend coming fresh air excellent hope sunny
8161,0,fizzythoughts boo work beatwittyparty least still here
8162,1,colman thanks
8163,1,happy star war day lol may force strong all
8164,1,still working mom s mother day gift shh slideshow
8165,1,mjcatz thanks let know print gallery would like work detail
8166,0,oh obviously back stupid sleep schedule luckily church tomorrow
8167,1,rachyzilla still infamous liverpool store manager helped set said awesome y
8168,1,happy mother s day
8169,1,christian mobile directory running month old visit http tiny cc caribdir
8170,0,cry real tear
8171,0,lenje still pity come lamb though
8172,0,tgif i wish saying applied me work saturday
8173,1,everraven figured bouncing
8174,1,mizfitonline lance morning happy mother s day miz thank lance
8175,0,ugh going skool
8176,0,sad miss friend
8177,0,nooooooo sue retiring no
8178,1,good morning hoping throw back coffee like right now
8179,1,time school feelin good jog good aloha
8180,0,miss soooo much gonna see month
8181,1,zenithus least next year big wide world me
8182,0,im ho didnt go tigerheat tonite
8183,0,producing pieterbickford anchoring sad goodbye miss lynne ashminov miss you
8184,1,finally work
8185,1,wortje bag look stylish congrats
8186,0,keeganfrank want here
8187,1,erics thank you know really love bhb
8188,1,decadentdecay chica two day want u elle too
8189,0,know told didnt want stay home lied really want stay home
8190,0,slowly reallizing burn got work hour ago really suck
8191,1,ice skating last show part morning mozart awesome can t wait friday saturday love u
8192,0,crappy music radio
8193,1,melindarice here long get watch somewhere happy
8194,0,sad wont able post new fic morning
8195,0,good morning beautiful today shame going spend day unpaid taxi driver
8196,0,bgt made cry tonight
8197,0,mamahinai list paid get in you cant go out gettin hot went outside
8198,0,walc er ready cry going long day reminiscing
8199,1,infamous p awesome eye sore though
8200,1,girlsmadethis want kind designer suggestion darl all men womens anything formal street alternate whatever
8201,1,celebrating engaged year handsome aaronmbaer
8202,0,going bed with sexy time ughhh
8203,1,yay dad agreed pay tuition equipment yipee till nxt jan tho
8204,0,darkmornan disappointing
8205,1,maynaseric good luck auction
8206,1,tech animated thanks much everything do sorry hurting
8207,1,bkkrakora ew used get quot suicide quot high school mix like soda together drink it think remember enjoying it too
8208,0,jayresc n u can t change profile backgroud neither
8209,0,joooo no geek mind think alike
8210,0,hate waking early need make hr pharmacy class gt sighhh news breakfast time
8211,0,willynorthpole wish
8212,0,no adventure time
8213,0,ferretwho defeated polo
8214,0,friday night working
8215,0,mikeandbobshow awww nice
8216,1,maccabees new album winner everybody take listen fact
8217,0,melissajeanine ew sorry zach
8218,0,lot reqs today fun
8219,1,going shopping place thingie brb laterz
8220,1,lobbying twitter too yuk gettin rid groupie
8221,0,failed cutting peeling mango hah weird trying father like nothing
8222,0,want new lappytop now site say till
8223,0,mitchelmusso sad love talk live uk can t wait new album please say hi xxx
8224,0,heading work friday off
8225,0,took guy think bluff three time row get away it back showing shit work
8226,0,cinderell bad luck oh well next time lucky
8227,0,launch today teacher changed plan watched stupid move tesla
8228,1,swrightboucher hi susan read blog really good look forward tweet update
8229,1,toxicsociopath awww well know youll back visiting xd hang constantly another heartbreaking goodbye
8230,0,rorzshach oh hug
8231,1,got new dog
8232,1,agonisingnewt morning newt hope well
8233,1,toy story june can t wait long
8234,1,watchmerise youre welcome you deserve it
8235,1,two week left middle school gig full time work summer teaching credential begin end august
8236,1,apparently today happy star war day suppose say may th you
8237,0,everyone left gone bed
8238,1,vengenz lovely attempt poetry
8239,1,subclub wa took advice enjoyable small alone would ve come lol
8240,0,ringqvist seriously it get sadder
8241,0,patio weather kirkland also launch yer boat weather except missing boat part
8242,0,captblackeagle miss captain
8243,1,crzyqbn that s awesome dude yay surprise celebrity got meet year ago soooo friendly
8244,1,f nadzirah thanks
8245,0,gjerninger sure want know http bit ly auuac make want run news happy star war day
8246,1,cldoug jana laughed told anniversary tweet
8247,1,awesome lucky
8248,1,swedish em ok guess talking biiip right now or on sm haha well you
8249,1,bed happy mother s day great one
8250,0,played show tonight chinnerys southend snapped guitar strap ripped string threw guitar across stage
8251,0,well gotta grab least hour half sleep girl s get school gawd life multi taskin night mornin
8252,1,using old phone gosh miss phone
8253,0,phxphoto kidding there ugh one thing know sure showing property weekend
8254,0,etsy never noticed right guess that s heart always dreaming travel
8255,1,mollieofficial congrats mollie wish could got ticket
8256,0,wish could take pillow school dead serious
8257,0,hm still workin contract hmm i m feelin awful
8258,1,adamcrooklyn good morning broham
8259,1,lemurtoes pretty good actually lame episode otherwise good give try
8260,1,gooooooood morning camper happy mother s day
8261,0,time get game cancel th season like show
8262,0,skewp miss baby together haha dreading taking kennel
8263,1,alright day going well got home potato salad gone
8264,0,ninjapixie sorry loss know feel lucky cat
8265,0,lost internet raid o
8266,1,omg again buying dvd yeahness another good movie also thanks movie buddy
8267,0,lindseynhess agree great day window see it
8268,1,going cincinnati day sunday visitin old friend brother korea date someone special
8269,1,whitneyeve love new hairdo haha live ny too yeah really hott
8270,0,dang ldbf didnt give follow friday shot
8271,0,yaseminx know hahah xd cha doin
8272,1,jurisdiva looking like magic
8273,0,found none
8274,1,nevermind beyonce twitter haha
8275,0,kinda pissed boy like girl gonna kentucky kingdom date already show
8276,0,vincew stefanyngo fell asleep beach put enough sunscreen lol
8277,0,really miss phone cant wait till new one come
8278,1,quot i love knowledge love thinkin fressshman fressshman quot pellericious math song
8279,0,dammit forgot go canvas shopping today
8280,0,lilabiem awww meee haha gonna make saddd
8281,0,wondering come mcdonalds take long deliver food
8282,0,addicted home
8283,1,reading book sunshine goona good day
8284,1,owenong look good making hungry boy stll asleep
8285,1,mitchalbom much enjoyed quot whats name quot article
8286,1,tanahuffman mmmm macrina bakery
8287,0,let down mri today neurosurgeon order it which mean come back okc soon amp nothing new
8288,0,laurenlovesjb can t grandma probably phone get aim
8289,1,sugarreddrive thx following r band kind genre play nice meet
8290,1,watching quot look star quot mom lub ah c hehe
8291,1,great night
8292,1,also twitter follow u know latest
8293,1,got back embassy missing one paper go monday good luck me
8294,1,updating live benihana tokyo waikiki happy birthday mark
8295,1,school school school today seems like going great day
8296,0,crashing wi high missing mayfield
8297,1,michaellington hahaha made laugh
8298,0,allowed calculator exam despite containing lath impossible compute head
